Unnamed: 0,logpred
14282777,4.9918294
17029381,5.808272
7824740,4.9056387
19811650,5.8616667
12410741,4.7253656
19589738,4.724578
15470255,4.9668827
6128434,5.260204
18358465,4.5628934
8760362,3.645056
11755946,4.5807323
8327302,5.6150527
13884363,4.550575
6103273,5.689186
18724232,4.469075
19086978,4.058456
6834210,4.3826795
9013556,4.646702
11759260,5.1864486
8382187,5.2794566
1840445,4.282286
15202859,3.929872
18361399,5.2166147
17881079,4.033246
16227150,5.610994
9770459,4.981982
4341518,4.7719903
10516580,4.9867845
16416474,4.7232842
5085892,4.9306526
13697587,4.192247
12158766,4.295595
5386312,5.3475113
17692345,4.2710543
16026765,4.8552
18505615,4.172827
2262885,4.758654
16674812,4.257949
1628130,5.1076264
15379798,4.841377
20173503,5.9455194
21173342,4.767724
10019796,4.143453
13116069,5.3885775
16245464,5.036509
2298801,5.2379165
884803,4.9445972
16480090,4.6056294
9855805,4.0744305
11407704,4.160612
15572980,3.965326
8457785,5.4105477
4115403,5.4911847
10138784,4.856547
16592678,4.593842
7194843,4.9255652
20754111,5.2532887
19808904,5.270527
16240085,4.1320825
16390897,5.528662
15217021,5.487287
2899177,4.36125
823880,6.841597
17960485,4.551758
37197,5.3872843
17843177,4.73488
20872950,5.6948743
12028495,4.709617
14824136,5.3777404
5084563,4.5891466
9168809,4.600509
16490010,5.1870527
752084,4.5551724
1391683,3.9424322
13862932,4.665514
18969917,5.402859
2536255,4.4137497
7401453,3.9021106
8048838,4.7138214
17094930,5.2240458
1213652,5.2768106
18650533,4.9107366
18428776,4.326934
3497750,4.552582
12784763,4.6518445
10166945,5.329018
17024368,4.765373
10550345,4.1803484
12135309,5.530859
17845579,3.7858775
17887871,4.1795597
20310828,4.558348
16367772,5.203617
14007277,5.1899257
10187948,5.073481
1979502,4.965709
4025466,4.6640897
7010681,4.3990064
2210088,4.763445
16487475,5.0286794
7132520,4.4145756
6329731,4.4839845
16633430,4.8067884
1586489,4.1328673
14556587,5.9501753
20332537,5.6803536
19504228,4.491282
7124926,4.2764106
724656,5.420993
17857598,5.599601
7198878,4.030718
1954429,4.572559
17552926,4.5417933
18947464,5.122097
555596,4.195547
8687518,4.004843
2754975,3.8537066
15591048,4.855802
68403,4.833789
16123133,4.096553
16545677,5.5473833
9909328,5.5574555
9372609,5.0378
15507297,4.2420254
3104839,5.856274
5628808,5.2081366
10043483,4.1743617
13882820,4.889393
5804060,4.9874477
13880330,4.523648
16515346,5.2257037
9734018,4.0903697
13343870,3.437667
10102418,4.555103
20903084,5.188572
17642625,5.895187
12547180,4.2814894
15509545,4.079621
253466,3.7061853
13223336,3.9352713
17152842,5.384888
8411226,4.862487
16234017,5.257934
2627940,5.319046
13669161,5.030827
20933293,4.6301723
7930895,4.1699824
16812656,4.0266867
13031184,4.6950893
476919,5.856533
20729133,4.0322704
15755492,4.3415475
16707888,4.149102
3466620,6.0506067
17498442,5.8673153
12364198,4.7005444
15942888,4.888128
20969932,4.5765014
11363122,4.242544
18667247,4.8085203
10672015,5.129093
12008897,4.613292
10230060,4.8968086
12630408,4.9505086
14186084,4.407239
16160310,3.4159358
3454343,4.4941354
6135485,5.472199
12544280,4.6549497
13276066,5.414463
2503128,4.5597067
3717427,5.0379715
16441864,4.302997
10058134,4.803423
13346431,4.246389
15740950,5.980091
13080618,4.905717
17865806,4.232848
19777573,5.165121
11064084,5.139033
8850423,5.116283
7472068,4.8107405
10779412,5.792562
331450,5.007806
9347680,4.6857915
12955368,4.601461
12231352,4.5413656
16004577,4.647909
7311059,3.7590222
4663928,4.555574
376559,4.8880453
13591611,5.1407013
1656621,4.7233605
18314314,5.1632338
9791362,5.3768625
61153,4.003831
3868503,5.4137797
19192001,5.514137
15990034,4.945648
18637173,4.7404866
18331809,5.207543
18296371,4.6684437
14038936,4.061766
16870359,4.6664314
271130,5.027112
14169399,4.300073
9734844,4.3299217
12875096,5.3316145
12803399,3.958636
15871074,4.933141
3953322,4.4411297
12230297,4.654443
13860706,4.8360596
5360210,6.6354647
12973167,5.014073
15057743,4.3427896
17750227,6.2264433
3544343,4.716053
11434047,4.159263
8649889,4.568595
1907186,4.1916575
10156269,4.956618
248865,5.6389875
7274441,5.6749854
16122843,5.736617
16002608,4.383652
5364134,4.9660306
2979052,4.6769342
14066228,4.61181
20581837,4.546244
20395728,4.362576
12569486,4.2761226
7518816,5.0950522
4137789,4.3719697
9633282,4.636261
56859,6.335153
16098984,6.301341
6259989,5.816739
7939407,4.005757
7517579,4.154804
18730787,6.2334223
13615838,4.220403
6504030,4.493683
2176963,4.6725144
6107258,4.5738277
3318417,4.149539
6222260,6.2143025
17479706,4.949734
19334291,4.4370155
4296362,4.527546
8627179,4.763482
12454870,5.705822
16042019,5.5378466
14189240,3.8619733
2488022,5.7761345
18369887,4.6450233
17774890,4.260389
16082400,4.1017594
7020322,5.6586447
14774411,5.3225493
3852970,5.057098
15870268,4.14912
6043296,5.4786816
14221607,4.1349125
17073983,5.205678
17991551,4.4249716
15343720,3.804889
2598841,4.519741
10783121,4.8597445
5496554,4.1677165
13379739,5.2333636
1944155,5.0732584
13564007,4.697488
20817835,4.1655917
9473440,3.9003658
16359470,4.938433
11150475,6.291219
13094264,4.4238653
1822183,6.1291213
12518189,4.345353
12455369,4.713324
15468914,4.940516
12905131,5.3431826
181972,5.08091
20146269,4.586021
17846157,3.8609617
12270642,5.455514
13514141,5.1212234
16618112,4.626955
7382491,4.911028
14696763,4.5561194
1090297,5.3724923
9473816,5.9245353
17515103,4.9719815
15370440,4.373333
10524082,4.7009254
7182122,4.0627804
2070705,5.1825175
18763188,4.9953413
12433198,4.498362
20353100,5.121166
13897860,4.956502
13209493,4.8393526
16837677,4.9819646
6725556,4.6128817
10090585,4.4170794
14983123,5.865186
1940006,4.8301716
7886331,5.2848287
20310503,5.107478
18294493,4.803642
720811,4.266305
818189,3.9776244
16914048,4.9506044
755528,5.2976623
11656396,5.1986933
7112125,4.405724
2975776,4.755405
386846,3.7481828
17217670,6.3362055
4191637,6.484178
14217775,4.988555
18760486,5.5618854
6732313,4.489749
16382270,4.780461
11582472,4.518917
17893451,5.3089414
8254893,5.1311088
19832188,5.5740366
634133,5.497633
640589,4.37865
16899141,3.8686087
20383768,4.611425
16439512,4.9284434
17811587,4.5866866
2343987,5.28257
5624807,5.046168
971449,4.2884355
16807426,4.101901
6599870,4.584943
17616603,4.374994
6462549,4.8638015
20218811,4.3600388
5195346,4.651342
1989842,5.1308565
3311544,5.073658
18190744,3.8986123
20480443,6.42359
15028308,4.665196
2238488,5.0258474
15019476,4.6447277
1499630,4.560548
8733790,4.762301
8392488,5.7730255
7526377,4.793817
12089766,4.6967487
10491137,6.0642185
12736586,4.204448
6844537,5.211667
7896248,4.4340086
8381472,4.839615
7280929,4.2034845
13250303,5.1127853
18752630,4.0337605
9490137,4.315471
13360706,4.2080717
19522525,3.8245645
21053769,4.061399
1352111,5.002559
6361628,4.335509
13388649,4.23957
7086215,4.359894
6696127,5.194204
14050933,4.7946916
9611367,4.064648
19170980,4.641322
19780958,3.7590191
15649332,6.030375
2330139,4.0552797
18324815,4.974338
19812298,4.5437436
6573831,4.537602
7790855,4.8503304
9697230,4.4301376
2671736,4.5946546
13748851,4.9527526
15872614,4.2155905
8777405,4.167396
10502172,3.9708238
12042,6.0716453
15793708,5.005131
14336061,4.149955
15343420,4.8541164
8446914,4.1036253
5995416,3.9729812
458046,4.5244675
14190524,3.6677244
15603347,5.2645197
19734162,6.18738
14717119,5.1204376
14223920,4.9855433
6487660,6.4869504
982276,4.892463
2365726,5.4079275
17747697,5.06244
16417593,4.3169127
3749971,4.5814347
11585687,4.9903765
11817975,5.9024844
21154164,4.1987095
16515340,4.0889125
18942735,5.0618606
8326500,4.296479
16050862,5.9794536
14969237,4.3050156
7727070,4.7641835
13902602,5.241438
41399,3.9285538
6045552,5.2722125
18022456,5.071929
4288361,5.0877376
3771687,4.983749
3032355,3.9026759
17764327,3.9300518
19270209,5.163832
15087740,4.1174216
17681551,4.6769376
13504225,4.160071
3635723,5.7657285
4529762,5.113268
1364192,5.133318
13978543,5.095092
3812865,4.1506276
20409370,6.04161
10051649,5.738455
11528550,4.77297
14323505,4.8523083
10001022,5.5557504
16256170,4.698402
18502823,4.760871
44229,4.1216435
17071836,4.7410865
3630011,5.642783
1551044,5.7981944
13387556,3.9647233
4041351,4.6093435
1499843,5.2998285
16260159,4.1676784
13815237,5.303464
15940241,4.646031
20720916,5.1405926
900456,4.4845204
12749596,4.7428107
14815230,5.6278462
12384924,5.5490503
17929451,4.5776453
1841356,4.5439315
1297644,6.7959623
10035023,5.1042013
183859,6.0195456
15913550,4.6421704
17422735,4.1435723
20076523,4.325069
8171013,3.8512607
15342385,4.874232
18568023,4.050296
3884105,5.219432
3081560,5.149246
20671819,5.3011475
12672097,5.388315
13450500,4.7999673
15734872,4.9170175
15006609,5.5171185
2876014,4.42512
16638682,4.994253
10194572,4.836781
6862594,4.643832
3231803,4.316331
20224058,4.0281816
12326470,5.5072412
5651414,5.637972
5805319,4.6831026
18375219,6.2706084
18239401,5.121184
19883215,5.848867
6677646,4.8740296
7345170,4.10374
19103830,5.10179
19891590,4.937826
19466277,4.543521
15857972,4.105088
11819334,5.4349356
13632841,4.458742
13548848,4.34282
15498564,5.048988
16740536,5.4784408
12418668,4.5945277
18324607,4.1683574
3517289,4.486867
15832351,4.7412987
13032846,4.254439
14805637,5.128336
19224852,5.179133
12494576,4.4286113
17927389,4.812162
1693524,4.4464397
16413243,4.6563926
15008493,5.4527283
17767757,4.117854
12113989,4.983029
6898039,4.278263
207250,5.2294736
14168664,5.0425777
9788738,5.024171
6642680,5.378141
7911161,5.7308087
4447990,3.5044887
763569,4.583979
11047622,5.3676476
7651189,4.7603793
16765291,5.2761188
14486682,4.664147
8794908,4.287962
2551952,4.3023596
573701,4.210213
20067870,4.343589
12274644,4.2921767
8072314,4.3614674
18622462,5.22214
1371310,4.1606503
6938818,5.2895017
16442460,4.977853
2250130,4.7577353
16478955,3.6640637
6716199,4.722468
15392180,5.2910986
20567217,4.4118166
1851767,5.5257883
10920624,4.7635574
10455934,3.9433818
13028002,6.4603047
9981578,5.176981
11039706,4.572777
1347204,4.4495516
7203642,5.1727595
8862058,5.782062
3153603,5.248216
16352847,5.3489585
193393,4.6042323
18018755,4.73626
20788168,4.51507
15819031,4.0763288
18527258,4.16588
13466505,4.159237
15452543,5.0791006
7973885,4.474869
9199346,4.5766516
17175597,3.8972306
20568215,4.8933067
18022807,5.7022324
5395031,4.1583138
3167626,3.9907115
11730504,4.7890325
10770836,5.21545
5946583,5.0866647
6166826,4.462517
8953744,4.280549
7054267,6.135016
19438842,4.8372207
2432788,6.251012
12340135,4.39192
4729927,4.969371
11734816,5.247839
5709013,3.840673
16646297,4.6525373
9119015,3.9496605
7247763,4.913496
19602101,4.817158
8914789,4.21174
7281613,3.8522425
7961104,5.9418826
1365028,4.9749527
6793945,4.3124456
3318240,4.672862
5269442,4.0975475
1446428,5.159436
9629425,4.1777606
19767282,5.0134015
7591467,4.2579155
4967549,4.9922233
10270377,4.523831
4701058,5.319357
18111901,5.540492
9280917,5.1108074
16963514,4.4690695
6119700,4.3696117
18007668,4.540476
17238535,4.7478375
8760046,5.7996325
9461238,4.2737308
7749568,5.408202
7010001,3.890195
3278758,4.284494
9524928,4.2152705
17824338,5.630665
7495711,4.724194
20619757,4.751151
15181459,5.0823665
17112975,4.0344634
14422390,4.3749194
9138319,3.987973
11337445,5.174641
6504159,4.5363655
17483642,4.516134
19905170,4.5515814
11774112,4.9771466
4495026,5.670028
17173015,4.607424
5735341,4.7201433
15216224,4.590564
16249009,4.530182
4951402,4.799895
11888603,5.072956
4623011,5.2391005
14344427,4.0664372
14887262,4.21412
15059051,6.3033853
6244773,4.4541526
16508474,5.212247
4054332,4.922367
1709089,6.3904552
16231631,4.6462145
9302921,5.5014625
15486635,4.025232
7228772,5.415158
10804476,4.755401
12092403,4.9557543
19815527,5.0875125
19431197,4.453851
15599248,4.310221
13589,4.160914
2082694,5.391108
14184061,6.0634646
10593704,4.8877435
5771211,4.3137703
14919110,4.0247083
17903300,5.021956
7900575,5.160879
12536976,4.3850784
7775431,4.0753436
11852437,4.4488015
11261700,3.79973
10960652,5.132591
13245721,4.5063133
818518,4.8522635
393875,4.8459415
13916100,3.8357513
14979266,5.6535153
20860793,4.4495997
10596447,4.7009277
7025189,4.9541187
535641,5.1272426
5958680,4.4548626
20282481,5.0973563
6074078,5.0652537
12138787,4.056354
18441094,4.676807
20326257,5.2639847
6931714,5.4979205
14872587,4.97383
9331413,4.1334643
149210,4.611843
12346559,5.008478
16434642,4.911719
15758808,5.0200763
6847411,4.771559
17882017,4.492315
14950688,4.333735
12871016,5.0853076
9563487,4.5712557
5726250,4.648543
14838379,5.373633
13800443,5.796254
4358619,5.4298177
1506773,5.3622866
2012494,5.7382503
18178150,4.1080656
195578,4.400534
5860276,5.8765936
6278392,4.0168905
9155475,4.0314784
11443623,4.468097
1346715,5.6073613
10087811,5.4183397
19550846,5.7233205
12446548,4.7896647
11317188,3.9071486
16425763,4.6520176
1067251,3.9915154
4030842,4.200526
9866779,4.961653
7601632,5.1383815
20378843,4.451858
2958366,5.312387
3084267,5.0579867
15532799,6.4336853
945426,5.3939533
15928157,4.272884
16396169,5.0243025
9189063,4.233931
14549868,4.6774282
13752871,4.623795
7019788,4.479781
17764691,4.1125274
13598801,4.9404106
11205769,5.0252967
15265988,5.1716123
12422277,4.5524535
16266043,4.3035164
15929281,4.239348
6225501,3.9793
7968806,5.6120133
934609,4.336546
14839995,4.1463013
13625891,4.81418
19982721,5.515203
4744115,4.7722588
8440699,4.318328
9515597,4.95248
13734035,4.733983
20026248,5.441514
346805,4.229028
17451486,5.1806026
20245126,6.018875
6704276,5.584812
1030265,4.6041403
13443722,3.9080079
11659296,5.9811807
5192414,4.0873466
3250685,3.8713584
6071405,4.1076303
14054966,4.629321
9032140,5.395656
924736,6.047199
5567278,4.295784
13497881,4.8103848
6881600,4.736443
15067484,5.393927
18550947,4.6660905
7777537,4.8263335
2211028,5.8950987
15774003,5.1813326
8807089,4.7068486
4387183,4.746943
20679744,4.6763105
13741654,4.8381047
20725595,5.7056904
8275455,4.806251
12955454,4.862717
19507918,4.406363
15423732,5.9143286
7933896,4.112635
11421292,4.791569
17771656,5.908953
15820365,4.851523
4400008,4.6534653
17625226,4.896549
898068,4.81434
1273533,5.7703967
9513152,4.0542793
7226513,5.3041954
19909756,3.9314349
9845352,4.793855
12311236,5.096301
841234,4.7408013
8688748,4.9652033
9509369,4.640452
16702915,5.8985786
6004200,5.1866207
11059197,5.962759
19654433,4.3194876
13377231,5.30487
12885888,6.098163
14386978,5.139675
13481935,4.8963623
5117701,4.937461
15596610,5.2758584
3656971,5.556348
12497438,4.241038
14686119,4.507774
15043768,4.1427703
10339057,4.784231
6559730,3.972337
1212897,5.1015835
14010951,5.2296863
9474607,4.635294
7671112,4.2693267
9340975,6.172984
18691200,5.068057
15481211,4.0814443
3694498,5.244564
17223670,5.177511
18616208,5.6447725
4494338,5.266165
13504999,5.2444158
18461886,4.2243624
10733503,5.0130916
5899598,5.2167683
4490826,5.8848805
3318593,5.94843
1039931,4.4019456
13346110,4.3494415
95243,4.7856283
593991,4.958885
9676065,3.7389803
7196412,4.8339305
4567558,4.2333603
4142125,5.4003234
1616540,5.143652
602888,5.3189816
15952947,5.0208397
13190103,4.821916
5297292,4.939122
3380344,4.329742
371767,4.3039584
9363721,5.266147
15649021,4.322261
13452474,4.579112
1246711,5.5440016
8126890,4.49997
20386464,4.128051
13360012,6.204447
11737510,4.9301124
63003,4.4083133
19113883,4.045975
16040153,5.502989
20150874,4.482661
20139611,4.484104
12956315,5.3734536
6185426,4.508992
15804493,4.274331
3558850,6.2119846
19238409,4.0207705
13591025,4.148786
19334066,4.7470236
15377706,5.004016
1426529,4.8609476
15663291,4.596802
16214045,4.811972
15771398,4.878528
1665638,4.4940414
1308927,5.520223
356370,4.2231383
725255,4.5153584
14185372,4.5108724
3886521,5.2910514
16689918,3.8475225
21151013,3.88256
16742323,4.533468
5526210,5.66235
18706454,4.7167597
17961134,5.618104
16523033,5.1099253
12899127,4.744257
5194984,4.983396
6684189,4.827597
15582339,5.8358808
14474140,4.6356673
16256352,4.5727463
16220406,4.1697927
9449718,4.436875
19915657,4.824499
9043726,4.692192
17895460,4.75769
17682843,5.102717
13914468,4.4723253
15580808,4.9410777
6091808,3.7936368
18182282,4.1048255
19473060,4.6391444
18314141,4.2117143
65408,4.262957
2808417,5.5119066
18402568,4.7685213
18428588,4.004713
17903384,4.911205
12138634,4.705224
8202578,4.4517145
15071108,3.5874436
3794190,5.219229
7514978,4.532993
17000016,4.525054
16426559,6.1241236
18429433,4.059649
16067657,4.731712
14653743,5.344901
18237513,5.2492332
14164359,3.8597198
19777168,4.2844434
193853,3.9075887
6025389,5.47685
5969842,4.54469
9473837,5.335096
14805196,3.8955333
21091336,5.1286774
14826630,6.180806
2441418,4.179177
7361438,5.2222056
1090545,4.5706997
17796760,5.612151
11927008,4.7923117
1391215,4.831026
17765242,5.323841
16543246,4.069271
11153954,4.747289
20234853,5.9513664
9767864,4.9554653
11496612,4.537268
2598026,4.547109
9405466,4.2134852
6395433,3.840699
19946213,4.616583
12069600,4.7514553
17547338,3.9941518
11812196,3.2600684
6384622,4.3650556
16186033,3.9287124
10965768,4.0976176
19120941,5.225948
15301587,4.700684
14185264,5.356351
11881882,5.0452933
17479949,4.9274297
17942767,4.0228586
19360685,4.2294283
17947340,4.086288
16685411,4.523917
1630572,4.9820895
22453,4.9510856
20558064,5.675415
1971540,5.781353
20269435,4.4885592
12762416,5.0750732
16643990,4.331036
15397120,4.958954
16408202,5.6543984
19873282,5.66471
8409178,4.8168373
5710107,6.446977
8902304,4.0738096
4403159,4.2839622
7633507,5.26313
1759389,5.1957183
8269421,4.003538
12683014,5.115203
2137113,5.602905
14784440,5.004972
19946195,4.649464
16396640,4.962453
13401235,4.3844905
12951444,4.1943707
7146997,4.4030495
8865315,3.964921
11461920,5.296104
5192165,4.745723
1961361,5.0422792
2529318,4.2507973
17345671,4.2025065
2203450,4.9951277
16512828,4.941461
1033754,4.5605693
2266010,5.998516
13955165,5.0697746
14981522,4.9411926
15980213,5.3033614
18411446,5.775169
13076718,6.209402
17690331,5.0949492
7265118,4.34201
17574138,5.5884786
21055294,5.4020853
39059,5.0561666
3421168,5.4245267
14538600,4.8795357
12156007,4.8480086
5559015,3.858229
8588621,4.2185087
8068609,5.496455
5194724,4.58663
20197869,5.2995925
40138,4.291701
18615898,4.159733
18077069,4.866867
4455094,4.8549767
8772093,6.5435834
18340679,4.3347864
19735537,5.059111
7563445,4.669014
4363132,5.14146
6070550,4.075413
7715747,4.32576
9806843,5.7638025
9607093,5.084279
18342603,4.7242904
16780183,5.9589334
21148259,5.112363
7399972,4.5913935
8201902,4.1954556
9921802,4.9626665
12737896,5.2507253
20788590,4.604504
3758686,4.68375
1198536,4.9883785
16415673,5.069194
13168270,4.546084
17509140,4.718733
19361346,5.344923
18344553,4.4748383
11218995,4.5893173
16416210,4.6300135
7808601,4.7362776
14768793,4.5371327
3442098,4.816627
14884702,4.7826753
9387676,4.1257405
7021851,4.9136114
7397916,4.363178
4704514,5.0179462
4278720,5.2449856
707443,4.736054
15271428,4.638456
4227479,5.092088
21188095,4.6219196
16272848,4.598893
4068953,4.0600953
17909001,4.619507
20269422,4.549724
20857329,4.7586136
13085694,4.9993
914325,4.904718
20917894,5.7575817
20491184,4.6821456
553872,4.376579
9110796,4.6230693
13430730,4.9785743
18360567,5.089488
19809264,4.404403
17346379,3.7626927
14284554,3.972842
1489175,5.1201158
982395,5.093918
16275525,5.323427
20872076,3.4382076
147474,4.0306215
12974200,4.7894464
4246324,5.79979
11950735,4.6952147
17904544,4.5530024
1295083,5.1297655
17286950,4.1661744
6199255,4.956728
5469403,4.7679634
14054177,4.857341
13674816,5.0023417
3534379,3.7160347
1868513,5.7356057
20750730,5.1155667
21122043,4.3142962
18155852,4.168879
6973744,5.0536103
9332830,4.407805
16543492,4.7679977
20481541,5.1862626
16243222,4.819082
13417302,6.350006
15423388,4.583215
17681652,4.9020424
15989064,5.1565967
19737981,5.008316
19227365,5.225791
1226596,4.662623
126443,5.373832
6692642,4.639429
1768298,4.0941334
14250826,5.1796675
3303004,5.428483
14761517,5.5000076
8052243,5.4537563
21108505,5.817615
7395368,4.517654
14151414,5.057535
16067999,4.7112975
12046665,4.1785226
782126,5.2059846
4799785,4.453849
19071291,6.0837846
16336709,4.407236
1297940,5.428913
4935544,5.0322413
2537740,4.101999
2518907,4.1572976
16466720,4.1180153
1303261,4.6617637
12720048,4.1088514
16739659,5.0867867
7987167,4.7062535
2557018,4.2607145
4227273,4.526199
18584815,5.0640216
21077407,5.191592
4342304,3.9581006
19671104,4.9501357
16274148,5.2145386
10074308,4.425985
5296718,4.904134
10502452,5.403566
17776058,4.6760154
15927523,4.469018
17532796,5.715508
14783949,4.789525
4574224,4.071162
15149053,4.8008313
6936417,4.1105094
17542011,4.2441835
4729888,5.1290874
4016385,3.9114218
20599017,4.6389184
1641253,4.739673
18527992,5.0416875
20433367,4.337375
19338355,4.9056697
13396831,4.3711987
21009477,5.4098153
18888793,3.7379644
5557097,5.0840807
7367489,5.189969
6713114,4.3281155
3485081,4.560095
7755144,4.5560927
13745923,5.194685
18238240,5.336746
7937556,4.3645225
7902219,4.4342327
13582811,4.4613647
8884275,6.8863115
17513655,6.478331
4029464,5.6585913
4033728,4.4531116
15964139,4.4861393
3758296,4.649749
19125378,4.5192676
9078184,5.057504
17528120,4.4206977
4350464,4.237939
13434856,5.4958014
3687771,5.254602
6730582,4.2006383
5132940,4.7043676
3130957,4.0538
11461422,5.347594
17922370,5.2768984
9919959,5.002514
3181346,6.180326
16553448,4.3503547
215560,4.5018024
20285620,4.740119
18357865,5.175999
14858885,4.4019437
1300859,4.7697515
1221511,5.849634
9425902,4.4111896
19244084,5.3305273
13361661,5.3821836
2640467,5.6983
4469082,5.301949
17095323,5.3531036
7096220,4.744322
5536512,5.4412694
14249249,5.396324
12051116,4.0925183
19701644,4.1188183
11582842,5.0077868
11460993,5.012086
18971467,6.175913
4233561,4.5283656
5279812,5.2282104
52517,4.5928645
47794,5.3097024
13822228,4.317842
14497153,3.8917832
13884253,4.4786053
2019877,4.247915
12870891,4.564532
4052930,4.655957
17679822,4.5473857
15499457,4.465413
19801154,5.319386
15189425,5.381298
13495619,4.1947513
34178,4.0629153
4998054,5.6244063
18673412,3.9791338
15973942,4.621164
18491910,4.5679255
13044664,4.0844955
16121077,4.564785
20811403,5.845915
16161991,4.4626074
4163211,4.791159
2735657,6.322961
13061371,4.6170287
9489316,4.1177716
20788646,5.0811863
20835690,5.679806
18994326,5.735712
14693893,5.7609315
12591975,5.11606
5750317,4.31974
7956484,4.6434417
15132699,4.5719323
13698359,4.0958424
9747059,3.9619107
5851481,4.316583
4593316,4.570858
9788672,4.1823406
17585689,4.778437
6066713,5.649535
16895588,4.1948943
4469114,4.6493096
7514024,4.2256994
12890964,4.332675
6238700,5.188252
20723274,4.4051046
13912630,4.7132936
14073177,4.1363425
17989198,5.4637337
271128,5.334941
11623517,5.171619
8257637,4.076717
16788137,4.295462
8680648,3.9542494
12643899,4.8230124
17409479,4.0642486
2560924,4.511992
18577648,4.533804
15130681,4.9276614
7526715,4.6514335
3804690,5.1857386
13676547,4.434222
13741819,5.972962
9596212,6.467176
10122309,4.6651287
13538174,5.2040253
13885238,6.167815
17892659,4.420641
62712,3.9331894
8534395,5.7500362
3727560,4.5901723
14947497,5.3334465
16970733,4.1913314
19029969,4.3304048
19134814,4.0575023
17037199,5.2312865
11987072,4.939
18061566,4.463864
958288,4.1497626
3811926,5.0820007
597668,4.4973936
5470363,4.2344418
14484192,5.7954507
4573458,4.9170237
1525137,4.802478
6247330,4.6967983
16822398,5.843012
5619212,4.443206
66740,5.075853
7308927,4.810593
9231212,4.2570114
5082818,4.3359976
2074833,4.7154593
13771172,4.50487
10116081,4.189714
2144319,5.457975
15715485,4.1502724
3999628,4.104385
6572020,5.5161257
7361457,4.2400675
5193689,5.7314262
957002,5.3078003
17444964,4.165271
20303867,5.0631886
7129972,4.6127143
17994055,4.016702
17211583,4.4168634
15111292,5.2029204
707658,5.0665793
6098975,4.8234406
5749181,4.035145
292047,4.8334723
1182372,4.437673
18483473,5.550436
4379307,4.6152773
19226915,4.486715
5422197,6.592867
19036532,5.7759247
8323683,4.5447674
17497608,4.1843004
12792631,5.36443
14014127,4.329042
15462208,5.503867
3363364,5.3162565
16357148,4.067281
20397022,5.3479805
20185106,5.06434
15805916,4.6839514
5196322,5.216343
17702222,5.0219827
20996070,6.134801
1913884,5.803688
14812838,6.3111887
7647998,4.961328
18602201,4.1476555
18395931,5.2684083
17371032,5.4733167
17860,5.733095
10684506,4.2947354
15734774,4.260102
18004987,5.6641955
13514298,4.849419
16497096,4.68704
17303477,4.959439
16393298,4.0721765
17821234,5.392369
6103791,4.710779
181522,5.0000124
2495047,4.7155776
13660815,4.18859
5892733,5.044579
16806095,4.7857113
6716872,4.3957543
16273796,5.4771457
10405694,4.3028164
9412913,4.5589633
4579780,5.904445
11912865,5.042082
13915340,5.137274
4956016,4.902432
12535687,3.940958
10299331,4.17931
4914460,3.7431505
14162034,4.9430847
1179080,5.1025615
5040923,5.309879
18808916,5.548084
20660511,4.509954
3208747,4.967257
5736925,4.621755
10701027,4.1436076
20147537,5.316727
8781629,4.3159266
497264,4.362258
13764162,6.0847816
12473173,4.468489
17683242,4.765079
10155003,5.219598
13450333,5.6016927
13369452,4.749555
16164200,4.0882993
6326704,4.181983
20618037,5.309685
11102571,4.6731744
20299199,4.343669
18060096,3.990623
10655259,5.632138
14485109,4.1015954
13069989,4.9318924
4547353,4.3184867
15772432,4.5198126
12611182,6.3795247
1569823,5.843322
11494320,4.6957755
389482,4.6423497
12197932,5.1984925
7860743,4.297152
20553807,4.6055017
6520190,4.602822
13882858,4.138971
2080709,3.3714237
15009875,4.903845
10167371,4.4457974
17448533,5.1441865
669842,4.6532874
15249726,4.0628576
11552845,4.9486656
5506438,4.643318
10312480,4.848604
236226,4.707961
542067,4.9625325
4629981,4.545626
8669406,6.094687
16756337,4.077378
13031525,3.9087613
12093704,4.7360773
13396450,4.9321656
12067200,4.1569395
17777174,4.1208377
12130236,4.8446894
10985734,5.014628
6384741,5.1574044
3310126,5.889623
2872288,5.524586
1909177,4.7870746
5856783,3.8880582
13048027,3.999894
13395595,4.5355525
15325058,4.9615912
7914711,5.7079644
15078871,5.0001526
19311485,4.567958
14572699,5.0443163
1909933,4.528507
19653917,4.1567526
956313,4.5313797
5946840,5.665907
6865222,4.7481065
52549,4.7337713
3380546,5.9144573
20255529,4.7907033
5683045,4.342957
13959620,4.8822794
837045,4.924341
14403547,4.1853886
8423666,5.026073
3800675,3.9795842
1630073,4.3898916
13082605,4.336734
10703161,4.614277
8301552,5.196539
4461909,3.902275
14759973,4.736523
14220046,5.1860213
17751338,4.669007
4978972,4.4111037
2416016,4.9297667
18670410,6.083025
11619278,5.510743
16216301,5.0880055
14589774,4.721255
5163125,5.0491505
580061,4.7054706
7659180,4.8981013
15910630,5.5086484
17980815,4.7132506
3199703,4.336108
17015819,4.126994
10614949,5.0864496
130665,4.6939707
13138261,4.7946243
12230474,4.086828
7750435,4.097211
8421771,4.885372
6165516,4.917948
12965883,5.228091
8139311,4.598502
8298186,4.8363547
9532435,5.381198
16320197,4.1778364
16376837,4.8853207
12053427,4.1606536
3457722,4.356682
7900722,4.920582
12681691,5.368397
16601908,4.074861
18802366,4.5287595
16141427,5.2874937
5659417,4.138231
17450001,4.6940117
15940642,4.4021807
16369552,5.0777473
4950638,3.8719692
14556070,3.9822063
11254989,5.1537304
9052018,5.1229844
12876170,5.438637
15880475,5.7317157
20459818,4.336717
17640554,5.5888205
41609,4.1899476
15215720,4.4352417
13728702,5.680906
20815854,4.933188
7672817,4.5985365
4352013,4.3401
16744108,5.361151
17234729,5.142932
4639,4.745108
15851308,4.0913744
3487768,4.9068093
1468342,4.0099273
14121045,4.040113
2694647,4.106612
3749631,5.7843165
20956017,4.992534
6278217,3.9104164
14332210,4.546991
10728788,3.8773336
17404097,4.3921227
19713115,4.251447
20979941,4.1375113
13829927,4.9565687
14195878,3.8682337
13555468,5.3411436
11627443,5.9315352
11851536,5.5455775
6378495,4.223668
10566628,5.2033815
13571116,5.4290767
8469363,4.844083
13641112,4.829149
20187779,5.791128
10088612,5.7028947
19291771,4.411226
17049365,4.893267
1620039,4.450243
4729656,4.535749
3758587,4.3826823
7808003,4.5171633
17880196,5.1254086
20976275,4.218515
4276508,4.7285843
13547301,4.552175
10059646,4.8054776
1187671,4.193772
18658186,4.8030806
18038438,4.4231677
18669180,4.7241044
3553679,5.1213617
9363284,4.3941875
7482970,4.6990423
18198955,3.9180381
363320,4.4289336
12583393,4.5651236
6221367,5.361262
1525823,4.867661
15203608,3.625388
17930965,4.8347974
18493752,4.065577
15370657,5.390399
10137835,5.345351
311240,4.587598
7054687,4.007586
7745691,4.5109577
20820229,4.867742
16166003,3.9563837
15056254,4.1274414
14473750,4.179866
3545207,4.988334
12706575,6.664286
15314886,4.863294
7369427,5.1442356
13510678,5.108361
3395238,5.2316556
13415850,4.3524103
15603371,4.313784
6006021,4.658845
14142263,4.672781
11421711,5.546153
13312359,4.823287
7340055,4.3445764
4099994,4.198458
13837100,4.601869
18385472,4.3608255
10585707,4.59768
15022194,4.8737483
5158133,4.6758556
15148487,4.5120173
1249349,4.749363
12005195,5.1492105
2135317,4.8385077
16299079,5.3251567
12041223,4.6887927
18309683,4.580671
4799839,4.900456
6048583,5.3486457
13418404,5.553264
8592757,4.577309
16437127,5.2285466
13924243,5.3799543
19621610,4.4497547
9492893,5.4596562
17930188,4.499412
25354,4.9338913
5580872,4.6758413
15771318,4.3636074
16839733,5.861563
5681790,4.77734
9995220,5.254434
13816082,4.47176
17423684,4.4569883
19562997,5.0535507
1454906,4.6403785
18433781,5.31113
9780406,5.9025764
4104344,5.330415
5412487,4.7410374
16914400,4.8322573
15484538,4.8373456
17832768,5.068757
16276965,5.0015674
790679,4.6713896
15400940,5.3204007
3664261,5.1630144
20696488,4.817995
13478984,4.213303
17233781,4.5617323
15130334,4.2297125
19098055,5.0285926
3672455,5.150291
19503477,5.721899
10767934,4.472527
20785600,4.4176626
15354388,4.0046964
13245086,5.243973
3753360,4.230217
12522664,5.4780293
20633075,4.044626
599336,4.070038
911867,5.3109593
16423080,4.9212737
7305605,4.50836
16353465,4.151723
19840462,4.864217
16925647,6.1760445
10002640,4.956994
17590056,5.0022926
16312981,5.058142
12419487,5.470232
11131234,4.0942664
9425922,4.577802
11866222,5.1973944
9165203,4.3311615
11756047,4.7913923
15657331,5.376703
10857330,5.7947226
16426795,5.088174
71504,4.462598
9220308,6.0097566
5823337,5.740546
4307812,4.28477
11100541,4.9194636
7297902,5.1553516
10769175,5.100673
1236639,4.44872
13415984,5.3096547
12048,4.018812
15123918,5.0015697
3391743,4.9194446
15178955,5.702542
11421259,4.4582605
11412104,4.650417
11602485,4.454171
13564011,5.0997343
13848002,5.1809435
6462136,4.9438267
8162607,3.9709234
11963660,4.6196756
1802185,5.0550504
19267482,5.210103
15665276,5.1890397
18096626,5.473337
13556556,4.7528515
1894440,4.960965
15131624,4.7387395
14631114,4.5940447
15232621,4.3767886
158913,4.8563657
15916518,4.7447543
15144948,5.785303
701461,4.4695873
16777576,4.8313713
6835677,5.295057
17111978,5.2132487
6914846,5.3152585
604913,5.097502
7665091,4.7684016
18837076,5.210463
18068962,5.2469354
12287479,5.300554
9822635,5.0549498
6800071,5.365405
4232455,4.6335087
19958302,4.569282
11759052,4.358557
11068163,4.1283746
13016230,5.7876315
18040418,6.3742237
12273802,5.8984127
8014087,5.229951
7008783,4.1345935
3592456,5.400347
4907369,4.8412566
701090,4.7829247
1025173,5.0068235
16395200,4.6320806
13064443,4.2431707
9019941,5.7555676
4885975,4.964789
15831633,5.7694893
7607736,5.1320863
18356153,4.08902
2509447,4.5944915
20518729,5.245155
2563997,5.9345317
12057003,4.1632333
20076850,4.6929665
4841027,4.9012833
13354757,4.030922
12190524,4.93947
8504263,4.6643977
4503969,4.068072
15573251,4.059579
17281889,5.1073947
10628495,5.628594
2467457,6.5427737
17682661,4.627239
18361110,4.541804
15797715,5.085087
9362927,5.471493
5593109,4.141868
15286148,4.3332925
18506841,4.741431
15785305,4.351468
12322839,5.480146
6163821,4.633104
11821100,5.6708975
7985537,3.4151344
16738717,4.0812116
8945485,4.3744464
17962472,5.390622
17405172,5.437177
8035441,5.065889
590903,5.0343323
9809229,4.8038692
11610085,4.2194905
6506593,4.7456584
8936111,4.534414
11675279,4.786014
565533,4.634566
8769616,5.3446584
20214413,3.4785583
18634028,4.564059
15926037,4.768729
20887131,4.989289
1165913,4.194904
8611602,4.529142
7650438,5.206787
13019333,5.2742515
9504318,4.719527
15802722,4.1351056
17830206,5.123598
10831199,5.2449536
68962,4.9235806
2910103,5.559736
8969933,3.9680314
805271,5.3271456
14633914,5.08424
20070537,5.4632974
2554254,4.1599045
1663673,4.984109
13937620,5.1240735
313227,4.870816
17170970,4.196408
4810324,3.9161072
20958399,5.652057
12272770,3.9820743
9908660,3.9982216
15326552,5.8437796
2601183,4.9562197
1767569,4.3041773
7842116,6.1115046
15112210,5.1655765
8383374,4.3806834
10878099,4.8953295
16861339,4.7151237
7549663,5.213661
20213590,4.808273
8591918,5.1218014
6798960,6.431349
17995347,4.3908687
17545577,4.2526956
3185840,4.882938
17424708,4.253263
14318972,4.8952174
4511780,5.336269
20831343,4.1606846
13643203,4.5004826
16395809,5.2969756
13894339,3.8726542
9411094,3.5090463
15421930,5.046822
8956377,5.1284375
15294943,5.057521
14737992,4.600064
17007439,4.5259733
1645763,4.7029977
15717305,4.490411
11605621,4.6238556
14574194,4.246606
16886326,5.0026536
10709846,4.4465137
14276843,4.0504117
16451133,5.917451
9470528,5.036153
16244096,3.9267788
15250435,5.682492
8369758,4.639491
18474279,5.7651224
19433834,5.3450823
9270122,4.7957554
13543285,4.9995713
13016698,4.225283
20504269,4.8040404
20588924,5.27231
2523657,4.3973265
3171880,4.7846317
5978651,5.3966403
1960358,4.23522
18111425,4.4384875
13951405,5.1037006
7785655,4.32903
15925524,4.4990706
16449169,4.7146096
7998278,4.512018
10836662,3.8882008
15634100,4.675644
4737930,4.7580333
498052,5.1616626
3600961,5.5932093
4519780,4.1379194
9737406,5.687381
4606675,5.42998
12430186,4.128963
11416924,5.493544
7244031,5.017889
15970725,5.8520503
16635720,4.152704
16038784,4.8244467
16172498,5.5028806
14263593,4.265023
7345868,4.8120537
16687618,4.165815
18374915,5.9724865
11169309,5.152284
17867292,4.5531106
6196265,4.2008576
9970036,4.628193
15898303,5.3775997
8567935,4.1450095
16944898,4.0660973
17976962,4.999912
918738,4.997408
826314,5.859306
15972825,4.5291133
17812587,5.3812237
9028989,3.9504056
19721908,4.4859457
18005985,4.6445336
20711743,5.7531114
5562394,4.68779
18614946,5.306875
21011223,6.7825165
15827538,4.3384147
4509145,5.141897
6467681,5.4887614
13262184,4.02709
13396077,5.003792
19084768,4.1137896
14321894,3.647234
18445091,4.3047943
11207956,4.0371714
9938546,4.691256
17177476,4.296393
19403522,4.1535406
18628459,4.3821683
3231636,4.3357234
4977140,5.3299413
3454411,4.1836925
5509147,4.409622
6157102,4.025378
19404355,6.1532674
13788606,4.174745
18687343,4.0861177
14402220,4.316447
2810864,4.879786
12327123,4.5088477
13310082,4.064638
19729892,5.519059
456280,4.204769
13289643,4.976277
4282178,4.5361714
9279809,4.6599402
16673640,4.720065
19467086,4.952564
145188,4.184028
14351599,4.9326577
2397013,5.2877026
14824958,4.318523
12495612,4.430628
3892700,4.3476086
16751447,6.0142365
18408224,5.0446486
1333047,5.8225884
17314294,4.103655
10104806,6.116765
6549259,4.958557
18361790,5.507868
9320942,5.662264
6066455,4.4132166
14950622,3.805589
3469023,5.020067
4411942,4.1044226
13287347,4.984064
10811681,5.680431
9654190,5.046207
14655650,3.6500106
16601354,5.4119525
8067561,5.2445984
21106002,5.277596
15656259,5.0298834
2404,5.2159176
4885710,4.4107294
3282179,4.372598
12367665,5.073273
19730080,5.646015
1956788,4.403904
4082749,4.9685454
13788737,4.2628937
16155625,5.410119
10997634,4.6357408
7619039,4.0604377
16720768,5.3586116
1309326,6.339697
19472085,4.9654274
14330755,4.8428445
16071921,4.477311
15411314,4.7228775
5293662,4.747017
7712094,4.529956
8079894,3.930494
20164612,6.1744432
16390341,4.79116
8550041,5.997054
17410346,4.198684
10034284,4.162867
9304814,4.164284
12186431,5.2275558
5414714,4.6263556
20148331,4.7896447
9073600,3.8257964
15188712,5.856641
15299001,3.8896427
20928896,5.1941724
10164970,5.1031904
7841464,4.458248
12256804,4.930989
815639,4.3490324
4866756,5.1115885
16635517,4.179153
18463869,4.662802
13799109,5.8693
14981846,4.921372
3715638,4.9557395
17906955,4.4437795
14167392,5.762722
15833186,5.266081
17995556,5.669339
15237133,4.6888914
13491503,4.6178603
14922855,4.73959
8254633,5.3848248
2665701,5.0272164
18776925,7.0464416
13434030,4.5015116
9824,4.1546435
13510154,4.615867
19339594,4.0731955
20333369,4.5639963
199195,4.0912633
172822,4.856477
10799134,5.2175155
3924820,5.40313
19181924,3.8703043
18258645,4.2208004
7438473,5.2338066
15482893,4.6360106
7807724,5.581603
17946171,5.1095266
14088715,4.4150386
14176274,5.8564944
11774278,3.9211087
7897777,4.4032736
5059871,4.7036886
6029214,5.6458054
18159917,5.148041
7461091,4.764123
8746,4.7132277
16620017,4.4362946
2155128,4.4159083
927597,4.727329
16830582,4.587109
14695050,4.8601227
14628935,4.3895826
20516623,4.6178784
3144586,4.005551
10390452,3.9824762
3667492,4.4345098
9416241,4.3791523
1665575,4.5766363
12290780,5.047321
16409634,4.901062
1183261,5.3150434
727866,5.329395
15295068,4.6526794
8107424,4.143063
10790350,4.948865
14352011,3.8869092
18009748,5.1982546
20152689,4.407712
18248683,4.689142
7635699,5.315956
14810776,5.434302
1356151,5.003661
13921971,5.145167
2644606,5.269726
4066462,3.650865
423154,4.9201317
6930780,4.673862
4059459,3.8525097
20817430,4.751488
15360568,4.865905
14404976,4.093553
3742189,4.5511746
11695544,4.4072366
16302633,4.6025333
19272999,4.694024
20208589,5.1567354
9259254,4.731625
1252489,4.055664
13346811,4.8889976
1355654,5.0047507
15646480,4.4714546
20257297,5.3648124
6014926,4.173878
8114376,3.9075103
20998585,5.2202477
8540781,3.8510213
19760163,5.3050647
8581931,5.6729007
17108063,4.8654833
16534993,4.0071554
9495424,5.353665
7602989,4.604115
1633881,4.2179255
416075,5.3511677
7680750,4.838165
13585598,5.6017823
1970257,5.534335
18344293,3.9297764
12868555,4.8060308
13520946,4.7057643
2101654,5.279324
8190920,4.7347035
18852245,4.2195973
229668,4.5897985
14167668,5.7081337
1210239,5.6561027
9445757,6.0061283
14023343,5.680366
8500048,6.2146697
3352998,4.742645
6257586,3.999345
2314228,5.156227
14537213,4.4383125
15773388,5.0049624
7307359,4.411703
14482103,4.320527
4129711,4.417493
16739082,4.306487
20303322,3.5768492
2192222,4.91576
11799685,5.1768937
16570848,4.545609
17191239,5.2659926
16087084,4.066646
4003436,4.1035028
12913584,5.328487
7633541,5.430948
16895891,5.1097217
9463603,5.0104322
18213425,4.1781225
13863536,4.7743564
15806890,5.0240426
13436510,4.952345
1182844,4.8585224
613982,5.6270485
17534248,6.015594
2259635,5.5836816
20679134,4.3613834
16221602,4.564057
713877,5.6345377
16204969,4.5222654
6731982,4.1540594
10043153,5.1213408
15435900,5.009732
18507841,4.313714
7711514,4.9934387
15786177,5.442937
8012844,3.909391
4927853,4.836398
10455415,4.813021
21099028,4.490131
14616148,4.7506886
6053700,6.4528704
17137388,3.4983213
8342955,4.3063397
14492080,5.0025916
1214414,6.737547
10636394,4.6311617
17760993,5.1201024
9391829,4.6681995
9415426,4.109958
15218913,4.986867
13428478,5.2592473
4746568,4.5824757
18124999,4.887435
16725174,5.0835705
19848348,4.533498
12970643,5.720414
10487548,4.950807
1645772,4.176054
3513662,4.144651
3421020,4.2453566
13621128,4.1864114
19055440,4.38086
16177518,5.2416687
9920626,4.543557
359982,5.242007
10812780,4.4629474
8034435,4.995644
9919053,5.4695573
11674081,4.609667
12388527,5.7920656
10684280,5.7078304
8953380,4.1681037
7678127,5.0613623
13252240,6.5792427
18574459,5.9616094
2855220,5.3963366
18408098,4.743107
313318,4.163867
17669930,4.961865
20394146,5.23595
13798921,5.010261
17706230,3.9287748
14665927,6.3328285
1724670,5.1844525
20044802,5.1036234
7823474,4.5093994
17995629,5.3870845
3851013,5.0112643
9716165,3.6448774
5707272,4.3670726
9942544,3.9363742
13165500,4.206392
8052910,5.730199
7726082,5.800494
15956773,5.6800094
16497190,5.8749895
6699549,3.8406725
16256385,5.1979465
33081,4.775262
217660,5.110419
1827653,3.6077945
20618578,4.6036963
14254258,4.940246
6583449,6.5932784
1914363,5.97755
2959323,4.4893875
11787290,5.7359037
9590030,4.888931
10335866,5.364453
9403751,4.854223
20199218,5.490626
15657946,3.9232404
1240859,3.9098415
3497765,6.098564
16214864,4.631853
3303522,4.420283
10616330,4.354916
17499948,4.6444473
13100148,4.495213
2530145,5.3537292
1162078,5.3688765
5550248,4.049359
6597854,4.628313
13392973,6.0916734
13556607,5.3122516
4269685,4.591332
14135993,5.2310486
5363601,6.379952
525388,4.519676
9180821,5.742098
3376567,4.2464314
17994725,5.32291
20022518,4.8677197
13975376,4.5645323
19475504,5.447737
16634804,5.11571
11681925,6.170741
9282029,4.0028358
13675092,5.7315702
5807685,5.4390545
3567754,6.191313
1736456,4.796074
3615085,5.6552634
6703815,4.622877
843011,4.6647334
9133502,3.956898
20452026,5.8384347
829140,5.279161
11947150,5.0755496
6415174,4.6935506
8182647,4.310918
12834989,4.2174015
18209504,4.2129517
12523833,5.428414
20852579,5.514561
13876215,4.412687
6304928,4.8628902
18057965,4.664811
5082182,4.043635
19014069,4.388961
13076,4.4689746
13625911,4.060088
242661,5.92587
20790373,5.076938
7859868,5.0278316
19502079,4.692756
5856685,4.217329
7007801,5.9936514
17604000,4.340956
15217781,3.9814587
11570849,5.5274024
16631970,5.4984107
9267965,4.3691726
3846873,5.39499
13496609,4.5756526
7285361,4.19381
18179857,4.364563
14263693,4.698178
18283367,5.153656
14280327,5.3246484
9864121,5.088114
10856975,4.636972
7845607,3.9593337
155158,5.1828547
13170049,4.6074095
19701412,5.397211
12202027,4.669708
11677489,5.687543
13467337,4.0555973
19274737,5.7630343
6499228,4.048095
11210446,3.9978924
13056821,4.6304727
2707824,5.694756
1364584,5.161887
11699080,4.8859987
16725242,3.9990501
8825927,4.3029184
20696291,4.67256
13060457,4.9264593
19767450,4.4002843
9237379,5.258576
2054899,5.771075
15115673,4.124548
18466286,4.5632873
14122467,5.3082805
21024236,6.2003098
3041785,5.1203117
11225822,4.970064
14010903,4.278962
7968749,5.0591407
17636599,5.398986
2124764,6.247702
10073995,5.2285385
11624694,4.885835
19182444,3.961776
16531856,3.96972
450939,5.196811
4526608,3.674814
18550572,4.666794
17174096,4.692506
9510668,3.8939936
13077093,5.242787
19057791,4.6163015
18023213,3.9322217
18486977,4.6172256
5145487,4.314747
11253959,4.937663
748656,4.9376245
17527893,3.9156165
6823057,6.1238723
10188546,5.11633
16276850,4.0817156
11556000,4.8925853
16126165,5.095446
10459429,4.933034
20794951,4.2024336
11104223,5.5647902
14090596,4.7624955
17955584,3.9567387
10812992,4.47219
15980261,4.4025006
15328271,4.7625914
11733833,4.0417066
15943554,4.667828
1267945,4.8360295
14340142,4.792973
10409794,4.9600706
10760,5.0330205
12281070,5.327496
8614862,5.204904
10598914,4.323259
17143206,5.1584044
18287688,3.9218907
18970307,5.201283
1271057,5.1923127
7744946,5.4585276
19367736,5.951901
114969,4.639408
1235759,5.1246142
6529802,5.3314443
2112142,5.1340485
19275342,5.355304
16771625,3.897551
7881928,4.6703463
14606167,4.5280356
6499322,4.984389
6881003,4.5924363
17206399,5.5039234
5284341,4.1516094
3182438,4.8602595
8439920,5.121118
348329,4.778974
19874260,4.051423
16443243,4.239173
17764129,4.8556604
16270213,3.896158
7349969,5.0915785
11924694,5.4691143
12729747,4.64794
2893111,6.1567483
20760391,6.3061814
8110973,4.208401
20989354,5.8215923
14444373,4.867086
8550749,4.926803
2294663,5.4725294
18793325,5.2235346
17556152,4.862873
13789876,4.717514
13841569,5.007769
18672833,4.525621
17807273,4.97497
16915116,5.3262873
13333733,4.9539657
8702166,5.338304
13399051,4.64007
15132783,4.073685
11912575,5.669698
9977949,4.5775805
13707814,5.263946
11304011,4.5594225
2116940,5.671137
4625176,4.517174
13616940,6.885135
12489909,4.735946
17436891,5.0341034
10338770,4.853047
2102822,4.1131744
19290380,4.4619074
8723544,4.942351
7037999,4.3823795
11533310,5.7642303
6783841,5.188976
13430303,5.143729
15846562,4.7176147
19933015,5.162451
3281660,6.208319
18857875,4.9066153
12054516,4.3575454
9748012,4.1064715
8421131,5.0751615
11452070,4.3585806
454763,4.00834
10036741,5.104973
1637103,4.7776976
12924115,5.9911814
13658054,4.412682
9751394,4.4610977
16215239,5.128119
14787084,4.8649364
6824295,5.1801925
6150778,5.100458
10450497,3.8201835
18411294,4.1819696
17684198,4.969645
1844254,5.1417613
7879708,4.3629932
9955886,5.1887894
1147814,4.702984
19750009,5.44042
19422062,5.0785265
12505522,3.7385352
4738814,4.5021696
4607027,4.617447
5726869,3.9569366
14418787,4.467574
14102918,4.509115
4550611,4.1058793
11439846,4.3670883
11421305,4.103527
18460383,4.7144675
18093265,5.5495214
17929278,4.846941
12472617,5.695861
10516712,5.166903
11949176,4.5509715
3957762,4.5418377
2954785,4.2980876
17343258,4.0775967
5975371,4.691835
1365140,4.1548533
16491080,4.4767017
17806044,5.050845
16187926,5.2108774
16189748,4.638679
17797767,5.6751056
18350616,4.8606567
18595831,5.570384
20170814,5.008795
10456118,4.7720766
14852542,4.2595716
3761182,4.5262227
1268744,4.8122945
16391850,4.5532494
376534,4.0705433
12168412,4.1540303
8971863,5.2504315
6939597,4.745224
1221637,5.5899186
17251889,4.4242783
16350431,4.3320727
10631201,6.1572156
17026435,4.4847355
13573828,4.6370296
3751157,5.124866
786670,5.187911
10455342,4.8223433
1844088,4.7500577
16767348,5.1462817
16767160,4.553813
18491567,4.6190047
16546691,3.967295
19951265,4.4867764
9826167,4.03822
9863241,4.8923764
7621382,4.3340507
8704266,4.3644047
18875451,4.8768616
5560024,5.3275414
7321521,4.389532
16474211,5.8996396
16204569,5.734803
13657890,4.6915774
11507631,5.1827707
17107031,4.0847926
13811872,4.587718
2603870,4.3926854
17944368,5.4778733
15410232,3.8206697
18041799,6.452988
7582553,4.8351226
7494909,5.281962
14827752,5.387927
10833918,4.7385297
8190190,4.3768206
8918615,4.614509
11377380,4.3758593
15356673,4.7908754
4525308,5.1375294
707205,4.062108
594387,4.9633207
10004575,5.3134537
2138148,5.939006
9349221,3.9213336
8552070,4.296004
4082155,5.1802716
17923165,5.314123
17031434,4.4737053
14297963,4.00242
9736338,4.3259406
900437,3.9579487
14162469,4.1754923
20515485,4.9472995
11044110,4.5215044
19592427,5.493632
198119,4.06951
4275729,5.601115
13769730,4.2579365
8053016,4.2196727
6226658,4.6660585
2254541,4.90357
7804947,4.977377
16204549,4.093827
20283735,4.3011146
6600699,5.12356
17996797,4.860733
14315662,5.274607
17793444,5.260031
9593141,5.001308
7952963,4.60947
11334624,4.7800717
18416151,5.506319
17346704,4.5452466
10851350,4.987134
16381746,4.8040404
2800717,4.4598265
16215481,5.7089024
11742699,3.956512
17622093,4.8729973
13206046,4.32247
16941879,5.368732
8523877,3.931435
115242,4.9782047
18257088,4.0496216
20359268,5.1722074
13642700,4.7542157
18649806,4.6715703
2227111,4.6640897
9710037,3.5289192
8520295,4.0853424
18908676,4.10009
11659714,5.2762203
20934056,6.4586153
15649739,5.4442453
2591650,5.664934
2946998,4.608472
6400575,4.5914636
17906028,4.2647653
2338361,4.479513
12388682,4.553147
154934,5.090572
5174821,5.3253856
11337381,4.161226
15524502,3.8557928
10335191,4.403793
2645881,4.2261076
14949650,5.285448
10070145,3.9565437
7381657,4.8893332
8368928,4.998656
17281639,4.4006863
10786240,5.119709
17125045,6.409953
9776713,4.3652153
1618880,5.282962
15611576,4.074162
14078966,4.575693
13048493,4.1047583
12627102,4.723402
12430126,4.959198
7749690,4.672705
1416889,4.49946
18314058,5.37359
98065,5.5580196
17183532,4.526619
18754907,4.4532104
8195580,4.829937
13901170,5.7262087
1871261,4.2536535
16053429,4.3024635
5142888,5.0313473
7777276,4.806107
14040282,4.8651147
9127871,4.6128125
2906774,3.9688652
20723964,3.8188467
7600001,5.917427
15361430,6.1720934
12360520,4.810765
12094488,3.9588256
3345588,6.266268
17175739,4.4696627
2526782,4.681208
20015668,5.28199
13580023,4.218302
3810278,4.2780204
8782401,4.912659
17730964,4.260199
18233950,4.62896
19385872,4.61069
7822344,4.5441904
1535272,5.0188212
10174146,6.1575985
15399512,6.2994227
16710495,4.4531693
18577490,5.0766163
17975462,4.245445
19308998,5.411172
20282044,4.819203
17189363,4.174385
15530297,4.1678543
5672965,4.1428995
8224368,4.975167
2846822,4.6338654
16685374,4.7737966
10435733,5.357637
18961388,4.670197
6277470,4.973165
3822053,4.7513227
16931053,4.5967336
18009334,6.3971434
18548006,4.9395204
17946084,5.1657434
20218990,4.987529
15006822,4.3354774
6785030,4.4563184
6559453,5.242183
15915004,4.5876255
19136267,4.1994047
7725825,4.950794
763956,4.251616
1404538,4.208744
18584173,5.2602506
17545443,4.8027663
9220035,6.4751344
10234090,6.357735
9234415,4.4868813
5906888,4.0257273
15019436,4.414724
7786903,4.5534945
10150723,5.289604
2695745,4.669965
1633734,4.477776
4216745,4.8040743
15229740,5.307721
10791052,5.0315566
11919616,4.08921
14745842,3.739112
13125717,5.704247
16528901,4.562387
13136753,5.694283
7661793,4.268142
642537,4.465659
14111600,4.462032
10403972,5.056168
10130714,6.0566816
15814333,5.145097
8588357,5.1275334
6767047,4.54869
6896339,3.9996543
14787013,3.7079701
14269858,4.0661488
3906109,6.207698
3383382,4.9278874
20286056,4.552737
17422414,4.9637556
17765395,5.6392484
9586086,4.5107183
19604166,4.3600087
2299633,4.237112
2281954,5.1420193
18872610,4.202443
193240,5.5168343
17351599,4.1775613
592883,5.1888194
3957879,5.129232
17904971,5.004841
4778343,4.9978967
18102011,5.0109696
15302207,4.9882913
9771911,4.7035594
6412917,4.1350665
18491533,4.533004
3279174,5.138972
19225774,4.4089994
9545947,4.588885
17117683,5.3640575
13467433,4.2040625
10922350,4.500181
7565120,4.160282
2471952,4.6728997
17209787,5.689313
13868137,4.4134936
796404,5.1918173
10031436,4.616553
14151551,4.641708
13669721,4.1119046
8241975,5.510613
15377847,4.917283
13193500,4.666314
15926271,4.8091183
15752270,4.458649
18070828,4.310965
20566376,5.217057
11584490,5.113067
2645621,4.617387
19272185,4.9653826
7340318,5.553421
18008477,4.3021197
6542723,4.9595222
6343532,4.78268
6456345,5.537236
18566255,3.5948036
17046273,5.923137
1976329,4.7150087
18122161,5.541283
8569085,4.508376
14315012,4.655905
7149929,4.2248554
18577672,3.7070265
14112173,4.8665395
4784037,4.3102927
19346178,5.175301
9664497,5.1328983
4384820,4.665799
19058675,5.6200337
2144456,5.1999707
16260308,5.5042186
2537383,4.169791
17118178,4.8603816
19167933,4.987465
11654372,4.3785696
16547836,4.981454
13524358,5.03515
10552057,4.4739213
18241963,5.0259385
16393395,4.4494925
21063021,4.437941
4085609,4.7528114
2621402,4.571368
16314928,5.020462
19064240,3.9778626
18327939,5.2167754
19904656,5.2458653
15927397,4.501658
16494984,5.2056894
20729530,4.362445
11062629,4.2469845
13970722,5.293659
17317366,5.4588127
16056780,5.669055
3976558,4.25829
11669650,5.0265827
13434804,4.6505733
427842,4.3943086
3081771,4.1952486
18999378,4.5766153
19779706,5.109748
7543381,5.040969
11454147,4.1824527
10947787,4.1558084
16570399,3.758075
18503701,4.8144736
7183249,5.8278193
13041999,4.473901
10035098,5.2285585
18723095,4.820555
7842671,5.0940323
18929924,3.8994024
9846114,4.6968913
9547700,5.6155086
11070328,4.709855
1560615,4.5535297
6545299,5.2214923
365469,4.798254
11436683,5.0426226
13798676,4.142244
15923443,4.4499717
17045948,6.1759343
13348074,3.8878264
9965844,4.442001
19674660,4.4121175
9993180,4.242929
17750203,4.2209215
20887045,4.9483876
14444988,4.8532376
1316439,4.899028
13711853,5.2464395
8571061,3.8033113
3333870,6.1922145
16614517,4.416292
17845213,5.057215
1335510,6.434751
18915737,5.727646
676228,4.002195
11676081,4.101898
18925063,5.2123237
14653150,5.540839
6832154,4.2914023
11089153,5.4708104
7725829,4.651687
15198602,5.0302634
8286580,4.1758623
8530029,4.1823997
8028929,6.662289
11893143,5.293807
6390061,5.3138433
3344546,5.789088
7090646,4.982956
7220216,4.61496
17152720,4.325732
20503522,4.0603967
14727221,4.844938
19675743,3.8423707
3130715,4.018677
12379704,4.554611
1541071,4.4805665
16671797,3.6175184
18348703,4.2971363
14404240,4.2570324
13192590,4.3489437
103311,4.1432023
6120099,5.3006206
4098793,4.035761
13952871,5.2197385
17142629,4.3774705
8336265,5.044392
11144100,4.500699
9348787,4.3409514
13624713,4.5917897
4766468,4.768089
2613882,5.349477
9489448,4.2236266
18599296,4.7708187
6145263,4.9155736
9841140,5.006256
14120360,4.644177
1080408,5.403106
10059825,4.273574
17380887,4.9525332
17864356,4.7283654
9046490,5.906386
18309454,4.997607
4661686,4.6597342
6092596,4.404886
15675520,3.7166533
18077040,4.7234507
14519882,4.062927
16040406,5.0103145
6641519,4.6278453
7688956,5.00463
19894104,4.7552233
17683202,5.3618264
964871,6.1716156
13978463,4.405658
17479792,3.8187566
13045435,6.0978956
2261953,5.246258
4766618,4.4450393
3106001,4.919495
7309368,4.66733
6786761,4.8377547
9033309,5.1534715
17233611,4.450212
11068506,4.145357
10833655,5.481102
2587096,4.502121
18291959,6.11657
19764336,4.8208017
951439,5.092461
16405094,5.1588817
14121595,5.041939
10994530,4.099894
21026534,5.1428833
20307020,5.1169405
18231903,5.4415174
7602161,4.9405327
15842436,4.952502
15969978,5.075389
15986691,5.3025203
16096687,5.02849
9514721,4.818807
4335812,4.9516373
17977958,5.2152395
295285,5.568621
17809067,4.4428267
12410912,4.2215595
8144647,5.021645
20236141,4.875279
6144351,4.436357
17093938,4.437225
16436800,5.1584206
1032943,5.210032
2825810,4.094662
11674758,5.6316957
13300633,4.6050863
16208102,4.2580166
14697852,5.3149767
15797268,4.167292
4025236,5.405494
12138042,3.8496487
13078388,4.392558
9844482,6.0729346
13673873,4.4352703
11641258,5.02164
12603912,4.152641
14199259,4.4627967
12979965,5.5133
18330343,4.343526
15379201,3.9522104
8483653,4.7179556
17893477,4.3470616
19539587,5.212793
9007425,4.216077
15370847,5.094986
17735156,5.6015673
15196634,4.3664103
3323268,6.0436335
502429,4.1425605
20883263,4.0427675
7292790,5.212872
17474355,4.7145586
8904718,5.560654
16809817,4.866494
2550816,5.4419317
8237206,4.2164154
16794070,4.9849863
8106619,4.502002
11497307,5.152728
3283626,4.6913266
7502419,4.5591874
18766120,5.66471
3053356,4.2994695
6692213,4.4326005
14442491,3.6843808
9542254,5.6404023
5406167,5.520849
16710300,4.844826
9476076,5.1540127
9806278,4.5018153
15164786,4.6175947
11658061,4.135503
10057973,4.421947
16388723,4.376612
6911587,5.786379
18103770,4.1313596
14263143,4.7406735
13675934,4.9969826
14088249,4.6284523
1412082,4.71787
61747,4.1867566
19882377,4.358022
15179462,4.1641626
13823753,4.162156
18689454,4.9853506
3767079,4.320631
9920084,4.830544
15725732,4.8719225
1200696,4.954344
18855394,4.175803
17605729,6.2359924
4393628,5.8752303
14688397,5.0978775
1913441,4.4848332
12794848,4.238692
20873112,5.098473
114123,4.1638923
18636230,4.0442066
843003,5.5817585
837121,4.122888
7264263,3.9248567
12759999,5.0888104
15130289,3.9334755
136528,4.0160084
13220428,4.8857985
10656360,4.9082146
12987523,4.85332
10066573,4.7738953
6973090,4.069356
4624467,4.1354213
7107742,4.24378
17943926,5.134764
14248006,4.7240486
149968,5.5112786
9348941,4.8631577
15896529,4.6350536
13622321,4.366436
16711476,5.7114754
11992657,4.9997005
3966772,4.8153887
16642752,5.0443873
19823776,5.1357646
8151198,3.8548515
7463435,4.9598866
15512558,5.3798304
2092588,3.8211687
12543169,4.871884
19909586,4.967144
14963583,4.2240367
17075450,4.7729673
14094552,4.5456986
18154910,5.7632313
6462192,4.3081183
8384304,3.967949
14013466,3.8970532
11343331,4.125728
17447168,5.5212
4846846,4.0579967
16298909,5.1184864
13379356,4.662447
1887489,5.228421
704068,4.0226483
16948592,4.783195
6436850,4.045371
10835440,4.4399405
191075,4.231045
16965705,5.5640187
17316217,4.8348374
7913239,4.25077
5863567,4.058447
4188514,5.252921
19363728,4.451375
1708781,5.177964
2250184,4.7720547
7621465,5.688356
16719674,4.912764
7988012,5.325646
15174084,4.702305
4603012,5.757135
4846449,5.553989
17475316,4.816912
18062078,5.792591
20227163,4.974769
20982734,4.829812
18585906,4.760747
4181776,4.0779552
18393252,4.2985497
4500513,4.934418
4109165,5.404075
691818,5.0248723
7417520,4.0038753
4542090,4.9219136
18136478,5.1168623
14415125,4.384512
9693962,4.326812
15582521,4.772307
5195654,5.764052
16287895,4.334709
18635729,5.3083935
15868639,5.42254
16791883,7.473075
7204489,4.9872117
617321,6.386075
16133467,3.8581085
13072071,3.9565437
9197311,4.9967246
738178,4.9523473
1298276,3.5613866
9273460,4.5860724
14744719,5.0381775
17126504,4.1422734
5013301,4.3462563
12091343,4.868518
229212,5.508593
6066176,4.404989
3420648,5.1492186
4950357,3.8220878
18627152,5.165233
4965322,6.3238645
15174895,5.146126
5991641,4.6697106
17821448,4.195233
66275,4.148269
299078,4.9154096
16088534,4.038689
7093979,5.235534
19087480,4.4073496
16823279,5.2084417
17095875,6.4224234
18449317,5.034135
19959233,4.925569
7954065,4.6298723
15330348,4.222437
17435890,5.1019917
16073836,5.6681867
12851389,4.6517673
361230,4.1941323
14065304,5.403824
17977130,5.5091896
2385344,5.1865077
9906899,4.545665
16913896,4.228462
9976820,4.6333404
134224,4.171631
7036330,4.3709855
5990979,5.2894473
9192942,4.429306
4714859,4.8036275
12795427,5.7414203
19961187,5.48767
12151892,4.275427
1407633,3.8852851
17929291,5.178596
13847526,4.5307283
9280612,6.4801993
20617709,4.0995765
16122148,3.97721
16973040,5.771631
21134823,5.021223
19716375,5.0893226
15253738,4.908482
20816977,4.4424043
13030752,4.5406513
1886294,5.19933
7827907,5.0178986
18358564,5.523715
10403231,5.091035
10939710,5.383984
10296962,4.734206
690675,3.964135
3731965,4.441575
11883388,4.608294
16480024,4.1153803
15716280,6.3693085
13546414,4.177972
5928949,4.7696724
9945730,4.15885
18040990,4.647643
11605862,4.9640627
8422876,5.768746
20916280,4.1746955
17302600,5.18724
12225271,4.0489864
17943817,4.488757
2249878,6.3510466
16044615,4.411704
16049909,4.083863
11872752,4.477559
13192867,4.3114977
446125,4.2525992
19229358,5.4648757
6318187,4.207762
18464398,4.723133
956521,4.828982
7699859,4.0277233
510543,5.4939823
20665530,5.2742777
1300191,4.2263465
818114,5.1702394
17925130,4.145997
4351295,4.240467
13396812,4.025883
12536277,4.222787
7764294,5.344929
20393012,4.2272897
18607944,4.825602
17172541,4.671698
5046190,4.920906
19950498,4.525232
12950332,4.83051
773041,4.4551945
16257439,4.3145375
13380566,5.165461
4427529,4.612939
12989018,5.59093
1919670,4.199938
5955864,4.64715
13170664,5.9767365
18209477,3.8736718
10478385,5.124462
3757993,4.889864
6470740,4.7365212
11398113,4.334146
20755180,5.043302
9602518,4.131133
20395935,4.2076993
9298895,5.4719496
15287347,6.115158
8723078,5.3261065
1305483,4.132397
12444882,4.55159
15500460,4.7141113
4993875,3.4465342
7791636,4.731172
16518218,4.522847
933129,5.3116474
1855186,4.3182135
21055896,3.880384
17654264,4.879484
15525369,4.9001245
16973454,4.963807
15734037,4.577523
20412306,4.2388654
4581155,4.550379
9974562,4.2466702
14932930,4.6323695
20456449,5.0457854
18175887,5.091532
18126703,4.7266116
15436871,4.77203
17621824,6.257101
126280,4.7104006
11027953,4.330514
9302200,5.1657476
12916646,3.4992216
4785755,4.4012313
16364359,5.0185304
16378162,5.164545
12145578,3.962514
8054733,4.0746517
20246349,3.96453
9878601,4.2071924
18182318,5.073549
13764648,4.0124655
18006155,4.7170935
19569481,4.6340566
20365428,5.5212
6416419,5.654243
11943846,4.7710605
14860317,4.1452875
13477414,4.0122995
9922753,5.0112715
4772358,4.808129
10138996,5.409376
18073488,5.339111
19013512,3.9783137
3706357,4.6202035
15376003,4.7729306
64574,4.623882
9450688,4.3695683
16391986,4.1263423
10923445,4.751603
1198466,4.030031
17414859,4.4739413
1470340,3.8272898
8906397,4.704154
20575909,5.516179
4421679,5.6636767
16338086,4.068995
453159,5.806516
8168982,5.7737937
17237257,4.206825
3769052,5.352013
11319529,4.1532674
14148904,4.790038
3874930,5.2661657
1327553,4.4300146
16743025,5.1059318
15788511,5.1928782
20996497,5.4199734
12852854,5.114217
7051483,4.1110387
18394314,4.55778
14083611,3.5081227
9147021,4.785666
18943821,5.1307697
20349546,4.850493
12823429,4.914603
18925067,5.597646
7719599,4.864872
19777368,4.8891554
5640375,5.014344
5971008,5.3134255
14470148,4.200995
15643425,5.307342
7679171,5.3109465
10970359,3.9795306
17922204,3.968314
9461851,5.846962
4656361,5.0471296
9882537,5.5909843
14180715,4.1591988
1294300,5.1385794
13261751,4.8590636
19387518,4.3085117
12040635,5.5128827
3603863,4.2690096
54158,4.903952
13308160,4.208725
19951769,4.143416
20575263,6.107576
13174433,3.9008496
7204425,4.6490335
13479649,5.3911223
21135598,4.2881923
6522149,3.9788435
20350489,5.0351877
1023586,4.754114
16241186,5.58008
13907229,4.9751635
10108811,4.123214
17874107,5.425964
19071374,5.411343
8753625,4.2696614
12490601,5.387454
15941087,4.5746164
17908474,4.343778
4936023,4.379846
18007304,6.430138
17088333,4.7121387
13328181,4.91088
15769448,4.1127157
1565578,4.4621778
19140351,5.871113
9409457,4.2104383
20755895,4.4360986
9480841,4.547413
10981467,4.0017233
10694466,5.1913295
8390627,4.7492757
265194,5.320435
7398163,5.087262
16177663,4.0442367
21136837,4.231552
19358353,5.988479
1240889,5.669073
17633348,4.161385
15890483,4.9485917
15653091,4.7803764
18393805,4.229042
17623880,4.604381
2352422,4.654363
13495691,4.2298155
6450118,4.592565
4702591,4.625441
738427,4.5241785
5816154,4.4411297
3634080,4.971084
4252321,6.2254434
10600032,4.9950743
16226947,5.1980777
2392777,6.7015142
16230722,4.395482
19803042,3.937085
1654929,4.392869
280393,4.7992663
19486540,4.485167
18010301,4.568099
869615,5.703649
666220,5.3249555
16390904,4.3162146
16742255,5.604387
10496718,4.9402184
13396805,5.2290506
9260415,5.202484
9664630,4.5372367
15409913,3.699097
7912525,4.706721
6390560,4.523742
3465651,4.7171273
14186788,4.6251674
9862831,5.134255
18610539,3.935669
10907712,4.2833195
11509497,5.0090475
14234781,5.538719
10996409,5.073223
14520743,5.4570823
17940993,5.102369
19588004,5.161428
16466870,4.2068787
720236,4.6883883
14052903,4.1591153
10906924,4.1342077
2038608,3.375738
9037702,4.1723323
18612718,5.052206
4710320,4.2626214
9415828,4.393729
13509110,4.3787436
12135399,4.957053
16721130,4.1849394
1789363,6.1920304
12456191,4.9631777
12984748,4.4188175
2465222,4.2484317
11171932,4.82543
7204443,4.1625853
19362117,4.9987903
18994394,3.7383149
4766903,4.0498285
836232,4.529611
600868,4.6274405
6675519,4.2145996
16087521,4.2278686
6373729,5.0302815
4274589,4.25366
2489615,4.221859
3568596,5.0976515
15532430,4.6810675
3867014,4.62789
7871076,5.2524157
15509947,4.202917
10105110,5.2623186
16185120,4.348088
13660425,5.4974265
8700820,4.678688
20840987,5.0698586
7660826,3.937492
14743077,5.7945538
16602371,3.9674711
20931306,5.554285
19569514,4.1827774
4430996,4.50489
16257467,5.989261
3726467,5.529351
14204315,5.043371
15208141,5.3838806
19248547,5.219211
16603386,5.6789412
7896215,4.5110855
13282475,3.8596017
14312883,4.4280767
17994179,5.050636
6591630,4.534781
21026558,3.9244404
8798111,5.016226
13392778,4.141182
3517984,4.458733
17363606,4.3345866
7526820,4.5734477
20349619,5.0654845
14773903,5.118083
920895,4.644319
18269285,4.5877366
6027124,4.363266
7512407,5.0822673
16791161,4.670921
3478304,5.8244233
2431607,4.40289
17097022,4.9058533
19663541,5.0458755
18635822,3.868874
3042297,4.9226985
10753967,4.2622795
9175372,4.717681
17959888,5.00048
19734231,4.1574497
12780475,5.1747885
2879268,4.4665995
16427245,5.465593
12207553,4.970931
13490001,4.619727
669941,4.1761785
21040297,5.145883
8190529,4.4085717
513313,5.1312313
15701450,5.6636276
886808,5.637715
3137906,4.077043
10879231,4.288685
19642104,4.759117
13745294,4.2723174
1242869,4.795829
16831974,4.380205
17226061,4.170397
13829630,3.89351
21139451,5.404503
5454513,3.9951472
6553874,4.622442
6447131,3.5618744
9064688,4.953629
13626319,4.637232
16821471,4.1876926
8420883,4.0364723
12625717,5.2309017
10941762,4.892006
19694238,4.643428
6262821,5.402166
13526888,4.8914227
20606246,4.102734
17857315,3.929918
19139260,5.142155
4709363,4.8038225
16973884,5.594741
7856208,4.4355216
3896579,4.6827893
7039045,4.6716323
15175183,3.9784079
15088290,4.4031734
12382239,5.005722
16252722,4.6200595
1822436,4.6617637
16974228,4.6455417
8781396,4.388896
21091647,4.219254
18791570,4.884168
1965712,5.0737424
16023497,4.74472
13928199,5.6602592
16809832,5.1586103
2046476,3.995509
7093604,5.446609
16298763,4.7381973
11904902,4.2235646
3906540,5.457582
6884147,4.170047
1257994,4.616837
9692905,4.25912
14964764,4.738265
20327659,4.246008
13895892,5.6401043
5051597,4.7629385
15867847,5.104639
21092161,6.4003973
6321615,5.172019
16718287,4.690729
7788846,4.6822076
2976758,4.413041
3103276,5.9926877
16143701,3.9904163
9473889,4.1616535
12781774,4.6094046
19743260,3.946667
7111430,4.298975
15558485,3.725955
16931469,4.6010036
6662967,5.8670173
15422071,4.3823395
17138584,4.192433
13199320,4.612506
20682422,5.012859
13954017,5.02995
9464030,4.6506667
8973469,5.910703
8105926,4.773764
2184897,4.890291
1871311,4.5414014
16664997,6.608021
764753,5.5106754
1427401,4.7654386
16528646,4.154913
13751295,5.2179613
17593273,4.639844
6987855,5.049626
18754265,4.7830634
9362234,4.373138
8029907,5.809576
997978,5.265386
18500972,4.2706113
13920697,4.96905
3614820,4.5538783
8697430,4.5800796
4643925,4.6816583
1798271,4.3284125
15581676,4.0696836
7826164,4.6867075
14968156,4.8518295
9705935,5.061475
17346662,6.031004
11182548,4.234402
860242,5.069652
17831799,4.305929
17095344,5.040699
16413742,5.888784
11020051,4.388758
17719455,5.4123616
2075600,4.9498334
16768665,4.232959
10968239,4.950298
11758424,5.1916804
11573292,4.5756207
13175984,3.9660237
16057380,4.5501595
15732413,4.6457095
8303748,5.602964
4777063,5.616789
4396512,4.6130924
12017651,4.1597815
9960320,5.167746
17463121,4.458498
10971386,4.5534706
18563261,3.953473
7751558,4.3985686
15857492,4.226377
13279174,4.0588346
6141401,4.1945577
2659448,4.298341
6345234,4.2651753
13557973,3.9831223
2519008,4.885181
63154,5.1068997
10236205,5.1505694
9507584,5.0710154
6726702,4.4009256
12520314,5.300425
14855909,4.3679495
13246052,4.893755
7416599,6.269346
20406102,4.0205956
16267803,4.186532
17004995,4.6876287
1618782,5.309564
19450713,5.058691
9333399,6.355989
16780463,6.384045
4408795,4.9268575
17988416,5.142394
15144124,4.3091702
15588492,5.0197763
18223877,4.593996
18505637,4.6379137
12172311,4.3287153
4156390,5.256235
12541712,4.56432
13939109,4.267376
17762827,3.590766
18276960,3.8857875
20222565,4.800228
18036963,5.0234056
13917372,4.701196
1259611,5.4803305
914595,5.148884
8127813,5.292486
8106473,5.0163794
19225024,5.2051487
17848657,5.669622
7304034,5.214125
4348199,4.409109
13642240,4.144118
12423316,4.6297784
19820827,4.0573654
18544460,4.6817017
18718070,5.2739754
9464543,4.7245965
20420499,4.5029097
11635497,4.433233
11327231,6.2129207
2022728,4.280752
13600618,3.8056943
15097243,4.006168
16831457,3.9915528
20969349,5.37364
20817599,4.3982663
3304165,4.392204
3628749,5.2293077
8729945,4.222945
4987922,5.4748135
2400409,4.58503
20899396,4.6102943
4069380,4.8530903
15285181,4.879223
13769379,4.7025347
10877492,4.354861
6557128,4.3121257
1993824,4.0729313
14571169,4.9140677
20727699,3.9555073
4226680,4.9581594
7828473,6.6125965
11210373,4.2658424
19347173,4.8355565
8071885,5.4602485
516836,4.5642667
7875673,4.9155474
16221662,3.8094556
13561402,4.057722
13732467,4.28491
15937208,4.6160254
17944480,4.276873
13257504,5.2528467
4218583,4.407555
18010173,5.3003044
10186839,4.2181506
18999124,4.2849584
8265182,4.7881603
16635569,4.8981347
17680909,4.1739154
4994497,4.781122
19760008,5.959874
13480162,4.233863
18612707,4.971101
18222981,4.1781406
7603389,4.127043
8555036,4.7289853
16769179,5.718396
18471668,4.594317
5734770,4.8304925
14650845,6.445155
11569479,4.505396
14319203,5.173119
2998901,5.1621327
16493494,5.0963836
13415594,6.2537646
19941916,4.8879714
8081426,5.322043
9490490,4.795236
13138133,5.372986
3220178,4.294594
1261122,5.987866
3075044,3.5400617
12949346,5.669008
7417444,4.3283477
16261769,5.08265
7718068,4.826315
7479725,4.61918
18732664,4.9978676
16693423,4.2530084
10366626,4.671127
11555166,4.909403
1494771,4.482935
17941728,4.569767
15706376,4.0663724
26012,5.550567
187526,4.6121707
3829972,3.817759
5433586,5.381655
16394193,4.1495285
13925553,5.4411983
21175841,4.6635633
13786225,4.930924
14788134,4.3227463
6018539,4.340457
5774184,5.382241
3162732,3.9724033
9796737,4.290358
3695178,5.7102585
3168102,5.727484
13492449,4.5957313
16578960,4.839959
2115061,5.2123513
18463055,4.624647
11224812,3.3935266
13686775,4.3273005
265626,4.65732
16515501,5.521595
8805264,4.6271915
12917279,4.528752
4386150,4.422464
10680330,4.3492026
18178880,4.9064107
10234232,5.5565686
229240,4.218631
19718049,5.6226196
19984106,4.938218
6965441,5.100541
19307193,4.524606
20049857,5.3758583
2168268,4.352742
14658102,4.0867486
16837108,6.511072
9919372,5.447429
4205224,5.240165
13262971,5.5002
14043732,4.5944657
14713835,3.8487675
14501533,4.6173306
13442656,4.71807
17388036,5.762952
17776905,4.2394257
16688638,5.1770225
15701813,4.6724358
20538783,4.6195045
14869271,4.8931437
4283264,4.500499
742779,4.181952
17745620,4.4194756
10275196,5.3759394
18018011,5.404014
19365293,4.6939855
10526371,4.969294
11121872,4.6613164
8824905,4.1028805
14234231,3.6653342
19014867,5.6801205
17234433,6.130294
3783267,4.5004663
38833,4.4623785
3371332,4.7645493
18523144,4.499346
12969574,4.702499
16855970,4.3782697
14134381,4.485306
5858907,4.331157
8547630,4.2355723
13771435,4.0522485
1523556,6.19945
2079671,4.3732476
14670979,4.8079567
63405,5.252567
16031775,4.8404465
13595786,4.098863
1964917,5.3059936
12989500,5.9005356
12789527,4.4670157
10343745,5.1898694
17927755,5.888784
6492449,4.687119
21121441,4.759966
18425756,5.566494
6804319,4.076583
8425789,5.0855193
8508295,4.0741353
7289178,5.095758
16941279,4.049054
17461475,4.1235194
681599,5.2530646
18432898,5.027293
9525257,4.843503
17150709,5.143399
259887,4.333366
1964520,4.7815943
15974252,5.0990825
5940622,5.9734244
14264490,6.377749
14667339,4.7644014
10887262,5.8745604
13115469,4.3819456
17865406,5.0901814
18478798,4.465059
18196542,4.150815
6957204,4.4803357
14914536,5.4138227
15410428,3.8433146
18152140,4.4986067
16436445,3.8057756
8939409,4.18505
14319461,4.28173
19177986,4.9139757
20712140,3.9265494
12309747,4.5240726
16027061,4.889963
8571607,5.324151
2500687,4.1204987
9536884,5.6658387
7773622,5.6254444
7809420,4.906883
7070287,4.5652494
351950,4.06209
17041458,4.9049115
19209297,4.0540276
4801880,4.8254075
252607,4.10565
16052890,4.6352663
9633323,6.0568886
18630906,5.0491734
1408281,5.55709
15835844,3.9531279
8054051,4.8271794
14358174,6.331521
16692839,4.1015053
20332842,4.7828636
7591555,5.2313175
19677221,5.323116
9476831,5.017821
14805561,4.9257298
7109438,5.147047
2268632,5.068849
13002432,4.675989
20882903,4.7785597
15729307,4.714554
13061864,5.144702
9050597,5.2365656
14730790,5.369771
20017584,4.681123
7281223,4.9913945
15233663,4.223431
2201581,4.622388
19571034,4.974875
15146736,4.421132
16374702,4.405704
5396701,4.28332
9196586,5.5750146
4785719,4.82162
2333512,4.392386
3865336,4.6672764
3184756,4.7990117
17820800,5.229353
18221893,5.3449426
8762885,4.867013
20933996,4.2414923
19102027,5.492447
17107596,5.010006
18755243,5.2639446
19330870,4.1211157
16769160,3.9964027
6292893,4.5160613
12826454,4.7984576
16577009,4.688538
2120943,5.1506405
7091102,5.609632
15360554,4.116282
6278312,4.4843674
18507847,5.3313346
17015994,5.1003304
20070858,4.9050536
17605255,5.0402675
19175044,4.285181
8410096,4.585328
16383927,3.9780176
20948411,5.3885946
11649096,4.242012
16733973,4.1355386
18810290,4.3464303
2326252,4.452317
7854287,5.733168
17988240,5.7814174
7677565,5.660794
812467,6.291525
239766,5.33864
10546606,4.1601825
1118155,4.3912363
12294995,4.70379
19411476,4.032108
12038773,4.74756
18224863,4.737305
16213713,4.5026913
14695763,5.199079
15193843,4.450218
19197693,4.10966
16067858,4.156749
2093695,4.2112727
8866894,4.805149
3688376,4.6927857
3701662,4.973981
810184,4.9702945
5511645,5.146275
5018679,5.657179
8097904,5.853347
638218,5.2354646
16417951,4.857257
17811202,5.465045
13140363,5.7571254
1340649,4.937256
14819796,3.766352
13709013,4.3221545
13695583,5.3962555
17765869,4.50806
2211325,5.194282
7071672,5.842097
20812710,5.061761
18820769,4.742417
15025885,4.0267477
16177309,4.2565937
7697813,3.8733397
14185733,4.881551
10752379,4.862343
20786496,4.2162013
20305785,4.971069
16692528,4.7327847
3291844,4.751677
15008979,4.435614
3137920,4.575101
9346270,4.8895082
10519192,5.521075
6287797,4.1047974
20712373,5.7076907
14454132,4.5315843
17011738,3.9699044
18291317,3.5965316
6445126,4.6344266
15395308,5.032359
17335734,5.25642
10060147,4.1196656
18501885,3.8176804
2969803,4.082975
16406714,5.828055
16827772,4.2054405
1932175,4.523342
9867830,4.7330956
18908082,5.217914
17816117,4.9009275
6701818,5.208192
13169085,4.069688
12049701,5.9182124
19924816,5.1357303
6373770,4.019704
19018530,4.1357512
2051311,4.0330358
14746103,4.2609158
18020654,5.032644
21127261,5.4133344
10031629,4.905876
663608,4.8392825
19608419,4.874951
8065056,4.3901114
14446720,4.620142
8953814,5.143569
20280692,5.697631
15309984,4.449579
10522830,3.2555165
7244605,5.1723533
4047815,3.9870944
15454298,4.432244
12963341,4.228012
1182465,5.960886
8831923,5.1684813
16192570,5.7510586
803778,5.142667
8964816,5.2213225
14111659,5.1278057
16212701,4.6842422
20325395,5.2459126
20127311,4.395258
16189911,4.164115
7401879,4.170135
16330364,5.384259
4117128,4.6699286
10945354,4.6118317
19501640,3.3104267
18935582,4.494096
2432104,4.5705066
10925844,4.057887
14918202,5.238229
9505111,5.6093755
17767077,4.66455
2302803,5.5608892
9612854,5.155579
720274,4.121623
1870228,5.091814
16868984,4.857476
20933849,5.420425
10708565,4.7488127
11451070,4.7960505
2633717,4.8031282
4861046,4.3676224
18492411,5.268398
13216357,4.793057
7389611,3.9872394
8443516,5.9186926
379255,3.8550663
8742017,4.6539593
17980925,4.2883825
19945196,4.3221455
17210737,6.377639
8189063,4.649092
13018125,5.3381844
1785237,5.3518205
11779099,5.463334
16131672,5.6498303
19135024,5.331405
1636189,4.2656507
9755708,5.402148
11210604,4.636414
1700153,5.232186
8574989,4.5457034
12845943,4.7922983
6304643,4.4489737
17778366,5.26557
16390706,5.2313757
14578426,4.7331223
10840500,4.5756803
13509242,4.854336
11421345,4.4153748
12388760,4.742551
14945449,3.8846009
8487875,5.260593
13864224,7.33874
16191702,4.1411514
8617807,5.0885344
6677292,4.168583
9219613,4.430273
5013302,4.111578
2650655,5.2396975
16507990,4.883902
10526745,4.610147
20499320,5.320655
11842312,5.3475847
8283646,5.265037
8513839,5.02865
17383627,4.3534636
6592125,5.6095757
8864713,4.121603
222054,6.610197
4936367,5.1390824
7900957,4.744407
13605151,4.0712366
15485820,4.5780196
1466688,4.4999633
17461591,4.990789
775326,5.0640674
20544129,4.8942533
13672736,5.2332544
17292086,5.2579365
1013647,4.0270443
1896135,5.004369
16748255,5.2009835
9717530,4.571021
9667545,5.5847373
580106,4.088407
476702,3.8406672
13731019,4.6270905
17425181,4.3963113
6676113,5.125691
6216840,4.21216
2169722,5.333841
20738762,5.211072
10417611,3.844093
3200805,4.714432
9134702,4.5448236
8209055,4.9527516
9828061,4.612436
5548012,4.1214604
12404103,4.5531354
11926240,5.716426
789961,5.4118714
3278691,4.957822
11220167,4.076318
18736577,4.4122925
3635624,4.4022293
16178389,4.1465716
16281069,4.9091554
657121,5.0665727
2013271,4.9901323
17462443,5.1193953
7275018,4.278893
5911997,4.8674097
12009685,5.506567
20978416,5.0546846
1246861,3.758836
16912166,6.3209453
19367928,5.79497
8924108,4.90075
13940981,4.153619
20724750,4.6340413
13681156,4.767475
19265709,4.236359
12782677,4.8585563
18508181,5.0535917
5872177,4.7062225
9047169,4.3615437
4545882,4.696515
17477888,5.2605715
8881329,4.913568
9768159,4.634111
2706986,5.216529
13528101,5.307225
10021820,5.798795
11921509,5.312394
14771563,4.2115183
828130,4.637761
6629331,4.730603
17587833,6.189042
15144105,4.82689
3980488,5.6349697
9997012,4.5701184
11964820,5.2468305
310524,5.271367
16159498,5.7649384
1080839,5.25466
19623990,5.4033265
3217221,5.4041677
15073872,5.0750194
13167453,5.1652203
15397048,4.409125
14041196,5.8539586
16978311,5.6076593
17810293,5.2002745
13715920,4.9007907
7036285,5.4339046
867430,5.054106
8309453,5.427586
6378613,5.3560715
14143905,4.172353
4120289,4.275507
4311233,4.1984906
17317934,4.957101
15707951,4.0115943
3884405,3.9544475
19389677,5.2500896
508117,4.15815
15548151,4.4748373
12833096,4.230208
15758617,5.0052924
6421429,4.657278
8234295,4.9009323
14782340,4.6878667
9864083,4.346043
13003911,5.9279723
8291283,4.9218307
5433691,4.8876157
15421709,4.412605
6452019,4.494271
5806687,5.490173
2051499,5.406198
16367591,4.6144004
21105443,4.2019
17587872,5.5551558
7742889,5.3166213
4652263,3.9662027
858368,4.9404507
12290871,5.116847
14114099,3.7890532
16793287,5.362373
17158871,3.994749
17840682,4.7301373
10250068,4.6589966
16258076,5.2225475
533646,6.161979
20785941,5.730244
16650376,4.87686
6705598,4.365711
1965766,5.3349276
3410087,5.4876895
10542140,4.740895
6764572,5.246074
4481694,4.2974606
3963003,4.574095
17875790,5.0837674
10501228,4.2035956
14840286,4.1775355
4286467,4.3657
7194042,4.192385
10809774,4.125031
7200915,4.8386645
18790185,5.413457
14405694,4.5916505
10116726,4.1249986
15876303,5.500087
1682936,5.205077
19660760,4.331619
15896915,3.9046326
11790047,4.390897
13407615,4.48707
18312039,4.6292224
14759718,4.6125946
13474455,4.117296
1428024,4.6283517
8152985,5.2322206
17027685,4.068033
12857006,4.161273
20451532,4.6372256
3954385,3.9702249
9614897,4.611185
17983809,4.9044094
12714737,4.5970345
15866666,5.374562
7092453,5.115553
11210229,5.5761137
11695404,5.2452087
14802259,5.4767385
7370409,4.211126
6020237,4.8838406
9301261,4.846289
19306213,4.8872933
3602379,4.489105
3513580,3.6613564
16736311,4.4160933
11340781,4.1563272
20066828,5.00152
16338002,4.7065225
2070542,5.233232
19548468,6.2432156
12998461,4.89249
11249945,6.0077353
13885982,4.816206
12300734,4.6747026
9773158,4.350037
4512980,4.464865
260786,4.632376
6327222,6.4053226
17763777,4.371575
5212133,4.41545
16565385,4.6388965
9738438,3.965217
6310903,5.317155
16274975,5.4126563
15147021,4.4718566
11772813,5.511095
14807194,5.2567735
19807095,4.645192
13993682,4.7460814
5385943,4.912664
16050081,4.557317
5581820,5.619355
508391,4.151876
17093551,4.6678534
12496037,4.154447
12426778,4.7032766
17499578,5.5768456
1766843,4.3148856
12793735,4.19361
9558052,4.390558
15499688,4.268501
15664419,4.7498913
13398471,6.313948
6589412,3.9185884
878142,5.0665674
14274761,5.1182265
15175161,4.9392505
15510939,4.6472015
3966549,6.0120864
12606818,3.3032324
9899132,4.8760123
9564481,5.63798
21027182,5.2763476
15860740,3.461848
15677474,4.0483346
21175597,5.5357046
9566350,4.5480633
5076606,4.5431223
20303971,4.387147
21172524,5.9088097
16339662,4.729932
16001652,5.112181
17249794,4.4407563
15452878,4.804084
17845650,4.3791924
16481370,4.8964953
10365512,4.599394
9496213,4.322424
12602972,4.57445
4161013,4.729312
5077160,5.692055
13649577,4.96599
16806661,4.5483384
3629096,4.6107955
2496069,4.978683
4973812,5.7968416
6750870,5.101146
275443,5.2808475
848665,4.69179
13590617,4.452027
3166850,5.583166
15821159,3.6964445
13637858,4.200991
13374231,4.1438937
11582733,5.2259574
9631379,4.434172
19672748,4.0642176
19082515,4.574865
19571928,4.567243
16837793,4.976983
12622513,5.1346555
19381528,4.5388665
15081446,3.4844122
14711343,3.8863885
386682,5.3171144
13283424,5.414656
2305098,4.6822896
10815856,4.6417546
11759332,5.4697146
16599206,4.5104322
19084351,5.059962
7872172,6.2670174
18911323,4.601177
8733472,4.865515
16542704,3.9906073
917077,4.772419
1076326,5.9302955
20804049,5.1460047
13771201,4.1453986
15144961,4.9616084
6102073,5.4855614
17676950,4.105465
17964596,4.953883
18176903,5.295485
4245267,5.1693892
11477869,4.543775
14467580,5.768621
8029798,4.99402
12025151,5.09901
5932999,5.116846
16254280,4.7974796
5965796,5.2053804
14202103,4.272336
14854197,5.579655
11374189,5.041801
5932161,3.9420817
658278,5.248149
10193455,5.767937
4144630,4.195793
17433873,4.209142
16000375,4.5709434
7882666,4.7627892
19180837,5.299303
13117706,4.570425
19490255,4.1863856
13797461,4.7854776
20435636,5.4630713
2687132,5.5628076
18135992,4.9347305
1683548,6.021407
3943,4.2435355
12092632,4.6234183
2237591,5.3115644
2557977,5.450987
14570492,4.1811237
14900561,5.2331233
12784778,5.083934
13398192,4.9479275
277703,5.1044827
15470075,6.488331
16617969,4.829647
18122494,6.0027685
1586454,5.147133
15087714,4.794821
3402121,5.2106824
4726722,4.495156
9400570,4.644332
6627449,5.917822
15708125,3.9752822
11114607,4.3975015
16251872,4.5418377
19325574,4.7052655
210904,5.2964163
8425058,5.531825
18314432,4.4384274
5588537,4.1162953
18581005,4.142863
3939383,5.2562118
776500,5.052422
11651929,4.924371
16647466,4.2356796
14403485,4.483167
19019762,4.8189797
16272946,4.435537
14909417,4.2427354
18887398,4.80323
17976539,4.870126
18056405,6.0578895
17073948,4.1920824
12366408,5.2204814
10677426,4.212891
11493255,4.2593083
7784030,5.153571
18273632,4.6105633
6150855,5.564259
8273678,5.259889
10856210,5.490379
1574392,5.2145915
13788581,4.1987886
9201479,4.2853174
5268045,6.25036
12271309,4.227012
8987369,4.358564
3221082,4.987224
12463556,4.2366023
16844909,4.196038
1129483,4.328614
8171965,4.311302
635158,3.954477
19356288,5.563316
12125920,3.9009528
1012743,4.183698
18289321,4.7701197
21160782,4.821843
12308267,5.147988
13590109,4.5915437
279120,4.7086506
2088918,6.2253504
2309140,4.7124557
9541295,4.2041
5976821,5.050523
19861995,5.553822
4297273,6.5552826
4666794,4.440321
18490778,5.524134
7544340,5.282509
8583834,5.525808
5549530,4.631932
9492399,4.685042
9198833,5.179209
19912699,4.324651
19299486,4.6414423
8793509,5.8607883
16270139,4.03102
15042665,5.265307
10358712,3.9542935
4103906,4.1202474
11256834,4.5478344
20570472,4.327078
12287550,5.042543
4178970,5.292323
14166388,5.4550314
15741430,5.2520094
336788,5.232493
4274462,4.6184855
18894387,4.7456
8488273,3.8039417
8735827,4.3324056
12148081,4.547816
10068734,4.795427
546573,4.2381945
1628156,4.2347283
14649111,4.421384
18690545,4.27071
16006008,5.3261037
15645780,4.6229935
18430596,5.352926
15831401,3.9243944
16133252,4.837791
16190823,4.1963944
17515391,5.2319016
5321538,5.270227
19439682,4.5166574
10100241,5.5435467
6286253,4.4869676
11315042,5.4707484
15530746,5.036907
14640082,4.956408
11440783,5.8610344
14053401,4.799605
15476794,4.859779
16632005,4.8759556
3096080,5.7307496
15064630,4.245235
16147461,5.0672426
10018963,4.4553137
13040171,4.5975122
20895262,4.6848345
7332132,4.2179403
2392301,4.32035
15901678,4.842076
14789788,5.2410975
17639681,5.7386475
4840355,4.3944635
17980147,4.0731244
3585909,4.93237
18432579,5.137981
19893315,4.1326146
1301177,4.570687
17828444,4.575232
10712234,6.171317
4746764,2.725924
1316333,4.9704328
66008,6.088379
14552514,4.931309
4658293,4.175097
13115640,4.3381953
16429223,5.48179
15885946,3.9165704
16832091,5.2274103
20763303,5.121353
2460250,5.42067
8757763,4.157735
11010008,5.483528
3761244,3.5560818
7800946,5.074413
17944244,5.113722
10185611,5.16727
7480066,4.393137
9548935,4.025359
12668906,3.893318
16415921,5.3866663
16490625,5.760987
12708213,4.9585266
4172633,4.672042
5660850,5.8453803
9434464,5.1946263
7911917,3.8059332
12566957,4.663972
10917847,4.9335303
11829415,4.7077756
6261682,5.3135595
3815651,4.806153
8425657,4.345588
8147851,4.395281
14040041,5.9831347
15378960,5.0688825
13148724,4.518517
2346296,4.375388
20607717,5.248462
2416191,5.4716196
4438470,4.534573
8761854,4.5448556
19084673,5.174574
15903906,3.7432983
13066824,3.9201686
6071529,4.1730905
17680494,4.2610316
14421403,4.8151546
2685987,5.8351655
5631916,5.6588774
16276224,5.2443743
17759953,4.307004
16204899,5.023823
13603043,4.353499
11707920,4.5386324
18176961,4.6696773
17554889,4.434458
7825207,4.7830825
15205552,5.5338335
14667614,5.5272765
18054979,6.396058
8130859,4.8012137
11524692,4.4997606
5151917,4.75654
18078850,4.087989
10132356,4.787778
18199963,5.2663727
10267242,4.723042
2175879,4.293377
19637057,5.3265414
8900026,5.1158996
12472335,4.8761187
6713990,5.4150305
3291691,5.1180205
13082538,4.256587
13602433,5.252699
80684,5.2389936
736324,4.757956
18078759,5.48012
10654904,3.9554572
14105944,4.3145843
20091785,4.735769
16479443,4.436357
4709922,5.46149
8353634,4.309584
12493291,4.969856
12209026,4.8721704
16124108,5.887675
18509458,5.5950384
15194653,5.3904786
8292614,4.547165
19696559,4.568788
11143821,5.4442577
5126967,5.406383
589136,4.751655
13562244,5.147072
18153759,4.2914224
14550581,4.295703
4483496,4.4366093
19430074,5.7570715
20982704,5.069654
2509881,4.096887
2177753,4.7459593
14183553,5.594571
18729447,4.9265914
7244171,5.236957
11439405,4.7262673
14055140,4.842734
4764999,3.8884661
8208321,4.774138
14043464,5.414693
8320112,5.2472787
15872286,4.1255183
13262935,4.6828723
19329897,4.6725283
10116914,4.786232
8770,4.0824156
15535391,4.8340993
8224269,4.6721945
19144106,4.3083267
17496320,4.6759458
18655257,4.624701
722264,5.157439
15111597,4.539047
6868670,5.212337
1557050,5.646009
964751,4.857961
14621206,4.745064
13116850,5.1866927
20664275,4.4298835
3304579,5.1848783
20520410,4.791014
1349237,5.0219913
6492864,4.187271
13363171,5.4549165
9617574,4.288933
20848451,4.1723447
10117709,5.3608294
5054911,4.899575
15592241,4.3923807
13182016,5.471436
19830121,5.392138
11398458,4.6123447
18305741,4.7160363
18191678,4.472493
16604563,5.630978
18227529,5.035706
13636926,4.704309
14533631,4.0275435
18997254,3.9663546
16208177,4.9389987
1140890,4.8517165
12158543,4.9628525
17285797,4.772738
12937848,4.7848
4885956,6.3135867
3971357,4.5279613
12293500,4.2190413
13589984,5.485178
8482762,4.717989
20122329,5.1685686
6108310,4.8320312
15317785,5.045671
12678029,4.1092625
3530229,5.5062313
18094184,5.548869
16457779,4.6482406
9428207,4.51667
16444320,5.441301
20881198,5.4646597
12544839,4.9640245
6623471,4.5328054
15628879,5.050061
17437365,4.303625
17319171,4.9488077
7921556,4.9367824
14861467,4.051163
809072,4.411167
11397141,5.3126755
6361669,4.672663
17869181,4.2861824
13316577,4.6174192
3121011,5.5123463
14472612,4.339857
5846300,4.887351
8764263,4.6180263
10586068,4.132408
10787042,4.7874517
12307167,4.7068796
9231257,5.1957436
7677423,4.8592663
318021,3.8035746
13493075,4.826827
16426089,4.326418
8518330,4.7833266
12273788,4.6561832
3793056,5.1351466
4580643,4.2563086
9740010,5.0255566
6070899,4.38663
8703319,5.815899
4481295,3.8745654
16095603,4.0039167
8714408,6.1930976
15447320,4.6778564
15339067,5.682477
18310698,4.483253
18357032,4.5269723
4365799,4.1214447
5920522,4.8930163
10784650,4.7677245
18119309,4.2945857
11259824,4.2250104
11436980,5.332423
9373100,4.0932074
10431239,4.583066
13623452,3.9944284
5893473,4.6372905
4593770,3.9074442
6625405,4.935952
15507387,5.055182
7666916,5.128342
204051,3.9936757
19604361,4.4049025
9436135,4.8651867
17428928,4.653794
18251922,3.9872258
6401361,5.3476644
9157940,4.1991835
13656635,4.3531966
15175616,3.896279
16831533,5.55923
2793004,3.8544493
9561222,4.6103487
18272023,4.0109153
5690424,4.3475084
9796155,4.268762
6505232,4.7356277
15915608,4.1697245
10945139,3.958024
20992173,4.5434012
1524017,4.977929
20455204,5.689932
12956051,5.0224767
20864277,4.782181
14552533,5.026596
7133178,4.067459
18462188,5.4546404
1094916,5.4983034
5481762,5.951088
19571919,5.76103
4045784,4.0387106
16929145,4.539337
13147438,6.401902
8967874,5.897989
6390990,3.844881
14452096,4.3962207
15674334,4.656484
3883849,4.8301187
2098870,5.1451325
12253809,4.058209
16481497,4.7145977
15295107,5.446237
16302805,5.4554324
19438978,4.6951733
17573354,4.281367
10570359,5.4133596
2717307,5.0052004
19806225,5.617561
11851231,4.6946564
17267665,4.357876
6146843,5.262351
4793787,5.1705456
16087737,4.8310986
4622571,5.1119413
16677358,4.0773406
6914622,5.605323
19738289,4.7143626
17070148,4.8299937
17696926,4.0828347
14552102,6.285111
13220125,3.9604635
6089007,4.9519567
6377862,5.390098
15357873,4.962945
17364659,5.411164
4342895,5.7486444
18411956,4.334061
13620494,4.7974143
6644449,4.2405763
165573,4.2973948
12287890,4.769929
9678429,4.3781414
2857464,3.454081
10016353,4.517098
11991366,5.205208
16100501,4.9027634
12713090,5.195949
2890368,4.1252775
7618832,4.8036675
3712345,4.25167
8904662,5.110974
11866503,4.2729774
18542490,4.7822814
6768827,4.4629197
13446210,4.745864
8420572,4.2394137
18596543,4.4020996
6575422,5.503595
47275,5.002682
17046071,5.9967494
6784171,4.2494917
4393519,3.9609513
6119574,5.070045
19781990,4.969285
12930113,4.8453393
15218161,5.588284
18321772,4.373054
14615393,6.085052
3944933,5.033098
16028615,4.703096
13685477,3.9036553
18897119,5.3035026
18783089,5.1437955
21141875,4.9456244
16767439,4.700397
16475844,5.1623955
2611538,4.8857803
20071791,4.495675
7918,3.9668028
18053113,4.517466
506088,4.1630263
11420139,4.478173
12208905,5.2631145
9113729,3.9066088
11097632,5.289583
6957122,4.2954283
6965529,4.7968974
6153123,3.8367667
8090919,5.121507
10354038,4.3278956
13641909,5.5973315
12826166,3.9626362
19287758,4.3188233
2763137,6.447952
6790961,4.590911
9973654,5.731524
16804740,5.218436
737444,4.4623194
9790477,4.8706446
14860876,3.7956061
5061575,4.683706
6561038,4.8520923
10569282,4.4182253
10546734,4.0347786
9795877,4.4402533
19194997,4.916868
20216964,5.0417027
1861548,4.5537963
641532,4.816844
20883200,5.9190054
17142458,5.425627
13733873,4.815367
2156260,3.8824747
18547194,4.218995
11973178,4.59583
17265236,5.547399
8776928,4.666051
18151742,4.672794
5057976,5.02479
9963988,4.1120777
11829449,4.2418804
8831392,4.9639874
7462470,4.7493544
12862171,4.688024
19781391,4.3655553
19981294,5.0478
12865283,4.393254
15500521,4.3604255
8000915,4.474572
174803,3.9166188
16069626,4.7556925
6423299,5.214229
5046189,4.2587767
15506009,3.66707
10200715,4.6308155
9707636,5.1114097
11341616,4.029288
13099488,4.8441353
19635738,4.752177
6613154,5.7126117
15214880,4.0871153
4430657,6.094455
476526,4.2740464
1830244,4.7459116
17766314,5.7236595
14314,5.4964623
766973,5.1756754
16532819,4.71891
20531731,4.8652444
16972611,4.1379085
4244476,5.129114
9386847,4.4758935
10000943,4.5245304
15268792,5.101549
20983613,5.0493045
17416599,4.3061376
13914765,6.0246987
18583876,4.4577236
4470011,5.9814987
19282527,4.708809
5771361,6.6722336
20816972,5.0282836
19267073,4.5214343
12111930,4.848237
7221446,5.2816687
16614278,5.0593286
891953,5.149698
19941910,4.126554
20550403,5.4715505
18632455,4.2750525
13810027,4.3219414
17073813,4.202404
14996188,4.5818653
15550357,3.9253647
16253685,4.4903316
14838808,5.781424
6002382,4.309445
17666624,5.6436186
8488834,5.2188687
934102,5.369952
13488534,4.7879686
17223981,4.750344
20623243,4.8529267
8951806,4.351764
4252808,4.8016796
16579442,4.124339
708637,5.1900125
20428484,5.9168715
15801033,3.3263938
12871814,5.6349306
17792429,4.9074297
4759937,4.4826612
14915471,4.7137303
16337271,3.99135
16873128,4.812193
12401402,4.905702
4623018,5.040353
16244781,4.9030695
17850722,4.232805
11972141,5.385609
1110346,4.4675326
19039411,4.9273467
17907655,3.9974167
4550353,3.5337014
662034,4.8793197
13532128,4.65452
728759,4.407648
13418206,3.997343
16437305,5.2457166
37738,4.9501967
17495787,3.3537393
15663513,6.0816064
4257685,4.9085307
13211620,4.1437755
658046,4.7925143
14842843,5.3416896
16630334,5.0678163
9119210,5.3499093
9405719,5.1961675
17993162,4.881453
13462577,4.785957
13201976,4.958737
13102116,4.13855
15084086,6.0776067
19947454,5.18653
13866814,4.8284698
8141967,5.856434
8191170,4.8824763
5339911,7.034424
17702768,6.1063104
14222142,4.289846
13586549,4.363487
16019972,4.463615
9295206,4.7506537
16413992,4.25123
8838513,4.0704055
20635250,4.837432
985667,4.023465
13096400,4.1047263
18217032,4.5430684
15466441,5.6266522
13827924,4.97326
10225863,4.771887
399888,5.142058
10592215,4.4228663
17318320,4.1545978
9293898,3.929665
15632020,5.0542216
17827123,5.551672
10166883,5.324622
15049472,6.119286
15087332,4.417678
18568809,5.252743
13018021,5.4828286
13912881,4.771739
18010139,5.498544
13359436,3.8748581
7490760,4.7051535
14073163,4.8936653
12952523,6.073778
8520911,4.575182
17586014,4.514968
74073,6.114288
16676515,4.8359995
11691859,5.235911
14168034,5.1648645
5592949,5.3080792
5058299,5.600189
16671355,5.7353272
8435582,4.734411
12207964,5.7809815
15464828,5.2208776
5940268,5.28748
4813781,4.9296603
14774354,4.5391254
2243984,4.3745203
2298722,6.1894274
10075450,5.056851
13281571,5.797073
18430267,4.3728
13300660,4.0511093
3852843,5.5714273
17432038,5.1876206
16458,5.619398
16275037,4.3889265
14093943,5.625905
18893198,3.9513934
20169817,5.0205317
9331214,5.7519865
7920250,4.368634
17572311,5.0684547
4734983,4.8732085
5593601,5.075028
21062843,4.6636744
2723180,5.815899
13136376,4.7892375
7696980,3.994038
977267,4.772151
7125052,4.7587447
8131285,4.9912343
16393500,4.9689074
11689750,5.328457
13916358,4.148283
16757501,4.783994
18347469,4.7640815
3952473,4.6263723
19829957,4.050422
12855537,4.121726
19943797,5.373164
12128527,6.1397157
13348600,4.9298244
16322139,4.2144985
9236790,4.3233905
12934496,4.6755724
7050316,4.25665
14589457,5.000388
20989806,4.387508
18396887,4.8901157
10513135,5.0097837
16670289,4.391594
2650125,4.2631726
12566041,5.2937007
7869796,4.661843
14569725,4.7151933
14360509,4.884097
8106026,5.267671
10855523,4.0632706
20138853,5.7266827
12081222,5.292586
15480695,5.3334465
10070413,4.1663985
17072544,4.2797613
1276554,4.232476
12815096,3.828643
20980627,4.8254275
19197277,4.9105735
11315228,4.9542136
12426775,4.8914585
2272872,3.8047469
14712735,4.8364105
15133710,4.0910983
9882522,3.9490967
16310963,4.771338
12948486,4.5694156
789686,5.4014463
12778606,5.366122
27028,4.2644815
19362402,5.2410884
16509960,4.3553596
9032751,4.5687003
14339824,4.088098
19103076,5.7685976
488327,4.8444853
14895510,4.497085
19721036,4.0815635
8571629,4.645617
20874820,5.4822063
9331114,5.675764
7896539,4.9206266
18214147,4.706797
18127237,5.291055
16869085,4.0372696
6120333,5.255406
11274078,4.8107176
7917008,5.822846
15885992,5.6271663
9923037,5.4702573
15422181,4.9614434
93540,4.643223
690960,4.814736
20664395,4.583185
6622120,5.1545734
13208951,5.111751
11824105,5.1794543
7076206,5.0539546
6784999,5.0592628
3529888,5.21771
16603769,3.7372177
19504080,4.8350053
19980160,6.107882
8386889,4.2396836
16828675,5.2599144
20788578,5.7322364
4968798,4.8082614
13785938,4.4321275
20817152,4.0989027
20722844,3.9447865
16086870,4.8422976
13451379,4.7607584
18184623,4.892143
9995753,4.192638
4614435,4.27854
16541884,5.762146
9331036,5.1784806
17625675,5.485081
1027463,4.118495
16230057,5.3229246
17729060,5.16644
14949161,4.823025
19981092,5.053871
13961073,3.7995577
2274295,3.9188604
15720837,4.664355
7366691,6.6392145
19502320,4.6376734
15785785,4.3793774
18288362,3.966976
10186684,5.9721756
18827071,5.1333036
17684359,4.8695583
16627548,4.269455
11604005,5.3686686
20395608,5.1425624
20195683,4.443852
8864716,4.6409473
3843997,5.4679995
17513277,5.184577
9369328,4.8789473
20205227,5.638049
15916485,5.702238
256078,4.8904743
18755373,3.9744258
7970927,5.083797
8505892,5.580902
9731479,5.0338717
4098656,4.818963
18473414,4.2621474
6748788,4.7623262
15257994,4.792747
20746223,3.8350563
18483243,4.610422
16765102,5.636012
7281277,4.860763
9215155,5.2363496
19038705,5.12039
2243462,4.1176887
6516410,4.8067775
16465058,2.681789
478604,4.1501703
16534602,4.8167467
20605087,4.111277
14982907,5.0145345
14951857,4.905958
15884287,4.7334123
12857693,4.877784
6823882,5.31324
4357464,4.2603703
2513351,4.503624
13962203,5.735581
1113125,5.444602
8877733,5.0799065
15327841,5.359044
11010288,4.808919
14438244,4.1639986
3603622,5.021004
16505003,4.8568273
2666204,5.4711795
998925,4.2569814
7945940,5.554204
9707426,5.025113
12351225,4.0402846
20085462,4.966537
3493840,4.665025
4551090,4.089057
15997512,4.9978967
571242,4.8772016
11701404,4.0320067
10614478,6.095405
10613200,4.3054614
16240049,4.3786535
1839341,4.7473826
11698006,4.7067814
17026833,4.6879687
18986503,4.174804
8120490,4.6208205
14267010,5.4883432
13910530,4.045881
11362569,6.109712
3577693,6.0101023
14962291,5.1335754
13190642,4.7041507
19679007,4.860574
13151673,5.3457055
4211379,5.6095757
3544655,4.6621428
12358882,5.2214384
16113877,4.4727626
2998869,4.282281
14627223,4.0717225
4582684,4.505228
14383299,4.4826612
419200,4.374841
20775101,5.0012255
13020147,4.1047435
17344078,4.2540984
3344931,4.8812585
19864595,4.257418
7114665,4.519827
9999294,4.4236507
1785575,4.7372484
11146400,4.5953116
1950318,4.6890206
10223695,5.0736084
5990023,5.361596
17996806,4.662419
21110772,4.006904
7241980,4.0450287
15344463,4.7843823
14965996,5.565077
931579,5.060299
9843998,4.9826484
14541986,4.605592
10835542,4.192096
17385380,4.288961
4966041,5.1699934
12028733,6.163117
10408566,4.139185
14670390,5.738728
13432253,5.0543523
11928146,5.0960755
10709860,3.8087146
18290597,3.9972782
2576971,6.3547173
16648951,4.7709584
6948970,5.8755603
4694564,4.50982
11695285,5.2842584
18412293,4.3007317
17721886,4.000661
18756348,4.2941475
15611196,4.9374914
16043329,4.8254724
884598,4.7001967
10010012,5.254893
19488382,4.699977
15949525,4.595367
14473872,4.256187
18024702,5.355725
13006383,5.2589602
6800916,4.250046
2488837,4.7391744
843943,4.984594
7274483,4.143846
8294525,4.480346
14038503,5.0605397
6232987,4.2017803
4685448,5.4583073
10789998,5.310081
2880944,4.1908855
6076745,4.110818
18523983,5.8008933
2228693,4.216966
3278436,5.3777122
8324473,4.2356486
16311148,4.733
1720664,4.6677837
456451,4.707694
15083737,4.05248
18094117,4.3788524
14210928,4.157003
19914209,5.277496
16644221,4.885204
956612,4.9280224
9318545,4.8440456
5960798,4.5463724
18767961,5.171731
19970315,4.0397887
10600572,4.021369
6813025,4.4439754
7761644,3.8020704
20858051,5.357703
8552338,4.892879
6912189,5.013791
3040673,4.304263
17480547,5.5842752
3531684,5.463266
10038250,4.900892
9739621,5.0154266
13476315,3.7201626
18558700,4.28435
20234416,5.998147
15002273,4.8365345
19407153,5.386913
9881685,4.564418
20285257,4.881007
14415992,5.1016927
12976191,4.8826056
14806859,5.364668
18176946,4.4084682
16845408,4.8648815
13506956,4.2490325
14254802,5.38204
19893509,4.728339
10343542,4.9761376
11900,5.6401296
13894976,3.3413951
1821859,6.240058
9173233,5.8805246
10599195,3.9474854
17026578,4.394999
9317916,3.8675954
11658239,5.4141026
13486885,5.5798974
4263072,4.0629253
3939230,4.594938
1828443,5.235691
4490396,4.790177
16378328,4.039959
19288937,4.405876
1354619,5.4925814
9959067,3.883746
18397081,5.6479416
7488402,4.237363
646570,4.114674
3311690,4.163765
5989881,4.4906545
17509770,3.9956906
13866423,4.4939075
16221912,4.1554594
5031569,5.062985
13544874,3.8192701
12546117,4.818245
15005202,5.0637503
5262991,4.784516
19971005,4.587282
19097358,4.741099
21156632,5.239904
16100002,5.168082
14845075,4.5928264
7958214,4.8061485
11411839,5.2859764
7702451,5.328458
15176641,4.1034813
15769147,4.5927367
8870310,4.3944674
14265515,5.166205
4533298,5.0681167
12412896,5.277262
16443566,4.323397
8485571,5.705995
9901546,4.6904187
12203001,4.8345633
7054585,4.114499
1644684,4.8670583
11326005,4.978657
5158249,5.801843
1354973,4.770595
20175220,3.8066216
15328533,5.052125
14317759,5.121455
17450190,5.297725
12601326,4.433093
5730176,4.2873917
18548629,5.6085577
15952702,4.1480513
21217774,5.4800334
6412848,4.385893
6222895,4.842626
15420103,5.7205744
16011877,3.7464736
4003231,4.823675
17641624,4.3994393
8343,4.6821604
15176931,4.8301153
12307813,5.2024574
924658,3.7299836
16888446,4.2097006
5221064,3.9195926
15376447,4.879972
16975889,4.8198476
12592710,5.0483274
5007164,4.5517306
17341267,3.9417357
3978823,4.1969857
8390580,4.2580485
19603624,4.1892915
17924967,5.16519
18129594,4.7027154
482365,5.086564
18072810,5.3195205
20912583,5.3496923
18025058,5.57981
17108142,5.625018
4735505,4.2727466
16205963,5.125998
859586,4.826735
818337,4.1137733
9734068,4.7073255
13980280,4.1068525
13550120,4.395727
5411135,5.1352205
11482924,4.1126
19449783,5.078701
4075898,4.192867
1891017,3.646154
361023,5.9086576
20916679,4.305803
8901436,4.740592
10946042,4.839021
16741935,5.662811
6239043,5.516145
2054032,4.76191
10942409,5.267642
8550351,4.025205
8393713,3.5084841
19083121,4.6771216
4225569,4.853449
13114388,6.0484858
5707524,4.5335865
13033156,4.4387045
14310860,5.1488867
19331762,5.3050113
17881850,5.390987
3112708,4.67378
16986063,4.851006
6703380,3.9483452
20748268,4.780898
7656308,5.2475333
10882515,5.3263063
5693799,4.416036
5126076,5.253493
6525271,4.16621
2054909,4.2190404
14222252,4.3573694
9333739,4.5322833
18225813,5.2105193
7714405,4.815805
3194383,5.1451464
6223976,4.6789346
15692969,4.8393393
6684697,4.224067
671022,4.5458994
20213310,5.6350236
14742751,5.5436053
18360099,4.618269
2070192,5.9308023
2404647,4.5099025
7678792,4.897582
13789960,4.7053995
16428954,5.4336543
3689473,3.7656257
16226031,5.9344997
537271,4.536834
11379052,4.034525
1093570,4.548903
16289239,5.4010477
19064354,5.1686645
19532164,4.1195927
6053101,4.8412952
10083881,5.8414564
20826953,5.5477734
7614312,5.2086854
8630185,5.069956
10705968,5.0214663
15954511,5.4516335
17965518,4.4993052
12796750,3.0987792
33399,5.243866
15219128,4.264113
13066690,5.779082
11969704,4.545256
19528396,5.8794613
2162330,5.2854333
14249694,5.1992245
16422375,5.5261602
15842471,4.9107895
10635941,4.9009805
3791176,4.0621557
17972013,5.416949
18473391,5.4837523
15112825,4.155284
3242606,5.652645
17945950,4.0616345
11281523,5.2241783
17098274,4.45248
8042732,4.20234
9614427,5.0297637
11470818,4.205382
12624783,5.1072826
7575345,4.207887
16859322,5.5065694
3931550,5.1970286
10546363,5.6757665
7431316,5.0025263
276491,5.3501687
18128788,4.201172
6511675,4.7370515
1750679,4.917672
16709779,4.582909
10436526,4.217889
15874916,4.8474364
9814831,6.9260635
794535,5.5826044
19151760,5.3616023
13280980,4.037558
1104042,4.3360057
13356566,4.150774
6016647,4.6265516
5959882,4.894111
557213,4.462802
20499955,4.923899
8427940,4.374136
8079564,4.540883
15204760,4.8891745
8189753,5.197353
16405268,4.89568
16543304,5.7711515
8547335,4.2179165
4902565,4.5641513
20696327,5.273377
14390217,4.151078
4859407,5.2182965
9196933,5.0152836
9755793,5.006654
12815199,4.9841576
345502,4.1849055
13633405,4.7257953
3853680,4.4197097
10086885,5.0623865
13056210,5.6858907
9046242,4.3080254
15235199,4.7933726
8614790,5.9730077
5629953,4.8064837
2586472,4.8319936
17368962,4.5762463
5125711,5.362833
12902372,4.1880226
7733964,4.124035
10891265,4.623297
10995743,4.389321
20655641,4.1586285
14772401,4.029219
18624243,5.711376
17531080,5.389675
556729,4.059644
16000972,4.516214
6810307,4.5168195
6238463,4.225695
18646653,3.9114823
11257722,4.768279
990171,5.945432
5051551,5.551871
14783613,4.905595
14747405,5.0011287
14981413,4.290979
2876055,4.1893616
18857290,4.67328
7115022,4.099437
20376438,4.5914993
16532992,4.8254676
18686508,4.5912375
12776925,5.668784
20906852,5.0478053
2131154,5.6722984
18564261,6.07025
2948671,4.1031413
5685076,4.6668367
2357443,5.19363
3272552,4.164246
1128894,5.0372586
11700306,3.941756
465959,4.727742
3992691,5.0655537
8606256,4.7843943
16997126,5.0214453
8905281,4.6467705
7051813,4.7172866
2746220,4.856619
17559846,4.27026
10070760,4.17016
12829151,5.0813594
16604785,3.9808607
20708493,4.6439304
626136,4.3773704
5165050,5.1553483
4597234,3.839714
13882984,4.9652405
19356659,5.4111605
11555265,5.107524
20605501,5.5340905
19459315,5.0358343
222913,4.7663894
3638792,4.160466
5518629,4.1360407
15557960,5.598684
2267278,4.152065
6129137,5.684896
19505195,4.9198184
17935960,4.483808
16885779,5.147231
513573,5.824032
17016070,4.214647
3750550,5.7216983
13650050,5.0463643
13981376,4.169503
13447151,3.9476638
21042513,4.9375687
13860284,4.1551805
3790118,6.4472594
17515757,4.92427
13444902,4.0668755
16917550,4.615947
14897631,3.9024806
18450568,5.0980263
16690221,4.250509
422820,4.235138
845517,5.081613
5046140,4.986805
12623635,5.475131
13902591,4.939719
447304,4.273906
15936971,5.1570044
898737,5.132514
1937571,5.934478
10119327,5.4682755
9906855,4.9702806
13774019,4.366267
17178213,5.9092426
195229,4.299394
1644146,4.478886
17781440,5.4473867
2607700,5.2270603
16626584,4.6017084
6545310,4.7861543
2057480,4.597075
17701106,4.4780536
1095376,4.1676927
20353612,4.687238
1721157,3.8986742
2659183,5.7625313
7616844,6.007701
16634378,5.2020473
12370520,5.170921
1954653,4.801793
12906879,4.6284084
699284,5.09661
7420598,4.7107763
18852048,4.5744543
3447361,4.004454
7309679,5.2484674
5038299,5.172639
19814846,4.763276
16985413,4.8507047
11646493,5.7518377
4917217,5.841192
7435304,4.131378
8630001,4.10961
9048768,4.1358128
9944808,4.750054
3459112,5.1374397
19099875,6.163073
15628815,4.5001006
3236561,5.681969
11096433,5.926563
9256276,5.078031
11103145,5.222221
4848364,4.598138
15465050,5.847441
4424391,4.207686
16814616,4.173097
4690677,4.1302557
17778277,5.61062
18232716,4.327508
16635384,4.7996244
3936970,4.54943
1232365,4.111151
18311634,4.0313935
20787119,4.074214
8980303,4.8104286
18813227,5.310533
6750510,3.816999
16554836,3.583011
20571968,4.203826
6823194,5.250323
21007370,5.4197145
17513722,5.000158
19491534,4.478112
16241555,4.643343
15154,4.142182
5627530,4.9496584
10970583,4.771952
13530588,5.51886
11023949,5.6651444
18842537,3.943194
9341334,4.475048
12467337,5.2183433
15028677,5.0805607
6822854,3.8052244
8323464,4.8116655
8189121,5.0151486
16924932,3.892502
10193457,5.8330255
18074535,4.849965
4902497,4.1504993
13452384,4.2154474
19330743,5.379046
4386475,4.2376666
11218988,5.319505
18509431,4.3041735
13308276,5.2883844
14430192,4.824808
16795643,4.6678023
19654640,4.240336
2559297,4.5916286
8829524,3.997129
9906415,4.297346
7161189,4.1571927
2341778,5.817468
11240462,5.2536473
7246757,6.0452247
16240325,4.338172
6290441,4.057717
8736973,4.5880294
15959135,4.4478374
17111385,4.491993
16304936,4.5754714
16725879,4.054069
10594745,5.032276
11772032,4.923668
4965526,5.3236623
20483551,5.1105413
8734707,3.8888235
9050129,4.7361007
10040872,4.5619226
15072215,4.1757293
16917319,4.744185
18945706,4.3077593
4225455,4.249693
180792,4.6210494
14215135,5.7015066
5926953,4.4100413
953314,5.0328774
9476198,3.6545486
9153411,4.8807197
900225,4.2043295
15873231,5.7682014
2636762,4.670888
1589348,3.8172214
7092618,4.8887367
12054586,4.2786326
9864428,5.846218
20641534,5.3066278
755352,4.1793885
15660378,6.032313
17860959,4.8291397
1438504,4.2746353
17718480,4.0336356
2947993,4.089112
6135360,4.1917396
8740876,4.1423874
10755749,4.633068
15069107,4.9243937
13532634,5.156595
15820088,5.0807576
25662,4.5680366
6712685,4.0459785
20504313,4.8508797
8043255,6.1329308
1407015,4.7599716
13265419,4.2637324
16174929,5.0117617
1970915,5.2326965
45556,4.296463
4502159,4.1375713
6303827,4.4636564
12158713,4.1086416
319724,4.3580594
13742824,5.191539
4621287,4.1261687
17459536,4.1216025
11572296,4.0856857
12884871,4.956771
17495095,4.642968
1700471,5.3960104
2957425,4.398412
6524402,4.327654
20379114,5.171879
11906184,4.63861
15971308,4.104035
16397410,4.142877
19701913,5.7897305
14058023,4.8910084
19947116,5.241227
18689901,5.0046277
7071689,5.126626
19764276,4.3511643
14933982,4.5249906
16872355,4.43568
16741578,4.299648
2721883,5.4378514
13402594,4.0735354
18790512,5.930068
5558358,4.7899575
16686651,4.737802
2157550,4.7030725
4853287,4.703815
15096276,3.9406786
12835688,4.1999607
5066502,5.1143904
4227161,5.321357
6601333,4.9040647
18040970,4.214025
17144905,4.526586
12549742,5.185622
15344384,4.688262
8967464,4.905127
10538353,5.0749936
6784818,5.3022137
20545358,4.7732835
9468121,5.038121
19101654,6.151569
11530845,4.6735344
9751826,4.2954183
57874,4.088198
15407276,5.439051
15673447,4.2698984
16365022,4.472078
14712562,4.742472
12171619,5.19516
18077648,4.468313
4240663,4.41984
16934360,5.1621704
14120431,4.0166984
20819304,4.211215
1456006,4.8628125
13684464,4.62277
4917508,5.5212493
15647398,4.3350277
13371699,3.9423678
5214613,5.0413637
9824042,4.4298196
16475217,4.5466204
14822480,5.3591256
15160743,4.7647433
13866223,4.666726
1354761,4.645452
9409422,4.173037
17904960,4.190926
18931999,4.943398
8151072,4.2594094
9465691,6.103586
13362097,4.537177
12497715,3.9418588
13281894,5.774466
20123290,4.2060986
17937634,5.1301637
12498361,5.8155394
428180,4.9696207
741154,4.000321
14056226,5.2679415
19606319,4.645258
13545656,5.007709
9681391,6.323783
1584362,5.103559
8274123,5.073808
19019541,5.054498
8303267,4.894696
21118935,4.5505233
837256,5.677034
14387235,4.9607067
8743145,4.2666955
7438892,4.891855
11125769,4.641259
14802396,4.750587
20703941,4.183212
6044116,4.503632
14569955,4.3149457
6078393,3.8725948
4997688,4.7227364
20602769,4.8336296
9967360,4.9900346
11730644,6.06159
19927120,4.8657365
5780038,4.3880496
12129245,4.118996
4430808,4.730466
12884764,3.2576156
19136283,4.291313
11870060,5.507394
19848467,5.059062
18157022,4.4088435
5757509,5.014624
14928081,4.541276
2978994,4.2623796
7820423,4.1418543
16119921,4.290717
794020,4.749015
18838320,5.132184
13863311,4.591696
12024356,4.488826
8485642,4.462961
11357962,4.258644
491529,4.7525334
13909352,4.596167
10812807,5.0860972
16218886,4.4034314
7075989,4.8568535
11315578,4.9393516
20881491,3.9992235
142177,5.1169133
18960937,5.5999517
13194639,4.31534
13671826,4.349613
12737316,5.21269
6167141,4.135088
4802903,5.129272
9921925,5.643413
17015877,3.8661895
20875414,4.386241
18020992,3.6356995
18874079,5.6552634
729811,5.008495
11983792,4.9325905
15122037,4.4455514
1294678,5.2209415
18073796,4.82007
16133543,4.709508
19853102,4.7187643
7518412,6.946839
17287604,3.4825387
5977676,4.9138103
19347330,4.4788475
19307532,4.954755
7634095,3.9801686
16689720,4.1789904
16395274,4.4240723
12567869,5.2125835
11633801,4.2846823
13252064,4.754641
12193322,4.619888
16689548,4.8140554
17530177,4.6897154
1434010,4.5985184
820108,3.8500495
15603933,4.4625087
9975089,4.561499
12466113,4.232011
15285254,4.441505
9825146,4.413818
20439721,4.265855
17461303,4.321019
269521,4.824702
17693322,5.9134645
11702558,4.125211
16908007,4.557657
17180872,5.022957
13152477,4.871211
10019508,4.0633235
3870836,5.371109
5402480,4.6820345
17608647,5.179347
5969441,5.4823365
2641500,4.176462
6609871,5.801694
13083478,4.8409452
411757,5.163974
11222221,4.3360305
17179516,3.9968655
8548529,4.529986
3241057,4.962631
18027003,4.4448323
6716133,4.0295305
616517,5.1880026
19636696,4.4394145
21014394,4.314063
13564457,5.2382407
13437584,4.826652
8838057,5.6868715
6939175,5.731936
7939396,3.9683914
16702101,4.7713156
13418981,4.666756
279123,4.557503
7604874,4.2824917
6702670,4.033041
15521162,3.9232318
17126112,4.096475
9901706,4.9659696
9095082,5.0016894
14233622,4.435132
6730873,4.889778
10038633,3.91315
13222957,4.769699
11911827,4.991894
7367165,4.2345595
7094961,5.530571
8905219,4.3938203
10054040,4.1767817
11971223,4.7164993
7575044,4.6598
16587034,4.5799656
18675061,5.055491
6627354,3.5965316
20301415,5.565129
15656529,4.548906
18475187,4.610036
17545775,4.195889
19068598,3.6528811
3841048,5.1394243
13866911,5.119418
13714244,5.118375
3504289,5.2888174
18491306,4.4644647
16827423,4.346051
5972977,4.1536136
497390,4.2114296
3861771,5.4497085
11849017,4.812598
9514832,5.439199
11522815,4.658427
11656750,4.441751
13618887,6.5225987
17603822,4.733916
7239024,4.2239423
13630666,4.134074
16405871,5.057071
18078087,4.027188
16811931,4.2343297
17541468,5.369333
15771978,3.5309076
571561,5.2154045
3319447,4.8578577
1467522,4.295075
4995993,5.3546557
10263331,5.4342732
13301513,5.8583493
15483422,5.913532
1594395,5.4017997
18273125,5.6558394
15194855,5.46659
10673957,4.277607
7783059,4.733757
7841833,4.0080338
15097942,3.958119
645075,4.3399944
19811442,5.4554095
15253187,5.3717465
12568104,4.7116504
1243943,4.87817
11981145,3.7953608
20388115,5.5456476
3082327,5.419776
9128834,5.2413898
16618464,3.9738503
12155274,4.585441
7055126,5.4863696
5613279,5.0260434
17808523,4.4689813
13732689,5.804248
10553960,4.833728
536865,6.201754
11378048,4.092859
13297200,5.270933
908640,4.3336678
13717077,6.369478
4629321,5.3160176
4416167,5.2460303
6653315,5.2485995
9525241,4.289861
14976743,5.9172325
10075793,5.1344714
2127746,5.025225
20192804,5.0242934
9771237,4.8867784
1199115,4.6418734
2528636,4.676523
1540744,5.2472973
17480071,3.9851153
9944415,5.2142553
16488612,3.7295308
9789350,4.9915257
19836161,4.7534156
8442373,4.157417
15924108,4.4791417
18383025,4.289258
18313045,5.0329075
140133,4.1783085
17641299,5.3128123
16720186,5.780554
3048226,5.0313997
876488,4.8086762
3039888,4.197194
1819094,5.4835606
19315635,4.23135
15659032,5.356156
7053165,5.1421194
3340979,4.6758747
18175070,4.472108
6338345,4.353005
15174001,4.686538
15768964,6.172071
16407582,4.802689
11929230,6.5273356
17517144,5.118064
7618790,4.5230308
1614622,4.0835166
11151224,4.316282
956342,4.750688
3638852,4.7020946
17029043,5.5013843
7834733,6.6914573
15899736,5.319112
6237175,4.585835
3155385,4.20962
17282807,5.2560663
4742068,5.1529093
11227725,5.11688
20641793,4.6043963
13078025,4.3194137
2380815,6.0136046
19865338,6.3815575
1450426,4.0715637
880851,5.0591574
17451062,5.8346214
7807454,4.6804748
10460113,3.837682
8356513,5.129005
8053899,4.2091413
15404167,5.192373
16432772,4.1671653
5938249,4.7265043
14819274,5.178735
13374096,4.358624
15788639,4.216803
3037740,4.897488
7857367,5.0398865
11498108,5.668307
11695338,4.70067
20741563,4.503344
12674680,5.0813437
18460988,5.4648323
15288521,4.8842406
16976743,4.762673
3355334,3.9052646
13020509,4.802842
12973134,4.3263335
16002946,4.586558
13953352,4.5168786
7727061,4.082472
16435345,4.1379256
16596505,4.3715367
17012372,4.7558823
13479621,4.8789
13776092,4.806019
11463766,4.8689017
15433592,4.603326
15932054,5.6474476
20468295,4.5489383
13658448,4.5663404
10879152,4.4876347
13172832,4.550956
17177397,3.94733
940014,4.4863715
883480,4.599586
20902120,5.2110276
249914,4.2098885
7744170,4.595161
14932128,4.94374
15045213,4.019286
6055004,5.886224
6288338,4.3347564
18874472,4.882949
12551557,3.912577
4350779,4.3701844
8133707,5.4852138
5144689,5.6210794
16480197,4.196564
2544519,4.014998
16693523,4.8285837
19267834,4.8542666
13895437,4.63601
17750513,4.207087
6674155,4.80178
10437411,4.9903207
7507613,3.8202112
9547920,4.189569
14840923,4.221919
18961687,4.0560794
13361254,5.9168024
14652395,4.671966
17112645,4.1300936
7230002,5.140009
7526789,4.635073
14590476,5.366265
4996296,5.678237
20355009,5.3067846
17462665,4.257432
17318005,4.921384
3861766,4.9261785
11478617,4.841999
2953058,4.1558204
8191897,3.6590014
16829090,4.3181934
18518371,4.993375
3973944,6.322797
16678990,4.9562817
13416018,5.0693197
21150610,4.3773575
18072133,4.6877913
17669561,4.5533648
19209752,4.165601
18025977,5.3448334
13408222,6.051368
15967807,6.174658
14303090,4.6427298
735752,5.213192
15041577,4.931804
17155092,6.0442314
15565686,6.3131495
17250557,4.892364
15068710,5.0249805
1635088,4.2700467
6661923,4.5314727
314982,4.858653
12270982,5.087859
221043,4.899358
8828828,4.53971
13262678,6.158247
14733825,4.2337737
13091817,4.6095557
16347088,3.9803388
7783204,4.897955
18026744,4.6370034
12972320,4.803636
16442120,4.9349685
1551816,5.0342717
4280053,5.128127
13091999,4.220286
16814989,5.2213373
20850006,5.1117296
2031532,5.07615
16954330,4.2319794
16088335,4.1499333
15518009,5.6423326
12739738,4.78429
6038470,4.831878
6913446,4.860671
7699542,5.455408
20570245,5.6809654
6003758,4.0917883
7953568,5.6567383
11759291,5.017381
18228031,4.5687575
12940401,5.7797575
16338784,3.6800277
19565685,5.421327
20653931,4.6620126
19545851,4.156777
450011,4.952084
15522617,5.599388
10409218,5.0280733
16112118,5.6552415
4053905,5.328748
6185114,5.1870847
589372,3.915626
13923165,4.7804437
13997786,5.06058
7197517,4.960323
9471413,4.809527
18042855,5.140519
7036,5.6553445
8883877,4.4378557
18019524,6.1471705
4805121,4.001178
7665005,4.8506093
16439961,4.18033
19327413,4.135691
6832719,4.276721
5384671,5.050344
20846133,4.0867996
11950973,4.232244
13433314,4.122519
13432549,4.9424944
17124479,4.2821546
15314296,3.9120078
3992823,4.4146247
16497949,4.8305383
18396828,4.975225
18488856,3.9340062
9079710,4.9985733
7092292,6.2852283
16428385,3.9787693
15085952,6.459334
4624167,5.440994
13510949,4.0881743
16544492,5.2022305
11970709,4.6844687
18809842,3.9714322
19717632,4.2176075
9789885,3.7135212
15192421,4.142851
1363957,4.359698
8580746,4.7620807
19299031,5.223104
3197682,5.0773773
17734063,4.3541236
3732219,4.8390183
6748891,5.1716843
10767453,5.491796
16758804,5.2705293
18255181,5.276405
5521034,5.110236
8322485,5.833236
13712952,4.84125
6453006,4.3721056
11753465,4.737935
13810779,4.2572947
8933294,5.140735
14163030,4.926084
16879532,4.9707804
11734795,4.3943777
749455,4.266674
10984873,5.3145146
8161540,4.858041
20500854,4.5708284
19176053,5.1058993
11719158,4.49189
9755479,5.1314564
14300751,4.873867
13253745,5.896783
20996673,4.0872025
7823272,5.0675273
4573728,4.8080873
5423591,4.0772724
20802183,4.743652
9861808,4.206389
271279,4.090814
15189549,5.0598273
10789854,4.5705338
7855363,5.7806077
6224336,5.0931563
12998341,4.0523777
7399178,4.5948744
6807421,4.02669
13637287,5.0016418
12521681,5.1784825
20798442,4.3078856
19346434,5.02205
13672624,4.1464934
1252565,5.727419
1503618,4.9960914
10061326,4.707454
12334385,4.438126
15113479,4.956634
16807804,6.26261
19122217,5.166323
647303,4.3352103
10115466,4.8053675
8702851,4.4976015
3966209,4.699731
18263278,4.2157564
16930596,5.0584407
13675249,5.084278
3117463,5.2345715
12489892,3.8209367
19014787,4.5039663
2096756,4.7335467
17496511,4.8174677
319760,5.851311
5760370,4.566067
4227441,5.222573
12194958,4.8952413
13623747,4.7910166
14782334,4.586371
4644669,5.6037154
15194432,4.1011558
11797375,4.6861186
6886298,3.859851
9169630,4.1977916
596042,4.1734834
9577217,5.1437654
18013489,5.044986
10049766,4.109478
18395940,4.9072747
14353820,5.737619
19069427,5.805797
12105612,4.607334
17763234,5.587628
720341,4.562352
18109405,4.824412
9367059,3.900477
7531770,5.740606
10919968,4.995926
5955634,4.446503
10038811,4.385604
533152,5.4579306
17794248,4.1449614
7599569,5.4759135
438464,4.2991457
9677584,4.6405087
11638838,4.181291
1654738,4.7457633
18199163,5.107976
2164707,4.191132
18174567,5.1859946
12589159,4.742883
66161,4.2643123
19505816,4.7523446
2227203,4.536288
5914810,4.9767623
12365752,6.215746
10112451,5.348558
11861349,4.5857635
20169188,4.5235376
16267895,5.5447464
17699634,4.3261876
21023168,5.9575386
16898261,4.852064
5489541,4.8293204
1084130,4.6649046
12813386,4.276856
14916549,5.107468
15745662,4.8827057
7004408,4.7032633
20638551,5.2304792
20589739,5.3405695
168084,5.2426543
17010314,5.2796397
21051823,5.1870008
13650968,4.7069697
4000561,5.021385
18870621,4.7580824
14254566,4.190142
7581918,4.544741
8420645,5.0024605
5704948,5.2866483
12954148,4.795042
4294640,5.618277
14024708,4.6935296
12734158,4.766078
5537851,4.1840425
1735489,4.834846
17513483,5.168266
18448865,6.2174582
20352808,3.9981503
20432569,5.4135904
4932139,3.9206505
20269147,3.79546
10525911,5.549429
14815997,5.030101
1759462,5.2253075
1412311,4.2995257
17939305,5.0776424
18193066,4.237587
10512812,4.992826
16033356,4.6881084
4491042,5.862596
3457939,4.1781287
11436712,5.1769395
8319488,3.8612275
6043733,5.09602
4994266,4.9438095
16005973,6.758764
15758553,3.4871137
9976986,4.347543
1235787,5.132273
7671080,4.158912
6146238,3.9965944
15166328,5.0264244
6884851,5.1927614
13201181,5.2521825
19673760,3.7953928
16943329,5.611643
8842889,4.4409194
9026474,5.077639
13223445,5.0098
13150028,5.8749895
17027369,4.8850565
5928632,5.263999
7949668,5.1291404
11046995,3.955995
9760592,4.7163687
19390402,4.2309394
13538157,4.3981094
415304,4.8751063
17211543,5.316665
5351,3.8225892
6885175,4.293276
9547199,5.109278
16431343,4.8005443
13225764,4.7247815
19004305,4.1973124
14902818,5.2296376
2748064,5.241872
5681745,4.9239674
8206060,5.3591933
4119675,5.8398104
47362,4.2901435
660016,3.334412
3430612,4.3189816
15676807,4.566388
9972346,4.23838
11681010,4.455268
18476047,5.123986
6276574,5.560948
20801024,5.2692304
14206695,4.6953373
14855816,4.8665895
9185425,4.799768
13641058,4.944769
16281303,4.683781
9479123,4.814906
155859,4.1194563
9824112,4.958626
18253339,5.2000437
16052779,4.902581
18433896,4.998936
8731224,4.1205153
17608850,5.735875
9575442,4.4417906
20862512,3.8476236
12493987,5.4654655
10074173,4.7403135
15116193,4.698838
12813503,5.1375775
9505047,5.5661397
14745479,4.488339
236267,5.402831
17131113,4.3759265
8426628,5.1924524
11986817,5.315513
16366668,4.5307417
17611930,5.217146
20173308,5.1115193
7278612,5.285579
17331104,4.5922403
20556376,5.0599165
4782564,4.814386
20572354,4.138985
17945048,4.1087914
20460427,4.4250607
21113534,5.018009
3894472,4.889779
15480030,4.486251
13345572,4.771174
18486947,3.7082796
3991431,5.2006454
6134199,4.5908766
1074670,5.5540934
6317776,4.4364915
1647010,4.9628854
17072596,4.5774217
15692543,3.9416256
638875,4.4755454
12173904,5.1046586
20759914,3.686801
506659,4.4725146
7246272,4.9319444
5409372,4.1975346
16147102,5.390924
215784,4.188654
3917107,4.5838227
20980209,4.7937655
15343612,4.5433755
11874127,5.160985
9758041,4.3481374
3192470,4.9882402
18590492,4.745517
18580921,4.327917
4329515,4.625346
15249018,5.0987887
5578843,4.7656207
9133739,5.9026256
13400409,5.2790966
1836000,4.3395214
13152955,4.218416
18916998,4.746553
437352,6.545379
16179346,4.485245
6255597,4.973441
17326116,5.5392356
15193464,4.6352544
5709246,4.9109316
2754912,4.638337
20478963,4.1882544
17498871,4.8493676
3842716,5.0382385
10612067,5.3823056
17239342,4.267225
546383,2.8729126
16829087,4.7156796
14605670,6.394926
9827386,4.3441315
18580548,4.7187266
3129731,4.733339
12475300,5.8307514
6727661,5.0986905
6257715,4.7693057
20586622,5.788749
708731,5.2230167
17046027,4.9118323
15289766,4.703246
7801034,6.678316
6357527,5.2274103
7026258,4.23504
13734592,4.7383842
9394635,4.2961545
12282434,5.898026
454929,4.5505853
13522173,4.8755317
11041752,4.894237
19339770,4.794674
4423735,3.972555
9339092,5.112223
18331554,4.251558
9669321,4.0999565
13065228,5.339931
15117107,4.205253
7539610,4.309602
17445991,4.716298
6179073,4.832165
18506613,4.214794
18344118,4.7336807
10367884,5.4329596
13631074,6.312782
18975009,5.292591
9900650,5.567883
16782127,4.707353
16331827,4.539601
9686580,4.245263
13261006,3.5281737
11213078,4.823032
13660081,4.388159
17990157,4.552116
19931560,4.9150953
20389872,4.313551
16995414,4.34621
12473611,5.5775976
6051951,5.0222473
9064211,5.359492
6038392,4.9234204
3341682,4.222809
8530589,5.2945476
703971,4.013606
9736600,5.701445
11992689,4.795801
9390274,4.3068585
14669901,5.059537
1101403,4.525932
6180121,5.2603874
16945597,5.3947396
17669272,3.8348212
1755806,4.2888317
1088886,5.2654643
10789497,5.3271065
4325329,4.6476912
19585646,4.4156265
5258459,4.5894327
20202816,4.9244866
19803775,5.2109866
18434006,5.042822
13998056,4.4693513
14500012,5.1134586
5433246,5.3142366
8054815,5.077624
821625,4.7332563
16168123,5.4652896
8499619,4.1789618
6567114,4.13411
15804990,5.132236
62925,4.8992233
2961876,6.1582894
8442634,4.7624865
19871002,4.055553
10419147,4.644525
17738855,6.2172446
651475,5.0093694
14673134,4.1288147
8917018,4.038993
466274,3.9704328
20137039,5.7029514
20300,5.811538
17632840,4.7720194
6018798,4.237715
20959276,5.2663393
15673365,4.2800083
14058357,5.0470014
13266202,4.2531605
8955133,5.148495
504938,4.868926
13045531,3.9824502
15616815,4.601601
14851292,5.1502876
7413866,4.285524
14141318,5.5725546
7573430,5.3526635
7496203,4.013359
5236234,4.9357657
10791348,4.1881437
19951032,4.168141
8542487,4.4255323
9615976,6.106836
13744322,5.208493
19244550,5.008384
5353612,5.068213
9530845,5.604388
4368547,5.765549
10514866,4.301249
9861323,5.9490867
1970816,5.029399
11020738,5.3118205
12202511,3.917145
17027582,4.894286
15272696,4.1132836
3720986,4.6935606
7713808,4.8336444
12953757,4.105719
8501722,4.8551526
679800,4.7707114
3842804,4.852866
19780937,4.7057595
4603588,4.6447
20151455,5.969932
11511,4.525012
9570618,5.9341416
13425681,4.0483947
20408846,5.045358
17992269,3.4312975
18785214,5.64312
20076485,3.8064513
456457,5.338307
7070947,5.158524
16177970,4.9906955
6672742,4.9828453
4471138,4.843864
9219472,4.815274
19904805,3.9630482
8273001,4.177803
205867,4.596352
13490648,4.0738444
9763851,5.2151194
10339429,6.3175893
17153135,5.76902
15174710,4.1088204
2088389,5.1862836
9825539,6.01301
84659,4.703648
10484019,5.087451
14042849,4.1722403
14304657,4.938051
6316005,4.309333
17027867,4.748456
361603,5.43821
9635981,4.702559
12918614,5.651671
7518765,6.151071
16701336,4.2747536
14385830,4.467323
11653481,4.9239707
8649257,3.9660513
17500531,4.5271616
17468583,5.546688
17276529,5.4450808
7764330,5.2177954
14429918,4.4107413
7223802,5.091892
10344726,6.470698
14916629,5.461818
14809312,4.243419
16720354,4.1362286
1210748,4.1210475
17117631,4.642648
5797401,4.3455434
2494739,4.0753994
2021458,4.5877047
18785037,4.9514914
1987949,4.339232
6973286,5.1145487
15973684,5.0432625
7333311,5.0681195
762478,4.3280845
4343011,4.877198
16056618,5.3824162
18737881,5.4580007
16467367,5.0875273
11658782,4.730676
17621139,4.8416963
12370347,5.173485
16497519,4.156246
18215003,4.1199493
18293658,4.2603855
17792832,6.1524944
15195286,4.9854627
16189105,4.6761723
6577874,4.44698
14768657,5.3866625
467839,4.224781
5432597,4.5416603
16088162,5.285048
16917225,5.3864064
18865511,4.5025563
7440618,5.4242406
15080994,6.427273
16414567,5.2593846
8656806,4.7422757
18242005,4.8067584
16230159,5.0768275
10988496,5.458536
6014718,4.6274343
7775454,4.397025
4681486,4.782018
6935299,4.785157
3920562,4.3985877
18294675,4.560501
5656458,4.125784
1150382,4.693981
18735449,5.0854664
15635287,4.0308795
1641060,4.326048
20693444,4.201378
14963779,4.143326
19014010,4.2084055
18007393,4.7394843
15240480,4.893048
7690210,5.320046
7762930,4.4220405
13853304,5.2610955
9809709,4.5600524
12784862,4.530148
763833,5.0274167
11228502,3.7628384
1614802,4.4479856
10036516,5.339806
9696680,5.058145
10522383,4.3486767
18159407,4.091382
16964101,5.6889043
2007172,4.021933
6481685,5.8821797
17431199,4.298098
12249865,4.4572716
14294426,4.590187
16614276,4.4064837
17794278,4.3631654
16498294,5.0063663
784169,4.2362127
19079187,5.0211086
11488475,4.6766667
13640476,4.312861
11771422,5.9363465
7698070,4.8367023
5826700,3.704078
2658295,5.733963
253815,3.882822
9737794,4.1059904
20517481,4.659465
16721587,3.9083142
17387395,5.2217875
11144862,5.0251775
18392510,4.1199374
4494258,4.0247774
3345223,4.6526427
826214,4.4533577
10673908,4.5229516
16230905,6.0213366
9929790,4.2529593
254844,4.975007
18597408,4.039402
13258244,4.2979226
20354019,5.2512155
12189969,3.9681213
11884931,5.1724286
19950255,5.8755317
6055964,4.390641
16300888,4.840771
17666562,4.195689
17652555,4.485076
10316923,5.900956
182564,4.931387
17456123,5.157193
13815045,4.9813466
9150171,4.7501144
5667901,4.1367435
18576723,6.5142775
19609264,3.15951
9888066,4.648433
987329,4.325053
10527170,4.2050824
7603122,4.0923967
9080806,4.6348104
14318739,4.1602435
18018454,4.3232756
17108224,4.3314905
2644321,5.137011
11306044,4.1803594
1026034,5.575414
15646603,4.3853407
8863005,4.099048
19407781,4.1479597
17702663,3.6800845
8903235,5.619044
6655786,4.377419
10811665,4.8177695
10363988,5.2787304
870862,4.957721
7309371,5.460738
18449942,4.8584766
13689617,5.9781475
2686412,4.6767426
12561615,4.3021464
9825505,4.2368574
642233,3.9207351
9138458,5.154749
14152806,5.22266
18548813,4.187297
15144488,4.4690356
21139072,5.611472
19828845,3.884932
9208531,4.420201
2540147,4.358449
4348422,4.6251283
20394799,4.423803
8150095,4.585569
6988793,4.343187
16569306,4.5233965
13642886,5.474704
2172285,5.3558807
7309811,5.401806
18095400,6.807389
18374985,4.9897785
20480431,5.1267376
7917755,4.697515
12091582,5.488627
12256719,4.49224
39586,3.6522138
9857,4.713562
5447285,5.1285496
4379417,4.751342
356290,4.305461
16382057,6.208791
13914237,3.9220393
3102197,6.045636
7918355,5.661485
8722973,4.8747754
16040802,4.825516
4218067,5.2972608
15695059,4.396132
13730284,5.2116747
13218606,4.602064
6460064,4.9029164
5939328,4.513544
12420694,5.1029763
16102130,4.4928102
419874,5.196495
12656474,4.294302
5041693,5.377897
1724750,4.783322
19220496,5.0317264
14527923,4.8079443
15179890,4.5465026
14893553,5.0409894
14104889,4.825836
19717533,4.9497104
18535259,4.420763
2279254,4.6351967
516461,5.2804704
16980144,4.7452736
3292208,3.93411
17547277,4.3236275
1560408,5.61288
5643083,5.3017755
15655569,4.055035
8439661,4.846084
7032896,4.2961836
13450628,4.218696
12262468,4.2025075
16601969,4.5806384
16314979,4.6501675
1305265,5.339414
16766051,6.1549106
16771414,4.1098404
13766525,3.8601198
15535554,4.609923
18283775,4.6749225
13525898,5.245477
10068653,4.977652
4163331,4.531316
15903020,3.8706028
15452573,4.8952527
13466227,4.182705
12287506,4.776013
13399386,5.4793797
14350005,4.766444
15718220,5.4087768
4169840,4.610191
16028674,4.9177647
16733496,5.1554823
1713797,5.5373716
17621389,4.3935266
16780469,4.157989
16493084,4.404343
9183131,6.540856
16757351,5.4714427
14322493,5.547071
7116968,5.4446664
11498583,4.612507
11874273,5.5366144
11314270,4.6561866
15552357,4.8704705
11140404,5.238279
14245157,5.3356104
15808044,5.858874
10790485,4.277761
13017330,4.4315567
12285659,4.696994
16533903,5.4746447
9041069,5.075758
17939136,4.264091
12302170,4.1060724
18942156,5.146811
13048684,4.169543
7034822,4.047334
5376278,4.748958
640128,4.433886
11459685,4.2756543
13564704,4.7920513
10058942,5.572376
12549829,5.2560644
18008828,5.1893506
4504302,4.2409377
5467600,4.4817424
17703374,4.6219068
15146439,4.1788692
15955710,4.1779094
379349,4.3096805
4617139,4.777384
11120593,5.133644
7003729,5.6016955
21111574,4.8807807
15399502,5.087691
13560350,6.6846304
10165968,4.905199
11652494,4.293905
16221341,4.686051
4302169,5.158185
11402302,4.4586716
4868761,4.5696254
15191369,5.846302
4719647,5.0391035
148568,4.655066
3176256,5.0236573
17120052,4.613045
14435027,4.710386
17318955,4.089719
20996586,4.1512547
6149507,4.2039266
3750257,4.372716
15781896,4.819838
9029289,4.648605
12658726,3.9962556
13261012,3.917356
15373624,4.1871796
12209714,4.9099574
9428684,5.171822
15917355,4.0985413
9909242,4.6161585
14126633,5.924406
1336082,5.278887
14320137,5.0655017
16534337,6.2233057
13710558,5.42116
5059758,4.57316
21122475,5.2260466
4148586,4.0645385
14026468,4.7295656
4565470,4.8934636
13688938,5.8475657
16985730,4.4806175
14187700,5.4232626
19606247,3.3440201
16098610,5.0660925
13670376,5.4374137
13063882,5.0725217
555140,4.6317434
14754579,4.856246
16634857,5.535267
8373233,5.1436706
3585334,4.8533607
10000342,5.0171833
15910839,5.9660974
15195878,4.545791
12206323,4.666
21015993,5.1351748
14483469,4.399131
15271865,4.4630604
19891435,4.1601863
5784470,4.193138
13411384,5.561516
17759908,4.9321275
5557536,6.7862673
13031597,4.597703
9258413,4.222264
727707,5.2937837
6558625,5.30864
1036860,5.2039833
12848383,4.75861
8792415,4.54823
17817203,4.90717
14505263,4.5604267
14297981,4.9635897
20981267,4.7213225
10707170,4.3806486
4445540,5.4437
7562819,5.6443696
1569233,4.709782
11513183,5.333085
16587547,5.6954627
11823509,4.6031275
17008909,5.4156895
6516087,4.2350717
801336,4.112563
16323073,3.946056
18878260,4.3366184
1130282,3.8001146
16578826,4.980812
5136673,4.177436
833927,4.1119256
16081764,5.180632
8327231,3.9984798
2909973,5.1276045
4687730,4.7531395
16475570,5.583955
16100625,4.6801543
1404220,4.9463773
15352809,4.505914
3319841,4.902566
17943415,4.0398216
7265896,4.0314984
9598259,3.8786905
8041262,5.1314683
16146202,4.3997726
19907583,4.2181315
16693642,4.867614
11588575,4.7519464
2171809,5.4874783
5813209,4.189525
11973001,4.973758
11398815,5.147733
1724774,5.509853
14917435,4.715659
16276632,4.1699133
12133132,4.2638764
15058914,5.8706374
9005771,4.1854963
8926150,3.8995016
16781954,6.3306994
8052418,4.175731
17813717,5.538701
10922752,4.7945333
14901070,4.945017
9350316,4.385354
19638592,4.9940386
1944291,4.1113806
17211702,4.7965517
39282,5.1727414
17269822,3.9425852
14964171,4.1957793
4896839,4.0482802
16282648,4.735059
2932141,4.801115
5917209,4.5003104
1706351,4.758544
16102642,4.0854535
9616729,4.425091
17301780,5.315319
1271361,5.829509
16147164,5.0415306
10185866,3.9254017
18096465,4.7940993
10454154,4.4860735
9715986,4.29842
1573399,4.3635297
14860775,5.290608
16722462,4.721609
9181173,4.4246097
16239091,4.1395326
15529123,5.5360355
8205212,6.0965834
13683673,4.376764
17979086,4.64834
18023482,5.0958233
11024879,4.5188584
15363304,5.1567698
17172909,4.0533113
20932061,4.1821485
7089661,4.763118
14107654,4.399092
12052116,4.971477
14154038,4.2695146
4090694,4.9836345
6211014,4.705872
4661662,4.5622582
15699850,5.018585
4977756,4.316291
1596664,4.7312703
18070109,5.3746142
15803070,5.715294
11866651,4.69194
8341890,5.044088
19295329,4.6059012
7240830,5.923929
9436713,4.8122325
3782877,4.6662803
18051842,4.944137
10801474,4.291814
4063990,4.7215414
3325584,4.6308475
11342953,4.514517
8951315,4.5053935
1502674,4.654803
1091534,4.974675
17161053,4.9418454
15382111,4.0108876
1488104,5.0132537
12811229,4.126811
18379469,4.21848
16155231,4.6074095
4271070,5.216415
6784814,4.672118
14426673,4.41228
17933196,4.47399
5791540,5.0981083
19856802,5.0225453
16348240,4.596899
16208399,5.4867873
17945808,4.6078267
16606957,4.197395
13397722,4.6057153
8972957,4.405537
9086794,4.0869646
18430785,4.700113
20992831,5.519575
6923485,4.142274
8506426,5.7530017
10390902,4.700712
18074556,5.614934
17625778,4.882031
17464720,5.215609
12645961,4.8247147
4530773,5.1854305
4349358,4.395823
4720558,5.5572214
523833,6.2544317
3182176,4.7294106
18075302,5.0718985
13508924,4.075751
10453467,5.093822
6233819,5.5416417
10279737,4.8934646
3710503,3.8885872
14250349,4.136644
7839293,5.948307
6250971,4.676216
18489417,6.33234
11423297,4.138779
2386724,4.9275846
19054957,3.8872542
16312268,4.1807265
15528121,4.1307344
17943829,4.959103
14483948,4.5543985
16600966,5.2320943
13832771,5.3561077
20560763,4.5371943
20573322,4.9737525
5826468,4.704812
14993819,5.0814314
14247414,5.542464
14949879,4.802042
10059699,4.3907514
7160878,4.7013683
18008146,5.2121663
11013649,4.4180436
11574742,5.025458
17938583,4.840917
4340265,5.649539
9761847,4.227145
7875521,4.8985944
2122613,5.585063
20482905,3.6264427
15220694,4.356347
4530643,4.716592
18331097,4.8834243
18240957,5.1530805
7709293,5.869382
10864023,5.566257
7025693,4.2728243
15624769,3.7964585
1839818,4.9522004
13331062,4.887499
4409074,4.1490383
475254,5.106696
5955894,3.608592
16840727,5.661179
18811240,5.607742
12227090,4.9548917
6941601,4.09049
15971201,4.4729867
12747434,4.3709517
12583907,4.3951283
20957065,4.378805
18582792,4.1309123
18734225,4.7625546
16338816,5.0745325
16145879,4.6945734
20335933,4.8812704
6912558,4.361867
10999527,4.48694
4565076,5.269487
15672186,4.595595
18089318,6.2270837
8782392,4.1682863
14975916,5.0998917
20501094,4.7816133
2772680,4.8614316
25696,5.0313034
15268842,4.184673
13063236,4.3106074
6215456,5.321129
2988663,4.347449
11778242,5.8127923
1710729,5.471161
12593830,5.2087183
13859134,4.1996317
312429,4.4620314
16543032,4.285219
19241899,5.684947
8884181,4.7385817
1999294,4.4755754
4777745,4.0475087
6813715,4.8137956
6700172,4.508524
14428256,4.1565876
15661277,5.10723
20635517,5.2376127
10747642,4.774238
20134321,5.7434464
15236571,4.399389
15551602,4.844588
7011472,5.070453
1175278,4.884665
9093038,4.225852
3913299,4.826385
6713438,4.823134
11507776,4.9286914
8433392,5.16041
20606669,4.3121967
13379511,5.0515237
17544023,4.6979933
20688422,4.301563
2933105,4.2729907
12317499,5.6194725
16054826,5.266689
6863540,5.1089754
17545878,5.0467772
13770530,4.2706833
6452714,4.0031695
3479568,4.2576995
9773236,4.3437557
1407881,5.0431647
16222160,5.089323
18610543,4.8964677
15645414,5.2753825
19737942,4.3272996
6851574,5.1758513
16830993,3.8651807
6812061,5.6252584
13079560,4.2592063
7860155,4.1092896
7397226,4.284559
949725,4.2948513
7092513,4.300617
21153625,5.778198
14693801,3.9702728
9023148,5.5927725
17653653,4.8946834
8440809,4.8877754
19841564,5.611442
10100121,4.3166485
17993101,4.628476
12763721,5.8183646
14296429,4.386983
16128674,5.0786047
13533129,4.7753882
1163969,5.0795293
16423627,4.3040814
18190870,4.2519145
1615764,5.28125
9885837,4.153824
16361799,5.944756
11207223,5.504338
15312627,4.1536264
2783251,4.598652
13531093,3.9088354
13042866,4.172857
9692090,4.476976
19553193,5.4867983
8357002,4.772755
9835950,5.7294583
4744781,5.4695396
1519621,4.591438
6820048,5.110157
20856676,5.1155267
18900380,5.2296543
10968314,4.435063
19415751,4.9746156
10814003,3.9916444
925417,4.734962
16415971,4.944976
15301748,5.1095405
1499316,4.784795
4936091,4.775886
16052296,5.23232
2898128,4.4906106
16674135,4.022759
12365819,4.3714094
17610048,4.8915505
17818877,5.046994
17080066,3.9693449
1949446,3.9095929
16965972,5.803071
9954123,5.2547503
20790347,6.0362344
12364716,4.12471
5175576,5.6711917
2653186,6.178905
19625919,4.363549
83811,4.498446
15590327,5.030039
15274032,4.0488873
10880916,4.3961744
7851475,4.217948
14297989,5.052372
16834865,4.157945
3343299,5.1624784
13431223,4.316575
4680238,5.3598742
17480253,4.5892854
15955888,4.26216
8504811,3.9556396
10255514,4.042267
13745575,5.2856045
14128478,4.5159645
6952302,4.6507955
1343385,5.4993773
19943381,4.7644215
19547384,5.146443
658008,3.9943225
11480835,4.643721
10805373,4.442907
9532288,3.796984
18157129,4.078267
15127762,4.7633085
11713627,4.1158147
14651306,4.608542
16273868,4.7275968
13496363,4.784836
7921940,4.6582093
2345981,5.1652236
15181062,4.7452726
8969450,5.1023
16256597,5.2051144
21171599,4.7366743
3924206,5.243612
21031256,5.3181396
3693850,5.2757916
14465114,4.422348
10157977,4.072379
16143905,4.7100143
4333586,4.70993
11223464,4.5031953
3099304,4.841602
5208009,4.5731525
17748887,4.453072
6528643,5.351735
14350918,4.7957797
15565058,5.3999734
19874778,5.114165
15206225,4.62675
18095739,5.3261805
16579687,4.898287
1979744,5.2508492
12039993,5.5571404
16479492,4.5085816
550288,5.2285237
17844431,5.526052
18074907,5.003288
4694480,4.4651237
18580576,5.299201
7115965,5.459753
14501824,4.7080927
16348579,4.4665337
18443208,4.520522
6647781,4.771268
7500173,5.2911487
19823889,4.965926
9978722,5.2003903
1995991,4.9568157
11627479,4.4953074
8810710,4.5133195
19622976,4.8057
7217028,5.1425643
16599263,5.535325
18271509,4.7056727
11887439,5.3361607
8650177,3.9183552
18060759,5.023119
17731097,4.0551343
17807299,5.487573
8342009,4.8518314
19746779,4.2858624
16738143,5.332157
17717799,3.9206102
9533489,5.569377
16208920,3.8471513
10928454,4.6190333
17191578,5.143694
2419745,4.251353
6055828,3.9526374
16148141,4.9464135
18946091,4.7596555
6934770,4.555365
43318,5.7877927
2310791,4.3692684
16440383,4.234157
373618,4.9248347
16243985,5.1031995
14053493,4.3914886
9813364,4.931341
1221430,4.273342
13451989,4.093664
449034,5.1323166
18463425,4.055479
15954793,4.715857
6885805,5.047787
9282318,5.886324
4631508,4.9152265
643877,4.779622
15843543,4.9422226
6804983,4.583392
4456664,4.536598
16437795,5.0706005
20675028,5.648222
10627514,3.8126771
13275792,4.7952094
2661098,4.4404597
12114228,4.7517223
4699828,4.8355546
15887759,4.6772366
16685410,5.1388655
15280994,4.2548466
8942538,5.180759
169283,5.0460134
18945971,4.2215734
10974870,6.3739448
14108366,5.3912454
12917317,5.2618446
16885058,4.2020364
12276436,4.6491857
12813036,5.1000805
16147720,5.141134
14383283,5.0984077
3189765,4.5461836
7805540,3.8405075
9990448,4.9282794
1691188,4.4955697
16663778,4.0381474
14268409,4.198449
12340989,5.4248357
306465,4.3956375
15733231,4.8747325
4655966,5.268293
9710538,5.6640053
9532771,4.151026
10615883,3.9380996
16503981,4.197756
13002901,4.0030665
18149813,3.9393418
16351180,4.6301446
14992864,4.2624807
10944845,4.3877964
9886514,4.9714704
8255329,5.3216677
19875258,5.0419273
16134148,4.8512897
15125591,4.8774776
5904305,5.120781
7966195,4.3111653
15658197,5.2476845
3256993,5.02499
20677017,4.812825
1129454,5.8733826
7034879,4.9989896
20176191,5.9930897
13494898,6.344293
11910278,3.9859853
5442313,4.813045
4073641,4.205344
17846412,5.598406
1297637,4.535137
17365333,4.727552
10927095,4.6540923
3452835,5.231703
6032314,5.8991184
17668486,5.2565374
400478,4.3753877
14239503,5.218046
7600297,5.0838485
21005994,4.6841063
17514644,4.8363953
14044731,4.736268
540057,5.6909885
13767676,4.0816035
4861557,5.178249
16618045,4.553979
4694936,4.143746
1107976,4.17124
20799935,5.2635345
13513696,5.08312
1132907,5.0071945
4351904,4.0638123
19087238,5.2446065
16056018,4.257125
1451117,4.086278
14913538,4.3842144
17256297,4.060881
69426,4.3352685
14981676,4.6991196
7368887,4.2518907
8192808,4.8317785
17283213,5.8370867
11371535,4.979947
12966467,3.9011006
11684682,5.4366636
14351490,4.3836775
5606842,5.117387
14441707,4.9940386
1793091,4.849056
12812248,4.0657635
1292507,5.8656316
16086891,5.0503626
17995437,5.6318674
5393269,5.5302773
328744,4.86813
17073389,4.582738
20830032,3.881143
2277707,3.730567
6598376,4.818236
56200,4.140017
14635196,4.0106606
7259369,5.2839255
7600414,5.331379
9970635,4.9583735
47199,4.898244
18239876,5.3873863
1492856,5.7007217
14730649,5.38315
14517601,4.287121
9422573,4.7835855
1198874,4.8927717
283090,4.86836
1450446,4.743072
18346141,3.8382726
16652287,3.9910629
13019816,4.0650578
15983204,4.1011524
12356309,5.313364
19177159,5.183338
3156457,5.2104936
8052159,4.5090237
16257065,4.676015
15693063,6.064094
15522852,4.2438283
10849166,5.279226
6289857,5.046313
7844031,5.2456636
8238918,4.064817
18505255,4.2409124
9512759,5.6767864
12344783,4.834862
16740291,4.9443574
13044964,5.170978
12084861,4.8808174
13899493,5.344466
16721539,4.239985
3309522,4.7874618
17462133,4.076615
12535960,4.278614
14572515,5.0712924
15483812,4.7678213
12019920,6.2261786
813225,5.6863
19307921,4.5034256
13299410,3.8776128
15998681,4.428966
17030100,5.239422
20427376,4.6397567
16645542,4.2290487
6838116,4.718116
2842757,4.6414523
13256029,5.2399225
13648645,4.2252135
5114328,4.32631
623373,4.5040054
16262990,5.2014694
2498211,4.0774326
12626405,4.981653
8343332,4.4438896
11439058,4.67104
17478285,4.930542
15250682,5.6634283
488211,5.3451037
10888291,4.3313155
6092977,5.4030666
9811076,5.8011336
15804074,6.3179984
10997172,5.2545485
13487361,5.229804
16086843,4.853638
19998689,4.963259
11459948,4.7286
13865256,4.5782967
15598282,4.236645
175102,4.1664543
17234796,4.523004
5816088,6.2195997
62452,4.7495475
9908177,5.2118945
18175604,4.3116913
13473544,5.3890924
15220906,5.204396
3317978,5.004203
18358115,4.782243
2927781,4.164317
19574000,4.3113594
699060,4.0434675
16424027,4.841705
6933326,4.3022656
17625320,5.1429133
20745174,5.0543733
20773647,5.201383
12904533,4.3368435
10919160,4.890737
16085942,5.871466
983640,5.0657225
8704666,4.5787435
8116322,3.147508
13752294,5.1996026
19086890,5.2030916
18008644,3.845707
19408774,4.13112
13460498,6.060557
15374221,4.7796903
18450769,6.638313
7420849,4.984252
4359433,5.9273286
4105704,5.065618
12738790,4.948808
751913,6.385256
3663729,4.64828
1652301,5.67564
2551532,4.1711745
15963447,3.4852808
4284144,4.1664753
3445138,4.2633834
7741661,4.304391
17135,4.704959
15777126,4.7541995
3827785,4.5673184
13938713,4.665617
3827715,4.4228477
16393655,4.8633027
13344803,4.790426
16900088,4.3759766
681842,4.3286886
6784207,6.1281657
15006029,4.1184864
9416007,4.8011155
1245838,4.3918304
7033732,4.2794867
11444360,5.449331
13317939,4.5280414
16903645,4.581615
7996425,4.5299783
17239384,4.7634363
854396,4.4271502
13963790,4.834347
10023157,3.9601436
748211,5.467689
12274909,4.4553585
21150390,4.966355
20363107,4.642735
4572920,5.7733154
4785938,4.0765734
13978700,5.1881256
15300916,4.5907116
7003060,3.8623235
8814009,4.8241873
13644136,5.1639924
16362441,6.075355
15035565,4.894886
13982910,4.8216596
19452828,5.327905
16230556,4.722731
364187,4.0831633
3775725,6.101659
3803459,3.8145945
3767156,4.7540464
13999070,4.214601
12682227,6.507793
10066160,4.986826
16403882,3.8215535
13478445,4.1822352
12704656,4.7107253
5154242,4.955302
1910171,4.5386777
15785384,4.651108
4774924,4.3724136
6645011,4.1367254
14958477,5.2968926
10729015,5.19825
16000178,4.4597554
4423408,4.995673
4977432,5.009733
1929186,4.262288
6764316,4.5652156
146189,5.138275
5089725,4.016472
18471072,3.8262146
8696262,4.5984955
15658998,4.7461348
640691,4.772501
10648971,5.3167357
6853259,4.514964
17073997,3.9451475
15740602,4.7142777
18631024,5.049509
4007653,4.2850733
8846233,4.4086323
13548263,5.3322434
19736798,4.854159
7804391,4.12727
11610903,5.207849
16196311,4.7398815
14336804,4.584373
17880113,4.3509474
8000223,5.2908206
16930987,5.032017
14965913,5.717867
19453549,4.2795463
13296311,5.4628615
16837914,5.2713604
1898486,4.948078
1876163,4.1961775
7205210,4.8080873
16825557,4.455716
10574110,3.559466
17652145,4.2140384
3895335,5.5541334
12361563,5.1005573
17424167,4.63801
20650467,4.839839
13004961,5.7523804
15233770,4.7241025
14240003,4.984538
13863225,4.2779326
4025721,5.024196
7865263,4.417213
18599313,4.202641
13471329,4.215609
10682143,4.377449
9423426,5.1324124
6337024,3.745841
17642542,4.001275
16351193,4.901221
12981814,6.359609
3289695,4.8975005
17301440,5.40247
16336428,4.533771
15521717,5.23473
10209403,4.013003
12201757,5.1415806
2295924,5.7709575
17248597,5.9201016
18327630,5.7005243
8933606,5.114094
13204315,4.9814334
16423010,4.928593
18196999,4.5249276
18527437,4.309435
16040342,4.4735074
14424847,4.185476
20674635,6.037644
13415952,5.0116506
15990320,4.50481
11239637,5.8962183
2735749,4.948497
11257927,4.2622333
4121266,4.536022
4576274,4.553785
21125056,4.837585
6185638,5.3906183
6305553,4.328056
18042306,4.9681315
1472481,4.65994
16108348,5.6348166
4295025,4.501409
6119932,3.876304
19362079,5.0455465
9105853,4.2794414
17236477,5.071726
7018497,4.769764
4523435,4.220511
6389932,5.4297495
7896925,5.112505
11971727,4.2838798
9282899,5.6175227
7079123,4.274016
14444170,5.1495132
8227921,4.113357
15142409,3.9225042
18584742,4.719251
7043981,4.2893586
16916633,4.374094
12192,3.7934191
17437106,5.2143006
16391487,4.2078424
9304883,5.4887733
18612680,4.248249
18488504,4.816923
17045100,4.73478
16805921,4.350047
6491190,2.9580288
20363283,4.738531
10085368,5.2095838
15086663,4.50541
20623901,4.40803
14275887,4.94244
12520066,4.648235
4849429,4.845385
17257463,4.8272567
20393120,4.1767774
16144596,4.7111487
9079721,5.3478346
17573619,5.211036
20085460,5.5231147
14902763,5.407619
708712,4.6117043
17814037,5.665249
19188084,5.1743054
17500718,3.9613016
18077869,4.67018
6336682,4.7984476
17500953,5.278736
16012510,5.615919
20591540,4.6778736
9334185,4.5961256
13157813,4.86566
8218782,4.579232
13098276,5.8154855
7982082,4.8573594
20614354,4.6454806
6233401,5.2354083
13186416,4.0635552
12256658,4.9735613
16544141,4.8897777
17906340,5.8915687
7619767,3.856652
3511756,4.820698
15888448,4.3917665
1462428,4.1798563
8865020,5.630601
15098312,4.635618
3546403,5.3521733
18227457,5.3255177
15787985,5.900239
6609509,4.903607
6091385,4.4925804
5106756,5.026339
3010785,5.9491973
9138432,4.50525
6464070,4.9369173
3789633,4.0140724
21120942,4.2810683
19011068,4.810942
16429866,5.2562523
9380474,5.3028693
18413955,4.373838
2062696,3.8905277
20710363,5.149769
383798,4.808036
13801296,4.208152
18477009,6.1275296
18728107,4.5181813
14793008,4.485709
20884630,5.6407113
3181719,4.6618967
13507677,5.058408
5286047,4.96202
19019020,5.321337
5750426,4.830436
14967879,5.2289267
4333284,5.0305767
12564603,4.3592205
4787386,4.230618
19101375,4.318735
11240463,4.1774445
13415511,4.8912992
18476565,4.4876323
20430902,3.7586648
11423050,6.1935797
15951107,3.946774
1255826,4.3534164
2277178,4.557497
4047597,4.838298
1037283,4.432152
2112344,4.15832
9370896,4.276227
18271316,5.761598
15435397,6.0999165
16566654,5.0853906
9436800,4.2768817
10336332,5.1529317
6390159,4.728628
18505519,4.746961
4784867,4.6400633
19339754,4.9461303
20530001,4.6150413
15781640,4.7515855
13100726,4.297478
10156102,5.0179744
13746300,4.543554
9591645,4.227915
5636395,5.136127
7452230,4.6065736
6655012,4.8203955
13900058,4.772075
16966630,4.256187
16736316,5.39913
20762692,5.0920787
8880524,5.0059037
12421102,5.7510114
2729249,4.264864
15867248,4.1136312
2747721,5.237836
1582862,4.05171
1751814,4.7926636
13800152,5.1470165
5707888,5.833814
20451865,5.511675
9758735,4.8934574
18793151,4.4717803
14430876,5.2352977
10879246,4.111494
13884628,5.1138115
13508757,4.531089
7639730,3.8668044
19436968,5.1968813
9612676,4.7137012
18210301,4.2142286
20168550,4.5835137
14474899,3.9674504
11019905,4.0761113
351978,6.107253
13361366,5.4867826
1672977,4.0477095
20116289,4.0179396
13007925,5.037928
4405256,5.134314
4996027,5.4711537
6654202,4.7888317
18194482,4.64617
14042437,4.861538
4252539,4.650483
5319302,5.411272
13858713,4.8234043
15327553,4.3643217
15206282,4.249796
11844082,4.1170444
1673346,4.256764
5135865,5.1381764
13884452,5.1874433
2686002,4.2518263
17346114,3.5965202
10368589,4.1956086
13862109,4.674468
4074201,5.1814656
20279115,5.00633
1930962,4.4144096
18024623,4.246464
1167242,4.316415
5792783,4.56651
5592383,3.7975698
35802,4.40954
14725781,4.4142976
13876681,5.9717836
4796389,5.411186
2425057,5.2578783
6836928,4.4256887
3466675,4.156397
7776028,5.1981244
1126660,5.4999714
5260740,5.858846
6004567,4.8289065
9530425,4.394004
13003754,4.8986363
12205541,4.936292
18655752,5.4892373
14390037,5.00412
17499684,4.8329234
10240092,4.583804
992891,4.2093644
3963345,4.180363
6546016,3.959332
20242206,4.3095174
13512071,5.4760914
8033268,3.9362867
7095571,4.626801
6043671,4.8869953
933084,3.939927
15191882,4.106494
14899484,5.116747
9240782,4.9908547
5436110,4.007389
11529142,6.6790304
20639600,4.9839935
3821676,5.274644
10297292,3.8762376
13380647,4.034858
14506284,4.838505
19949138,5.439689
15630065,4.5439844
11798095,6.1207933
847872,4.4744463
11675341,5.28573
20883830,5.041309
7389278,5.475683
987616,4.9065638
18938927,3.8827462
7645359,3.9675913
6702672,5.3081055
15917906,5.5558314
13479149,4.1769276
8866344,3.953267
1950750,4.3283696
13531151,4.9618397
18716439,4.2516527
9479244,5.9335737
6239039,5.1001205
15036548,5.256007
15448604,6.7925844
15521648,4.0202007
16454703,4.357985
14835670,4.782786
6869486,3.8911295
1681745,4.1303463
71010,5.4669294
15585263,4.125013
17637703,4.013091
19031289,4.648745
16930115,4.881266
3897363,4.2235208
16418765,4.0069613
344,4.741855
12256387,6.19448
6572344,4.920073
13878076,3.7951558
13314442,4.1046305
11850946,4.735286
19461714,5.2914276
15868993,5.0052185
76073,4.172547
16320863,5.293684
18124132,4.2182903
15024783,4.1740174
17477731,4.9986587
7661020,5.365374
2309866,5.035011
7840797,5.297678
9880029,3.9640293
14592253,4.864725
4092914,4.8208656
20555952,4.3607926
18251835,3.8689373
18047469,5.0612154
15900866,4.3357716
7635616,4.270422
5363361,5.7713585
19768282,4.9435844
4649871,4.9375567
2496869,5.179968
15694469,4.608813
12116877,2.9739242
17990894,6.3545294
13941973,4.1697407
13250030,4.4748306
19952490,4.498283
9365176,4.285219
14873025,4.163628
11122394,4.7547283
9549342,4.575492
6743908,4.3623385
10385321,4.6106105
16702892,4.8150744
16683598,4.3914576
8284633,4.697711
953951,5.2391896
14255431,3.7707684
15944450,4.5387416
10709592,6.293907
2182851,4.4164686
19116449,3.788689
16451915,4.0763507
21025596,4.6004286
7615496,5.124337
17382991,4.6894712
10184162,4.2651157
8470384,3.8363535
19317085,5.264199
14983645,3.947958
14730708,4.249959
17880395,4.3761024
18283846,5.0152974
18507411,4.1478624
2659856,4.347513
19294958,4.5449495
17842144,4.7632117
8455753,3.734776
10539779,4.7596717
17774240,4.168042
10237184,4.150504
15008073,4.207208
6848188,5.525726
2694019,4.6326294
19498162,4.1994023
20565375,4.0224714
11027337,4.7547593
5484728,5.28592
7854509,4.9776707
8066925,4.235605
13653635,4.156735
10686287,5.0212855
6812690,4.2336965
20663816,4.3774004
3343620,4.9979568
9489073,5.1066084
19015741,4.1740494
7222507,5.2165456
3898306,5.1277804
12221723,3.8240948
283072,5.238412
12465958,4.0475225
15511121,4.1242557
20307546,5.4773417
12563121,3.9206333
9174612,4.316599
12148086,3.9891465
5697062,4.3061094
1813681,4.9982038
16404786,5.2911015
6704875,3.656088
1245977,4.5991263
4128915,5.1231146
7240002,5.003718
6104431,4.613467
1352560,4.8078976
14029094,5.2627916
16729460,4.5031104
14824735,5.463873
20000290,3.8979328
1087433,6.410473
13191929,4.6484356
6600417,4.549055
19072323,5.3064413
9473218,5.3215656
18213101,5.2171125
20208354,5.3000226
10341284,5.0105114
9542326,4.6087904
12343588,5.103978
4887587,5.1705494
10801460,5.39422
18475167,5.244203
19083945,5.010636
9506882,4.5584483
3368427,5.0813565
17610404,5.312453
15324935,4.5918875
13797272,5.230858
13415375,4.153263
7363109,4.189845
17952482,4.6284738
16751827,5.179024
7227019,4.8056803
12798602,5.292653
15837464,5.483808
16929933,5.3020735
10274815,5.5645833
9515835,4.835426
11755010,4.3520956
11734812,4.994032
4519835,4.23191
602533,6.2569504
18868575,4.1772366
13830892,5.45161
20176193,3.781989
6890068,5.5766363
849567,4.69599
13612587,4.093584
18173239,5.814748
17894344,4.763578
226517,5.177386
14373898,5.3264303
20761099,3.8334653
663889,4.554812
5718935,5.0766835
254887,4.626643
3129309,5.0903845
14770496,4.841877
125594,5.0950127
15112347,4.096329
15205342,5.0562334
9534327,4.600499
19913070,5.3108034
17759694,4.701957
14077443,4.870758
13747861,5.005469
20431492,4.0597634
6439302,4.8045774
5136550,5.477328
905902,5.2343245
19603348,4.3382473
13971185,3.9348137
19017814,4.647935
14400730,4.6189775
19884639,4.835689
20958738,5.248596
16204265,4.249325
815045,5.10595
11634797,3.9493325
10562106,4.704883
12891099,5.7145286
909096,6.0786295
12990502,5.3850226
18007140,4.203821
18347905,4.74231
14231606,3.96472
13772386,5.0045266
2913960,4.70277
17012558,4.8500247
13769949,5.0093837
4583546,4.1972046
12386876,5.159482
6371191,4.682958
17639332,5.5322227
2896977,4.337139
16268983,5.527654
20431153,4.9082747
11411593,5.728154
4137414,4.3620405
7516992,5.4097023
1985445,5.2961645
10500033,5.0251365
4606017,4.9369674
11181016,5.2539845
8614125,5.089148
20207945,5.070358
2154736,4.178503
18202496,5.1560745
13355012,5.240354
264184,4.9445424
14108460,3.9695067
19949310,4.6066384
1807080,4.238425
11063804,4.978489
3303301,5.6387644
9188636,5.686198
19520974,4.4721227
6448745,5.498257
16718539,4.476581
3934561,5.748764
775094,5.1383305
14470701,5.1034255
4862375,4.420266
12738604,4.0863066
2046597,5.3612733
16556321,6.1155267
16632981,4.364967
1961288,5.059639
15519606,4.56809
18551196,4.275765
16429715,4.6626935
13606449,4.5905604
6807281,4.465528
3542774,4.1238966
11042319,4.217628
17558152,5.2842884
17610016,5.030862
1839549,5.110003
525120,3.9207795
12811751,5.271134
14431865,4.645863
6087827,6.143517
16813970,3.884648
15479125,4.643035
11529020,5.2331867
13766179,4.5971684
13018811,4.4258685
19408844,4.35146
4743172,4.6601157
10139386,5.4036746
10233196,4.7926826
17079811,4.176045
13564911,4.34269
8091720,4.8541927
839539,5.70884
11983165,5.4407983
14012687,4.112455
17993604,4.574367
6890069,5.179669
1725435,4.6104803
11136521,4.6800265
12139417,4.9259973
8302844,4.4505467
4764646,4.1069
16389883,5.3581624
19765340,4.65872
15832903,4.520036
896656,4.0581956
9943793,5.1213665
18456995,5.367457
12294659,4.3606076
8089722,4.601962
10474225,4.6717944
1545090,4.198399
17666319,6.0342064
312107,5.4132996
280046,4.9683843
8012041,4.2774825
17444930,5.0451703
14467047,6.1597137
12917220,4.3755107
302280,3.768785
66246,5.182347
205643,5.029328
17075436,4.2805805
19239854,4.6423683
8626854,4.4096756
8823238,4.803844
13786155,6.6025715
19098568,4.635304
19327752,4.910134
16611525,4.181917
12764286,4.4367065
20816800,3.848156
13607904,5.0515003
21062611,5.0770264
15464851,5.2922354
16427016,4.2909355
13707388,5.349752
14385736,4.8838325
13770232,4.239985
2723558,4.1390486
10156535,4.9990582
15409293,4.589626
14427160,4.8442183
6304948,5.1216173
10656206,5.1341395
855300,4.879756
8169513,4.788901
16796717,4.251065
15742224,4.7167835
17850725,4.516128
6377109,4.6088166
619348,3.7748682
17016162,4.243088
9099012,5.952461
13671560,4.3152194
11157167,4.1841464
20624340,4.736211
17315196,4.0180655
15860528,5.3775244
211070,3.9521227
6313534,4.211036
9540968,5.452795
1677887,4.070074
19280212,4.8032885
9631175,4.010423
10270416,4.358653
18362678,4.4983473
13896404,5.941149
9749285,5.1260104
5707711,4.0092735
968046,5.736667
20727192,4.9502106
18006153,5.0557017
10997435,3.9438236
18457273,5.1538444
7365783,4.3674736
8654052,4.174454
13609207,4.6469193
18359367,4.2169433
16753368,5.345792
20172451,4.3276825
13564762,4.9594064
16295898,4.3498783
7097529,5.3425984
15807935,4.187111
7432064,4.293341
12851324,4.6342974
6779136,3.948138
11910247,3.8947172
4488560,5.8611436
12342463,5.217727
20123720,5.3325415
15974046,5.7779026
2216641,5.4982443
2844034,5.0447993
10575202,3.9975276
3946877,4.3391094
16124740,4.7727532
9411999,4.6757245
13613052,3.977006
19544192,5.133733
6202232,4.281074
14067559,5.003091
13860092,4.4644437
1471146,4.0908885
3551866,4.7706985
10020977,4.4793134
8615906,4.6671424
15052056,4.500994
6887081,4.637048
2539701,4.873848
17591452,4.725796
11477302,4.5296197
13583633,5.6812477
9632336,4.856435
15767504,4.1778293
12835527,4.5812216
11209651,5.20793
33449,4.5723276
8326823,5.136743
12090466,4.467801
1925843,3.8829925
17168950,4.505623
14058880,5.0759425
1025786,4.7845154
18979160,4.1792793
18160061,5.6656933
81739,6.0788183
20552614,4.9059143
20028198,4.625307
1187725,4.268899
11674586,5.918611
19119276,5.0148764
8052046,5.107348
8356380,5.024601
13625247,3.9127808
18501166,4.9996862
15552932,4.5931945
123282,4.839498
3704589,5.3794336
7118521,5.7405877
12953717,6.013534
9975863,5.679306
1471952,4.482767
21153699,6.043023
5252017,6.057474
14466452,4.737743
18518353,4.3090897
7105913,5.3667316
12453539,5.5805917
15677063,5.399472
13845479,4.182886
2634963,4.520528
1174346,5.7030416
13107648,5.2792315
8485812,4.7245474
15985033,4.817303
995469,5.0041213
7928917,4.5989475
10809012,4.3198667
19757415,5.0100794
10888956,4.898451
13185471,5.3061905
14731469,3.6340988
927987,4.96874
4577188,5.037511
15581948,4.001213
14747191,4.2254004
14313905,4.314541
7527864,4.648583
10011642,4.2035065
9652170,4.8596163
7413888,4.6363816
18487354,4.232974
5888002,5.670308
21138191,4.508584
4516558,5.8749895
5592505,5.158
7789606,4.5654287
13859265,5.426384
13547703,5.546271
7651698,5.25359
10811198,5.196147
16371215,4.993381
16358734,4.6767783
16039736,4.9081187
12024571,5.307323
20781202,4.089982
1335740,4.235857
3029743,3.999186
20305451,4.1070976
1328238,4.0451083
17548075,4.424786
20393505,4.422451
11396198,4.468318
20387176,5.464808
13427873,5.2799525
20171412,4.8525805
16600523,4.2066956
2844501,4.615732
20094476,4.652038
17776104,5.120996
15431570,4.3486347
2508995,4.3254433
10233244,4.378986
14155520,4.0738792
4909080,5.323091
15565549,4.0706162
18710945,4.8812785
6778747,3.974076
10312486,4.165063
11041869,4.1613917
10167860,4.135792
14843553,4.9637327
12709221,5.196872
16478482,4.777388
18824433,4.9820175
15308143,5.7611847
7896552,4.4935007
16738250,5.2535334
18443902,3.7062955
20010178,4.8526964
4128603,5.036284
20679388,4.1488175
16558923,6.0662065
15942586,4.2082014
12892861,4.8442407
1672896,5.1179886
18911893,4.4036803
2105163,4.151226
655905,4.2948003
15599369,4.4676743
12291996,4.6223583
13140389,5.7756405
19244237,4.5820203
5410897,5.0018888
7688088,4.624581
11721727,4.473965
38638,4.913669
17210698,4.099898
9374155,5.682735
12887341,5.71351
2361020,4.1597605
11129238,5.0370464
4849228,4.1102037
11216918,4.736965
18106231,5.5143094
9318198,5.5631647
4317916,5.0151973
9425314,4.2674546
12446494,4.00743
15159542,4.0915675
1762852,4.298666
17595072,3.7023652
19382104,4.1291237
13741194,4.578722
13174926,4.1660786
2320277,3.8994398
6948441,5.424796
10853631,5.2589583
12854069,4.5242276
6937871,4.473754
13185525,4.117237
13673735,4.971464
8993985,5.337418
16105053,5.1362786
20887482,5.8155446
5308901,4.078837
8464117,4.6473947
18125408,5.2804046
15790434,5.0805335
19763657,5.614685
9230523,4.83924
8532928,4.0458875
14826263,4.354393
9998977,4.3134456
2037605,4.2775345
1001415,5.334536
16650330,4.537004
9107357,4.508556
4215595,4.667063
7663412,4.812301
9797971,4.2219644
2429961,4.382426
18683699,4.6923146
3684375,4.8558855
15874111,4.1317596
14803101,4.5827727
19821768,4.586797
8905176,4.4484434
21024550,4.5118933
9260889,5.292353
6748152,5.693353
19012658,4.518419
6071500,5.529613
207116,5.2869177
59431,4.7566185
15508487,5.2739253
562254,4.4459476
19385683,4.2867203
16438645,4.6148987
19374034,4.4630685
11434848,4.6479197
6994200,5.2250133
11893938,4.842041
18042760,4.640794
13297191,5.6129093
7181819,3.8739061
17964556,5.9215026
4479625,3.7751157
654641,5.1490664
17499034,4.5374503
11605689,5.217153
5167688,5.016867
14738282,5.109805
7350931,5.2258673
14032264,5.2637444
2842830,4.0099664
18706821,4.352847
5295491,5.0433965
5848422,6.1397157
850106,5.816726
11799747,3.8915095
10098920,4.7641206
11435584,4.956726
5229212,4.739425
15363940,4.0020204
1300810,5.184733
2142197,4.622284
10834294,5.162385
16439544,6.061399
11587997,5.157876
17527191,5.3495913
18729173,4.8686733
18006164,4.682686
9992743,5.6617136
18111679,4.693419
4794353,4.570688
19848778,5.2120867
16696933,3.9453542
9050464,4.974091
3790570,4.5104923
15684875,4.4464498
14541203,5.762722
2586923,4.5559545
15468790,4.66865
3380585,5.690193
16666814,5.466497
15513507,4.1306763
20999237,4.4804807
1199863,5.605956
7292891,4.05301
4860430,4.302452
6600205,5.1082425
12285424,3.7655525
5969675,4.651724
18196970,3.7956777
6602421,4.5239625
13001060,4.871448
15222972,4.762757
14907062,4.6359897
8889664,4.028674
1861281,4.9431334
14929726,5.615131
2969489,4.217704
9810656,5.586346
18472258,3.9466064
16975941,4.9584384
14536556,4.1228604
14178882,5.228513
18347335,4.1663666
16246986,4.765364
20993772,4.933135
1183005,4.31013
11687031,4.924322
13912003,4.8245435
16982523,4.178274
7106677,4.794943
8905011,4.8453794
6505633,4.755619
13751426,5.200178
5569363,5.210215
4762799,5.159942
5850148,4.7447314
10011850,4.87552
16577170,5.392199
11774815,5.52457
18243435,4.325474
17831929,4.240769
2083749,4.7139225
11944718,5.048963
1483688,5.1712227
9956748,5.097487
3464316,4.960903
13041230,5.0492096
20884920,4.0640335
18309074,4.2754793
15987969,5.3926454
19012555,4.390465
6925326,4.136757
272800,4.002105
18375776,4.689316
14302400,5.083533
18909775,5.3241305
18276826,5.3879695
5395797,4.3975487
16175470,4.7658978
21001160,4.7499404
9094251,4.293226
3841414,4.1728263
1791891,5.395812
14954335,6.055204
20232925,6.206664
18197981,4.898918
788005,5.346743
6702912,4.3836865
20289511,5.450202
11918887,5.710754
17499863,4.911465
7203943,6.364964
13799412,4.442486
18485306,4.326315
3799579,3.9415214
593000,5.56189
19879059,5.7001114
14558217,3.370877
8453546,4.3333526
9907491,5.2461777
8594915,4.5694942
14460344,4.0736666
14855558,5.177417
20482262,4.6174226
17031354,3.5379596
15747712,4.0461416
13270724,5.3370013
56720,5.5539675
12905941,5.9606614
84059,5.0903544
11168757,4.7771444
14167703,5.773556
506465,4.9092436
1209955,5.811129
2274224,5.34292
2207521,4.0314617
19356927,4.379931
3553700,4.928151
20269012,5.3631454
13516275,4.904615
15454775,4.80868
18491439,5.398346
1972504,4.6127114
16739589,5.051131
20995012,4.5899777
10356144,4.5923157
18564955,4.437958
20015139,5.0090137
15408543,5.618958
17651554,4.5466776
1663953,3.658098
6764999,5.0918074
497370,4.751143
725414,4.86712
16016651,4.921179
19162180,4.637187
296196,5.4855137
4526520,5.2846947
13082409,6.148078
17637043,5.166087
8577678,4.7331038
6370889,4.577241
15240891,4.2556295
17515535,5.1381164
17108083,5.8674436
13744365,5.5262976
9861747,4.2650695
2590590,4.1289515
19243199,4.5396476
7054797,4.2361603
1650928,4.423956
8048653,5.198413
20518276,5.6333537
18180905,4.6003833
15806786,5.3968782
7086813,4.226057
3851911,5.3127003
16660379,5.000106
3423516,4.4052877
13176817,4.871816
8241545,4.912612
2241618,3.9183786
21025488,4.176874
16380837,4.5831313
13224318,4.3410344
5706985,5.4576263
9236566,3.7422044
2107372,4.2550015
11439224,5.1472254
19455149,5.062379
1030768,5.241792
756924,4.3856177
8634774,5.5100236
16427655,5.1886334
3177630,3.9987836
3133055,6.260918
6896723,5.0201283
18893583,4.2480397
638822,3.7656612
15669026,6.626912
1187425,4.8161716
14789464,5.184958
12053701,5.5867085
2540292,3.50617
15497753,5.4738016
2105283,5.8609734
2413370,5.7637625
10139861,4.348304
16515048,4.668592
9435297,5.3655386
16602342,4.5038238
5060118,4.032282
12831376,4.2198176
16532152,5.583731
11070049,5.1587553
1782667,3.983587
18465139,4.106081
14595903,5.25189
14935527,4.596902
5749889,4.792961
1011412,4.794334
16393396,3.8035603
640910,4.118411
4632133,3.9985807
18159981,3.9428873
13957842,4.179699
7459476,5.5351815
15801194,4.043664
15483168,5.645927
9460353,4.592339
13914781,4.6907806
15664513,4.4084897
17989511,4.550803
10990593,5.538571
8519546,4.6954107
9451784,4.5849156
19602663,5.4929247
1036437,4.4626436
3776421,4.8977547
16159324,4.2047496
20393348,3.7782612
16455624,5.475726
13467340,4.864753
12057225,4.3894815
13561752,4.720907
14534676,4.7117305
15552907,3.912829
15902775,4.3085623
298364,5.1196976
11402432,4.550332
15938061,4.8923216
16571393,4.7411222
13944821,4.804183
16543515,4.267448
13615355,4.3089643
13360068,4.8893414
17647309,4.284431
1305989,5.400623
1800431,4.205446
10105477,4.349174
13434944,5.3808403
21093897,3.9008687
19017784,4.2452984
17424539,4.865804
5509001,4.0912104
18565097,4.7685566
17545306,4.053849
3006034,3.585493
11302215,4.2497916
10908324,5.361671
15131806,4.7226863
15495782,4.190162
20946872,4.5537043
17618277,4.308332
19825152,5.3658214
16985679,5.0903864
4643788,4.2883472
20556622,6.1708646
13973316,3.5696428
472901,5.1569114
13431552,4.093303
4526399,4.5822625
19622700,5.402848
19403098,4.1411147
20663729,4.375818
4733998,5.1789536
7065419,5.7939453
2165624,4.498476
12601807,4.3814616
4840794,5.4007006
12272580,4.81423
17573681,5.1162796
2016834,4.186766
16296800,4.922259
9151677,4.9990206
256153,5.2909245
3907765,4.187362
13359647,4.75677
16114472,4.023608
17555600,4.5091653
15275381,5.1499567
8869934,5.0634975
9488285,4.4691563
4568116,5.6594887
11549838,5.007488
20482231,4.572304
9993665,4.6535807
7584349,4.668834
21118650,4.1838846
17023686,6.600937
3175218,4.7584696
4210936,5.2017264
3793161,4.428453
14570979,5.117562
17155799,5.188288
1474980,5.082523
7359188,4.5449734
19411885,3.8426278
16429967,4.966511
17249568,4.6866345
11498416,3.9309406
15322642,4.8772993
14472856,4.9436135
17622948,5.032189
448049,4.5400195
18207393,5.7822304
11691699,4.110753
20270718,4.582829
5612596,3.9728835
14475808,5.970387
12824418,4.596328
16353473,4.9940677
7914401,4.082992
2640764,5.320192
17780572,4.2424207
8192531,5.1969533
2115503,5.3448825
20590938,4.7899194
8302218,5.3353524
13162502,5.038469
4661135,4.8428974
2684835,5.5917454
3660983,4.395987
6822519,4.8886485
12600938,5.370971
882720,5.3103127
9946262,5.166113
819419,5.3777966
16649915,4.9528365
2223628,4.842238
1147424,4.826821
3369929,4.3766065
10227067,4.6425247
11436095,4.2416706
13127700,5.8047285
13514940,4.2673464
662754,4.5378857
15390942,4.469154
15041525,3.8954408
18005730,3.9502704
18934917,4.7987084
14277280,3.9913125
6692354,4.437835
5679938,4.7496867
15029803,4.1967826
8973873,4.291785
9824613,6.158298
6384374,5.3687196
3737979,4.2583017
1009472,4.184961
8131663,6.000149
20918850,4.220433
11626751,4.2986536
6389598,4.948375
13111869,4.266374
13535372,4.9224463
16453303,4.7916346
8099614,4.8107047
20714824,4.5769715
12882625,6.228289
9241825,5.135008
18413624,4.4412527
10446926,5.115714
5288127,4.9470654
13396285,4.4197183
17764355,5.157957
12454594,5.217986
12698881,4.997388
13017303,4.8860507
20378158,4.1416597
19206618,4.204858
11573412,4.767873
450856,4.581529
8387718,5.627925
15041934,3.9518778
15462037,4.3925157
18837416,5.3250256
10909137,6.235531
17876469,4.2710543
5824790,4.2777586
3616173,4.627617
10403922,4.092292
4731162,5.3158393
15173557,4.9795847
3223080,4.2018294
6005365,4.8046026
16011441,4.7309604
8211513,3.9060543
13724284,4.8128304
13095330,4.748607
16136817,4.0021405
15560722,6.1274686
20686134,4.7613134
6279326,4.887438
11325662,5.1722293
20018128,4.283836
11829011,4.64673
11658923,4.899935
3441930,5.5801816
13760302,4.8112364
12949605,4.553287
16192642,4.61634
17995252,4.7791643
410236,6.36309
16215665,4.3058867
1171674,4.1860924
18655117,4.3841968
8155586,3.8941808
10090432,5.9610453
9813220,5.283342
4848752,4.964045
20230778,5.088469
1251560,4.0232925
7825273,4.924667
15497327,4.532476
17515870,4.6504216
15581783,5.071424
19681256,5.265451
7692933,4.7247825
16630483,4.5976224
7827222,5.263614
16561167,4.4083447
736377,4.6193156
3304473,4.118594
20646347,4.4380827
592744,5.3127913
18432328,4.7063966
16365302,4.5462766
16393191,4.7357993
4994878,3.9554703
16740218,5.1820116
18462333,4.479668
18959301,4.7722483
16726671,5.3804183
13410478,5.3079405
20256957,6.082743
16016876,4.5589776
14399991,5.611536
15911997,4.7282248
18225903,5.5421176
14561947,4.9065175
11187971,4.233724
16456543,5.1303644
8160295,4.9877896
18891659,4.7283406
602966,3.8278751
65024,5.0117893
4539576,4.0376124
3249078,4.320201
9278242,5.1353755
1190997,4.1429715
3721363,5.5458746
13378044,4.7825418
4143510,4.5182953
16619513,6.0809236
18753198,5.791936
15359314,4.880083
12983949,5.8922105
13327669,4.0747385
13097600,4.1199937
18585629,5.900365
16741796,4.5733004
298854,4.578871
3531190,4.777362
3943630,5.1128397
891728,5.7490344
9113852,4.4425106
7826966,4.96392
9514663,4.412497
13492353,4.254367
575551,4.9670024
11273360,4.9924593
8115423,4.949082
9374263,5.4920797
3655367,4.9305024
1373658,4.1823106
847808,4.424844
9819437,3.9432206
11238066,4.5089254
3538983,3.8426435
13192944,4.752539
13357698,5.4078503
13761856,5.2469683
11529144,4.11131
5196859,3.9611702
1354415,4.987838
18386037,4.729206
4882695,3.7658026
1584060,5.4184585
18227952,4.6197605
17405950,5.316583
7115191,4.904782
15784603,4.914341
13955211,4.4799647
16136636,6.0061045
12113253,6.313263
18119058,4.137322
16025976,4.763207
13360327,5.0020585
13508285,4.0375032
9052250,4.170104
6077354,5.2087507
495651,5.0609236
577969,4.329892
9049606,6.499691
9464046,5.998915
15805871,4.2564054
9709178,4.2029076
20268379,6.024881
11364988,4.047639
15241956,4.928708
17808917,5.9609284
15552424,4.209272
21102647,4.8350406
19702498,4.270987
9804299,5.0919433
641113,4.4938498
16423417,4.415373
17079430,4.461879
734774,6.3477836
20360034,4.5940075
1943597,4.8345337
8578912,4.344905
6391263,5.021028
16613864,4.263592
12155916,4.755081
17240376,5.092763
17746557,6.128122
11093759,4.9374356
4129487,5.357216
12006770,4.448373
14347364,4.6059375
7071432,3.8044755
4767007,4.2890916
7103,5.152657
18072550,5.6147795
18275409,4.3412347
8777936,4.536188
20165947,4.0776916
7696260,4.276705
4767157,4.874575
15758640,4.5585494
12264408,4.54411
3881993,5.226176
2349816,4.239818
4587349,4.9818153
2136092,4.979827
17404061,5.8350196
15073524,5.1962376
8504147,5.209986
17077660,3.8911357
12979100,5.418152
12986728,4.7915883
18637270,4.2145586
19212650,5.2152395
20454676,4.888486
15624697,4.1019435
2739832,4.167649
13899190,6.8220396
10803781,4.0913563
16896593,4.958939
16708336,4.4072943
7486212,4.6256146
4025897,5.761036
15054295,5.207552
13783338,4.800709
3069018,5.3938885
9215307,4.5248485
858695,4.3817215
9561251,4.401421
15143380,5.5179057
14261131,4.466809
17541599,4.1956143
10471547,4.392442
13283104,4.5883
16269464,4.2049127
10709761,5.2584968
9919519,6.4428596
13995614,4.9328732
17568586,4.725036
7697503,4.091592
17779945,5.3315444
16268951,4.2099786
2791654,5.0766697
18008382,4.597847
15037251,6.3922276
14169205,4.574953
13574810,4.006095
16578092,4.25426
8688811,3.9764163
9609956,4.2657967
8035557,4.476166
12204936,4.543099
17359485,5.160572
9004948,5.5188518
15001424,4.8221693
15707194,4.6651955
13064382,5.092824
11363559,5.245349
13476185,4.6644278
5956543,5.538172
215172,4.440832
15266254,4.6069536
3715824,5.706187
4261691,3.9893646
2785986,6.4819913
19594475,5.5880413
6438059,4.709542
18287857,4.341706
20651281,5.965955
3162817,3.8689458
13508455,5.1340003
4763455,4.637384
1844489,4.5027823
6758857,4.020666
12011193,4.351279
6575965,5.4349513
13614173,5.278825
4379659,4.5567684
11238861,4.877688
16000249,5.3250237
129975,4.517611
15555406,4.858394
18040285,6.206708
11150008,4.0019507
12123810,4.447816
15585040,4.1491237
15969379,4.5133486
2273117,6.099513
14141704,4.9188576
13600955,4.183681
9180198,4.186241
9885654,5.174332
15771629,4.5108457
5696895,5.605518
9775266,3.9993656
7132740,5.397785
16429859,3.8236845
15481730,4.207381
4112101,4.6152983
18159386,6.0027924
16165978,4.5703173
20825329,5.1007996
5237930,4.796688
20620372,5.6094937
20895982,5.917692
14724495,5.140942
6760893,4.646618
23636,4.328364
208148,5.097489
18957774,5.420167
2927487,5.9097643
5883069,6.1812234
16364810,3.8690543
9982951,4.92144
18961122,4.030326
13409793,4.7538533
11798590,5.04002
16960374,4.872766
14466540,5.3130236
11422779,4.985716
2594633,4.0785556
7228563,4.1238327
20453588,4.540271
6019352,4.9037156
16337161,5.5713162
1658983,5.0738707
18476135,4.826853
10613287,5.0916376
14076995,4.337728
3783678,4.593992
18186972,4.805495
15897780,5.869866
2289912,6.7790236
4181265,4.8596125
2640459,5.1814976
10783008,4.8702946
14111092,4.6165485
9874710,5.3199615
18565588,6.3358717
17404477,4.6556506
16730247,4.9383903
15334433,5.340917
13675544,5.8064303
13266833,4.6561847
468490,6.025893
5816112,4.9031577
9207914,5.0331182
14267322,5.990075
16685971,4.206708
15756046,5.3316784
21100541,5.213927
15741005,4.1242113
4350688,4.7905755
19695276,6.557882
7657879,4.7799263
13843286,4.954729
4849703,4.7496367
2304761,4.1182475
8953222,4.8623104
18912111,4.3235908
9734789,5.0623684
12025202,4.659326
13430939,5.75445
6491257,4.6120367
10515823,4.084674
16986489,4.732095
16300110,4.6447906
6792415,4.916788
5919529,4.6648664
18496159,6.0921545
12098222,4.7400675
309342,3.9735181
9343025,5.719904
4837318,4.6439075
3898336,5.106054
17714306,4.1138086
9733280,5.527258
5904304,5.0208406
10267081,4.68613
8568841,4.316612
2215719,4.2145605
6569453,4.4333324
21119368,4.6566486
7780335,4.578113
8268506,5.1284175
1352657,5.1466327
15998469,5.2956986
13436742,4.260557
10728179,4.530035
14330038,4.290192
10931258,5.1275315
7875369,4.3129497
5918634,5.458238
8606320,5.3944974
15753721,4.903245
4664077,5.1754227
8104674,5.1870437
13616847,4.23847
6080799,4.6917577
531460,5.881306
14809335,4.0573564
18177767,4.4790225
13524794,4.5462074
19135425,4.7813
2437965,4.7625237
3554287,4.1482983
12037618,4.5794997
7827908,4.729254
3443043,4.832714
7482531,5.487361
15660674,5.9986935
3448037,5.012065
20426173,4.4242935
16440192,4.37681
5075412,5.3162193
12343098,4.3701835
16755267,4.9053493
20479521,5.9214954
10634942,4.89548
10576212,4.4597774
306169,5.350408
167013,4.273133
5785758,3.9098957
20651451,4.14405
216015,4.731953
16053905,5.10137
15640249,4.2355566
15770923,4.8082194
2439661,4.5985775
5141379,4.2169304
3504635,4.326541
16224523,4.2109475
1001147,4.387895
9445789,4.9083133
21113012,4.737553
6143706,4.2806787
1294973,4.1639147
9918557,4.6451206
3686,5.1835184
13882298,4.8997602
273256,4.355344
3241929,4.1565366
2262698,4.1984353
9812815,4.845348
1914371,4.901596
20271820,6.092254
16403092,4.1810274
9735635,6.5169997
17865652,6.3040223
17609053,5.401274
9788435,4.4146514
14918848,3.9222913
15275407,4.344438
4632510,5.1806226
17961571,4.653263
10733783,5.4479494
9955143,4.4865737
14253620,4.69755
13798113,4.908383
13211360,5.610172
6627823,4.8719454
16416696,4.645858
8000043,4.259803
16134698,4.055037
17576584,5.1596746
20860448,4.520597
14633389,4.436903
241235,4.9331574
16587220,4.4999905
3616527,3.9525774
16445600,3.1868157
13926054,6.344663
11436319,5.343468
19735722,4.8255453
17881553,3.947452
18131388,5.790249
19803134,4.322909
12568634,5.1989293
3440920,6.2185197
16056948,4.8077774
15765542,3.9983578
15162822,5.6486297
277370,4.494526
3411815,4.4880657
17637300,4.1831493
5697772,5.305997
14188045,4.2583833
9794825,4.314816
3925502,4.2732587
7092539,3.7414188
16326224,4.051437
17450199,4.2519965
8195335,5.5333624
5117200,3.9573474
11524437,4.7639337
14823632,5.157804
9929040,4.3913097
12363944,3.908465
16675311,4.8849525
9903132,5.853931
21227196,4.7353983
19531066,4.858543
19236730,4.256888
13477359,4.9869604
7930461,5.982987
23710,5.078892
18117334,5.5710874
13666998,4.7595353
18345547,4.1481056
15377946,4.213724
10898138,5.1406994
4745281,4.946789
8481074,3.9584253
16635477,4.48711
6903562,5.334341
4284031,4.235973
16648338,5.369011
3808715,4.1307936
953746,3.9446678
5762374,5.4317813
1001353,5.3608522
13191519,5.5705433
6447136,4.268091
3737684,4.950559
244472,4.4296217
20252916,4.8154116
13248508,5.5967956
10041762,4.597856
18595872,4.304011
4067861,5.174923
21162038,5.3922877
7715344,4.9447517
16016634,5.0859566
7694027,3.954127
232624,4.2618647
8951480,4.971296
9879627,3.483396
19905527,4.618746
12056105,4.963463
11007719,4.72513
8591969,4.924265
2332115,4.992686
14368951,4.951101
3833207,4.231634
14538321,4.3874087
3271052,4.0504065
7844976,4.722803
11970214,4.7473984
12267584,6.3383927
4339202,3.7437625
13530166,5.353898
596481,3.9695601
15804925,4.747407
10711848,6.0181003
14239608,4.940673
20979453,4.549697
18359701,4.179062
14933682,5.154982
4411814,4.848426
12248206,4.635877
11224550,5.2275267
20187328,4.7295384
18251315,4.462187
1252837,4.8692327
10059484,5.2628765
15410923,5.068959
4555470,3.908022
10681956,5.5575204
9869415,4.5090766
19953581,6.562567
15617166,4.698259
18802889,4.0722837
13802723,5.1092978
14728936,5.6702633
16506531,4.7574134
15468038,4.2581835
18036484,4.712187
20017769,5.1682696
19238810,3.4348626
9011552,5.8943715
15439249,5.8897743
4508923,4.6917953
9550553,6.238209
1881180,4.12158
15487349,5.165421
14650655,5.2325354
13025960,4.1623588
12089404,5.0114136
16577855,5.04817
10179865,5.0034547
13156760,4.559159
12623562,5.342167
20439519,4.5389
985813,5.5884995
2124526,5.7505145
13618453,6.9979925
15857120,5.005498
14697382,4.574058
1856599,5.9479575
16377873,5.157839
19126369,4.7488317
7563705,4.6222258
3344322,5.042496
17189130,4.858353
13278625,5.4095716
18877129,3.798589
3518682,6.0119095
17524695,4.411009
16394169,5.359118
19197064,5.2689576
18959420,4.7379336
16810826,4.537713
16488275,5.409248
19682017,5.249775
15644836,4.2684135
3971900,4.2867928
10968706,3.9600363
18543045,5.3811164
10120596,5.188726
9067399,6.785225
669590,4.056801
1979848,4.253034
7873771,5.142972
479357,4.3761005
2925689,5.294192
17167011,5.998989
7714664,4.6598096
1256115,4.993068
1324086,4.0443864
5762866,4.1807523
19177794,4.8186493
19806903,5.870723
11904920,4.9448924
5672704,3.7993002
8207372,5.2524686
16353124,4.608266
12358080,5.504642
15411360,4.133971
13592465,4.328045
915040,5.3883877
620181,5.185131
20718077,4.5726027
1097673,4.26701
16687716,4.5851097
1521508,3.8055992
8924372,4.903371
5135121,5.4931774
17892835,5.0742106
4154674,4.6948
1531183,4.237594
15456889,5.436938
16405674,5.1570926
17861038,4.0651784
8736846,4.5670376
14852420,5.3808684
17141159,4.3177433
15806285,4.508235
4738113,5.4218917
20071986,4.26743
13603972,4.61098
441775,4.178149
11047057,5.1895485
9713045,4.114674
9883513,4.650369
7263126,5.3873434
4728136,7.079468
11755002,4.097925
6598624,5.046155
18745141,4.0676713
15664673,4.6256323
11623306,5.136186
10100512,4.100971
9489459,5.406984
7851877,4.9759827
13412717,4.298575
20438800,5.2102466
4949779,5.773082
7439092,4.0292172
16612515,5.1041627
16321275,4.657063
16751768,4.3829446
9136814,4.216885
18239527,4.63605
1043282,5.2398753
20484367,4.066109
16664332,4.9371386
7090111,5.4408
12430573,4.246976
4287765,4.74611
7391230,4.907016
3614008,5.552957
15956851,4.515494
510092,5.0133963
10476626,5.11184
19035683,3.7999072
17693601,4.034631
15917011,4.8142824
7699710,5.527959
6128050,4.9255757
3386035,4.763839
484658,4.188726
622642,5.2150564
8325667,4.544479
20269328,5.6128263
20176653,4.740064
17943328,4.5082054
3479896,4.5217557
9035181,4.9292746
167057,3.9747486
7243355,3.8316996
20329720,4.7818537
10241876,5.259316
4031933,4.8154807
20990053,5.3924437
8503433,5.0788517
14361406,4.0634713
4325737,4.8838053
20599362,4.474299
753983,4.9357843
16364937,4.599158
16769181,5.006605
17541287,4.2955565
18961444,4.385759
13769006,3.413693
7002438,3.890205
8045552,4.912364
9550075,5.266194
14859779,4.1144485
9039453,4.9262524
17933555,5.54491
17457239,5.2237353
1155885,5.063869
8398120,4.5955377
16489963,5.2458286
7732854,4.5583577
3411912,4.4849367
3687150,4.784437
8597907,5.9122434
14649383,4.3298855
233500,4.1193213
18548609,5.6494374
12892469,5.1987524
581180,4.893545
1931912,5.618923
13728412,5.0723777
13293823,5.355583
15564179,4.1619873
15255254,4.4166865
6529597,4.716114
17418615,5.103077
13565467,4.9773073
14530033,5.181251
20771964,5.8750477
4053612,4.0131097
10105592,5.248534
18508818,4.176353
16763089,4.985387
18291521,4.602985
10475942,5.126217
11438045,4.9763956
16231812,4.617453
9999878,4.5848365
7501154,4.1783757
11791996,5.321564
4709252,5.5801067
17602292,4.821975
187986,5.7773952
15836473,4.624307
10281987,4.3911476
6882615,5.26254
16677581,6.452403
19910725,4.907271
10405891,4.976762
21058573,4.400226
7105709,5.5412755
12592632,5.114843
14569296,5.4868755
11103400,4.732606
1206261,5.4488244
18390043,4.5989127
17361133,5.4117646
9750094,5.262736
13076788,4.576588
4129424,5.147948
6574353,5.9516654
17882596,4.7081804
14842366,3.9322152
4446116,4.8065553
5905501,3.409652
8072662,5.1263413
8423818,6.081194
9136945,5.417822
15844931,4.214393
8598197,5.3520136
17790418,3.758079
18803219,3.997097
7800053,5.563031
3931037,4.9915133
7850696,4.338779
3554500,5.722744
4303825,4.1211452
4467841,5.258229
9682849,4.61455
3464727,4.7257833
20151795,4.9456334
9881173,5.5288215
11338011,4.047578
15888389,4.93177
19517508,4.9719167
17306372,4.8728533
9533017,5.9176145
21022394,5.0082917
6627397,5.4499583
11655248,4.2083087
16146834,5.084688
18508085,5.5819907
18151380,5.3217034
10568320,3.9660888
11716103,5.2622232
254863,5.522382
11617250,4.149298
15165917,3.852712
6001758,6.3784366
10126869,5.082162
8488370,4.544815
75423,4.206319
13765056,4.5916843
14437325,5.7764897
1992676,5.974546
14912302,5.391879
8014773,4.6287026
20552217,4.1335216
12854951,5.1170473
15864590,4.248921
3288765,3.930686
10255048,5.1810527
8843681,4.3711133
20607819,5.2849836
10076444,4.4035087
15523549,4.70972
1387802,4.2213306
16004684,5.4302263
16621902,5.0676026
13101094,4.944446
1661292,4.958481
326908,4.43406
14153230,4.623614
1109548,5.490639
5068702,4.368923
14763705,5.0370774
6778716,4.169049
2272461,5.435973
9945496,4.7795
6106343,5.763389
10386341,5.4649587
16394456,5.284334
14202260,6.754407
21153286,4.1885448
7289478,4.5978155
422776,5.4104667
14104045,4.516911
15179226,4.9560027
19890588,5.409999
13970468,4.366987
2461439,5.9923058
5195874,5.0121264
16031845,4.9313917
19877901,4.7061577
14055665,5.0850663
19911921,5.3251576
15655772,4.7594814
10116102,4.692437
14125913,4.4864683
14949545,4.3257465
14204162,5.4228544
4784618,4.044261
20521696,4.481291
15968094,5.04463
13884778,4.25085
4251764,4.2364073
2372273,5.954159
17585947,4.7056036
19404943,4.04985
459767,4.876814
18651642,6.309401
14826358,4.950524
15783719,4.0946627
808720,4.3032966
17657510,4.5885253
13282293,4.2043724
2108237,5.3983636
10616275,4.788835
3531681,6.2587314
18191455,4.2042103
18616234,4.579765
4587321,4.169229
5720623,4.184984
5173018,4.3507705
276193,5.831944
4257929,4.3334966
15613238,4.899207
16066852,4.54539
7127297,5.2104535
7798935,4.0500913
7129441,4.138252
12969060,5.320109
18163756,4.3224483
8681709,4.4213233
7263305,4.234266
20800994,5.8655367
13240322,4.26906
3970345,4.89771
14341534,3.3214526
16762695,4.2714467
13140793,3.8401022
15326364,4.6775594
20990590,4.9643373
1989997,3.5939353
20417878,4.2043853
17110553,5.1294465
1661684,3.8736956
14483819,4.2862377
18810580,5.249738
17830430,5.5971847
2001022,4.5830317
17143103,5.217211
18808260,4.527306
4396275,5.3238425
947767,6.095108
13936824,5.172657
20001671,4.880847
12796784,5.123089
6103261,4.688408
18059812,4.1116104
10138870,4.4518285
11911783,4.867555
11653359,4.587476
15956435,5.169992
20425419,4.8737907
17279803,4.0960617
20726959,5.6629972
17699602,5.080824
17138041,5.051203
644008,4.3798275
15176427,3.9476628
20053362,5.955154
7279344,5.502858
19404818,6.0391464
10169117,4.6480913
115407,4.5476127
7854999,4.6543713
12317903,4.473762
2477787,4.8888125
8957189,5.7293873
18897102,3.5565898
3603134,4.30927
1036734,4.6763773
7942513,4.163102
19092235,4.341016
4206061,4.494323
9225346,4.755083
19844255,4.6394205
115748,5.0394654
14416321,4.7849874
13451786,4.4553676
20616239,4.070993
16710475,4.954923
9057418,5.7877936
5054072,5.4954185
20697463,4.2908263
7666157,4.4263315
12395984,4.816994
4782799,4.780479
17188797,3.9394403
13398837,3.9942913
1881968,4.364778
1337001,4.83259
7913224,5.6766524
7351575,5.5463257
7781847,4.1391883
15501322,4.562022
14281865,3.9082901
19401219,4.598859
16797848,4.194838
20964409,5.897601
20151756,4.88241
1183620,5.4868956
20235208,4.058195
20745195,4.654753
7021343,4.8203154
8221207,4.581203
1045752,5.2123218
2247190,4.3798213
847755,4.799818
3959094,5.0380535
4021805,5.252473
16599599,5.120655
5615061,4.1472683
9689359,5.2181954
16000473,5.09496
1132728,3.9231145
15483662,5.157642
14472209,4.4155707
7790482,4.5865693
3130390,3.9754112
13814383,4.4508767
16814704,4.5291033
4331691,4.190849
797642,4.820115
14117696,4.405408
20283846,4.7545404
19050274,5.0021544
2256268,4.6617503
7236990,5.3205037
17747839,4.513787
12988054,5.459578
14297224,4.083375
20591291,5.046596
16758040,4.8822584
20601598,4.8262734
19846176,4.041756
334869,4.7982054
18037936,4.2144465
13959886,4.6730943
14651089,4.5362644
15043283,5.121785
1781457,4.3899436
16071295,5.4409885
8023867,4.4032764
16242753,5.3420196
7801483,5.871131
14218449,3.7710133
15129003,4.0164576
1885941,4.880751
13633620,5.3794355
8653449,5.8903165
729831,4.8593035
10563581,4.742892
15982605,4.6307015
20030040,4.787573
14570947,4.2008324
4699898,4.4090967
16999954,4.4921675
13379973,4.381465
12652765,4.462669
13600887,4.5534463
17224372,4.2669473
13788740,4.4006505
10516322,5.6111836
14010200,5.2887106
15174230,4.213936
4353236,4.7764454
13361785,4.5005937
18557662,4.794965
18591407,5.484221
6143531,4.62143
7308593,4.070989
15369078,5.0613203
4092655,4.5135293
6505426,5.1850615
16603172,5.234806
4636323,4.9591866
71384,4.087175
14931652,5.3196745
14030285,3.982874
2115611,4.8510885
15411634,5.643868
6781973,3.7111406
13861389,6.0602765
14690672,3.9263682
10903303,5.66835
13098805,4.266047
16171595,4.6222467
4190793,5.652784
2140313,4.392244
18036366,4.847555
6964813,4.4797606
15991843,5.597089
12812504,3.9541981
20185035,3.2761464
18194673,4.328704
15989363,4.2373333
18435027,4.115543
15327220,4.882928
6088589,4.9272733
2303583,4.9519696
9882012,4.2330494
1059531,4.5511794
8764617,4.5350056
16814536,4.4228587
5558709,4.165102
2653259,5.8898115
12884619,5.431711
14885129,4.3159943
15692593,5.5233636
8567028,5.675465
13713765,4.603111
6959841,4.121229
19309604,4.7944293
5847182,4.9333034
14187751,4.472389
2918732,4.8052473
20652639,5.298258
10930079,6.356997
7422221,5.4345026
13219681,5.1075473
15718664,5.504816
4526384,4.20211
2777719,5.929005
13135927,4.3255
13252299,4.424673
5640839,4.7016473
12732420,5.7561655
20999976,4.5712337
1764449,4.373867
18546735,4.80679
4785675,3.738907
9462488,3.8944237
1140826,4.2080603
4444304,4.8662186
15374777,3.8948145
7245977,4.0557237
7475708,4.244689
20817164,4.963004
12457319,4.727486
17960970,4.110586
16382031,4.982893
19664150,4.7312913
4168812,5.2696414
5646613,4.1857986
60666,3.5990734
8089062,4.0342393
21171163,5.332485
12544463,4.8092847
8110,5.530865
8226982,3.9840906
14372069,4.1815133
452824,4.280383
20726227,4.087547
17589815,4.6672416
1048797,4.2007504
13417164,4.5704045
14836424,5.9943457
7898757,5.574984
20229074,4.457704
5989687,5.050499
5297660,4.5662904
12600300,4.4976335
361703,5.8555593
9102963,5.306449
13510044,4.281124
7201553,4.8108244
12554945,5.4275804
20074223,4.577934
8272350,4.9565315
13168753,4.980083
17528760,5.791424
152259,4.7904363
7262619,4.2329154
2308802,4.548118
15752081,5.0389986
9595698,3.5205996
228496,4.0683093
15635350,4.463629
14041332,4.2517424
15822019,5.075435
8257211,4.5219145
14491023,4.3000965
5160363,4.736444
13373300,4.995504
13578140,4.5562606
9734420,4.09758
16243667,4.5594172
3076579,3.9392948
15343336,3.863902
17685350,5.08518
11528086,4.9774575
17905052,4.812215
645922,4.9863887
20310094,5.771591
842961,3.8856907
7470123,4.2003284
4006407,4.0038385
19691986,5.53005
17975366,5.0881376
8683783,5.4127727
13333623,4.8379126
3230643,4.586375
46843,5.036054
10768917,4.8203926
12493755,4.9033713
9561365,5.092364
19346150,4.964305
5902822,4.0231333
4343772,3.4976556
16043186,5.4556513
15537228,4.937166
11147843,4.983722
6991310,4.883381
10680228,6.2475786
18688039,4.597843
11656362,4.733956
3468486,4.7644887
936001,4.9112573
1627259,3.9097908
16192646,5.3026
3426233,5.083437
9958322,6.0541973
9024737,5.2883425
2387068,5.176098
12904071,4.6746883
54112,4.362038
14086132,6.3705454
14600625,5.7334166
19303801,4.669218
18960294,4.4088755
9694758,3.8904793
4540955,4.42759
17368958,4.8727098
16082532,3.8805716
11775483,4.67286
15131308,5.2244463
5925550,6.1666303
15581154,5.2170234
15060925,4.3646517
6748921,4.2458363
9976124,4.1372476
19729961,4.3536477
17943186,3.9303439
8382660,4.8669043
20361588,4.5759044
10380872,5.40193
6975129,4.731553
3489778,5.2640157
17794295,5.372122
15027101,4.2696614
13636422,4.8750324
1067027,5.8439207
6640642,2.956871
18428230,4.1252837
16268490,5.395448
18345727,5.193785
15360216,4.2795105
16412848,4.5113606
14646704,4.254407
17788159,4.635891
2180648,5.6235175
17438195,4.809695
11378054,4.012565
12915587,4.8575296
3829261,4.5616994
9664099,4.7242146
1597830,4.749905
12990558,5.175155
17611685,3.5397806
15975018,4.6927943
145690,4.314542
10823007,3.9874034
106647,4.276107
7255568,4.7368474
10492295,4.6406903
20253592,4.0666394
20999267,5.2457113
16239948,4.8537717
2372987,5.877889
6094066,3.9590383
8988451,4.2427006
10056541,4.5455384
249414,5.2942543
14321263,5.4514747
16005479,4.0984273
17268038,3.9788508
586994,4.819431
17476990,5.0471354
12320880,4.2803473
18209082,4.4393406
15142918,5.6922636
953928,4.363692
6159481,6.774283
18175455,4.839308
20726715,4.878194
17027290,5.6178675
18326771,3.3271422
12846033,6.1272736
11676566,3.7760508
17845112,4.823252
1466534,5.7372637
13726326,4.4497595
16081829,5.346472
5756520,5.063925
3237842,3.9579914
14555886,3.9958787
15055277,4.2642384
13175429,5.287071
1768964,6.223576
18637680,5.640508
14423004,5.528471
15084404,4.6772747
6778322,4.278879
6843145,5.250182
16172035,3.945736
5013816,4.5726485
12911110,4.370822
18212722,5.29614
14881939,4.1419377
9110135,4.998902
4484805,3.7065802
5078638,6.0837836
15610760,4.7739854
9543557,4.998374
19458240,5.707192
8336609,4.8043084
16959968,4.629235
5947472,4.62763
20033063,5.227736
20299266,3.1494176
5931952,4.4684615
16691826,3.6984072
2131675,4.4915056
479298,5.4369
17973795,4.5921965
2941297,4.780966
1206413,5.392043
17553719,5.5840783
15925104,4.5957108
13749348,4.253542
16465059,4.385394
15602456,4.523047
12539013,4.038633
725270,5.262686
5761901,4.238112
17332503,5.326521
12175681,4.628769
12430132,5.0645556
7702325,4.6991124
20070087,4.562472
12344949,6.551737
6968306,5.745911
16725615,5.412785
3433930,4.504541
2268084,4.198476
9907100,4.653217
20529760,5.2298045
12741695,4.138498
9937434,3.677778
1020928,4.058409
47859,4.922308
20840469,4.244527
5143959,5.235085
5870098,5.31616
18462461,4.0748177
4604357,4.546926
14449167,5.9072843
15150657,3.7987728
6184149,4.5711246
7459002,4.2880917
17269656,4.6188154
1204141,5.168821
337960,4.1493487
14013264,5.024878
18488781,4.6576767
15853994,4.511694
3898292,4.787031
4432761,4.8101263
20652678,4.171078
9464045,4.6826177
10059635,5.312896
4645142,4.6898274
17340546,4.5706315
11187332,4.308022
17591802,5.0120935
9063213,4.7901187
17356672,4.279591
15929814,4.8919497
1607994,5.0069027
9148791,4.1540112
18002434,5.95577
16417011,4.62686
16443106,5.5319543
16101136,5.708968
10720370,5.4601145
4854561,4.129007
17024774,4.9550533
691026,4.5566645
17406430,6.149592
6924208,4.250316
4583081,5.976492
12388347,5.5633945
18329532,4.5057907
7009328,4.481409
12255334,4.304558
280549,4.213661
10609103,5.3109984
6278405,5.2262936
16029273,5.1458063
14593326,4.4162135
21075877,5.1235213
5747240,4.7893915
18763198,4.549998
9333167,5.3901634
16252226,5.4868736
4705670,4.9786577
8782984,4.6250024
769482,5.539851
13006928,5.184285
9705777,5.5159087
12795842,4.763472
8385930,4.223784
7244861,4.9145374
9349742,4.785119
2509617,4.7968554
17585139,4.05988
15874419,5.390055
4662158,5.023993
20083581,4.797175
19044895,5.19885
19196273,5.621437
10307009,4.2737536
19080921,4.860889
1964878,4.1450615
7159343,4.890417
16751957,4.73342
9728203,4.5444508
16545263,4.0232787
19525927,5.293631
4082635,4.2889857
1720583,4.3010044
9079871,4.285228
7575194,4.437203
18735542,4.5859857
14469019,3.649774
13374115,5.593865
4639451,5.8171926
12774987,4.6556377
15340297,5.3045626
7637901,4.719608
18120644,4.887881
3217196,4.1408873
15711,5.127824
19181603,4.0837164
10088588,4.7686334
16496199,4.8822746
1847622,4.9853024
2864776,5.0753803
14504452,4.3261023
16722856,4.806881
14572100,5.099199
13824118,5.075084
376740,4.9174786
5192066,4.2944117
8850711,4.5313125
12955281,5.0635643
18704413,4.255091
11843770,4.2698617
9350653,5.5171275
14577455,5.3600016
3696178,4.088055
256148,4.953941
16241951,3.9860966
6155877,5.0692654
1186300,3.926371
16063596,4.2488136
16427431,4.997235
6077513,6.472024
18778024,4.1349707
4718898,4.046293
15860091,5.0615263
14585496,4.0147667
14855614,4.7658267
16363923,4.245588
20284322,4.184442
9635607,4.197368
20910718,4.738881
2164917,4.4538846
13311019,6.8814683
17930505,5.890226
1934804,3.865054
12004089,3.6668289
8144049,4.4748697
9972046,5.117195
17007737,3.5106761
18291265,4.290849
12589327,4.701868
6452764,4.6363797
4930026,4.8171916
13650969,6.125979
13293403,4.154267
12191750,6.3293047
14285920,4.855246
10494980,5.2147703
13300084,4.9160714
1045978,4.8696465
3793678,4.481473
8029446,4.96591
3939304,5.875636
10280979,5.7603264
14841308,5.0074644
20244583,4.129302
16578515,4.54786
15865775,4.414873
16120296,5.118061
17540365,4.879847
18209005,4.1021614
269756,5.127512
16297989,5.1068163
1819994,5.5942984
17652643,3.8750796
2686639,5.2751503
20609661,4.0097275
15521674,4.700657
17420832,3.9299715
18081738,5.314679
812695,4.086735
16392539,5.7325654
6965048,4.4845257
1623463,4.0204997
2086828,5.243964
13721436,5.9908924
707736,3.9280398
16737148,4.46496
21098719,4.3794823
1975069,3.8818083
9973170,5.317773
704727,4.3823643
20066576,5.0721602
1428154,4.5214467
7513953,4.0217676
10364522,5.370542
1891175,4.2232633
15811719,4.576396
4902799,5.1583304
6854404,4.790652
18074110,4.0798526
13575023,5.884783
17712277,4.5276628
9543678,5.018629
4777723,5.071123
8404684,4.638588
4778591,5.2907877
5461125,5.7709208
66974,4.8040566
10054070,4.5528665
14174460,3.942741
8111321,6.499278
15841981,3.975913
13713588,5.0718765
8521792,4.7671924
9527309,5.102704
8342635,4.252246
8838932,3.9313438
385651,4.7307243
14844098,4.129071
16822394,5.07044
16497691,4.2037406
6289760,4.2057667
2494793,4.082085
6599196,6.4102197
19878514,4.9081597
13928461,5.199387
16162187,4.76239
17591996,4.3917055
4059549,4.7460628
9643630,4.5622945
17829289,3.9495733
19083490,5.5743656
7437623,5.2903905
19221317,4.0979958
17284135,5.350403
12904840,4.2947664
15930837,4.9799385
19199564,5.117228
17682109,4.889618
16928,4.687779
13065655,4.6496267
1229594,4.9435935
20410370,5.126311
7900437,4.363935
18704249,5.373607
18222930,4.224371
7415905,5.998051
15374796,5.1571054
4606368,5.8418374
13802356,4.3559275
2049830,4.2453065
13856810,5.721522
20411117,4.5662293
18163050,5.510286
229799,5.1048913
15024889,6.5166516
17078134,4.349613
16571090,4.829297
595777,4.6205764
20599193,4.4331436
14825914,4.740829
573612,5.3679724
7158759,5.4331803
5813113,3.8327432
7676145,4.0713153
13379560,4.2677836
16376497,4.5679903
3012871,5.0364037
9898894,4.0654087
15985008,4.4371853
8343915,4.9270506
16651731,5.194156
17793007,4.0059857
20013531,3.9690177
6675383,4.295861
1324087,4.914779
19634067,4.2073674
11010367,4.5949993
11588550,3.9339077
9750131,4.972307
799829,5.286429
14222469,4.1371694
19906195,5.3856053
19654252,4.7230268
4994462,4.9424233
8090753,6.2230587
5135755,5.184115
14632658,4.803859
7020039,3.8237276
153780,3.9852507
9253505,5.111703
19884146,5.2913804
7543156,4.167102
18053548,4.480382
18178468,5.4667354
4601390,4.7599907
5997689,4.062463
9929972,3.9816198
1283815,4.8348894
19575925,5.3276186
681402,4.775473
4828543,4.842158
7084130,4.5519357
18095941,5.535123
7456568,4.6398206
1195173,4.05375
1125117,4.8310695
17264334,4.655872
1137921,4.8146186
8989863,3.744738
1388523,5.8443584
10769637,4.894752
15601678,4.797747
424767,5.2019734
180233,4.4518185
17640339,4.76142
13451778,4.885073
4936629,5.2010217
20634170,5.3939357
19524232,4.9154553
17210984,3.8990262
3881808,5.3435884
7071504,4.317312
4134377,5.0544286
16578229,4.5408087
4796070,5.199448
7884102,4.899058
3164650,4.665665
18286171,4.189489
10428642,4.3648376
12402601,4.79614
3385880,4.4530096
5652147,4.741038
7131026,4.7614803
7826158,4.793855
18323602,5.424373
8303354,5.1636105
18250302,4.226088
17419463,4.884601
17624124,5.997088
17111165,4.290314
3570817,4.975032
13713304,5.3901033
20172973,4.75631
9233883,4.293663
13238217,4.219389
7298966,3.821532
9040792,5.31347
80924,4.3399687
1966735,4.4190254
13261922,4.5693245
505708,4.282525
8628309,4.891662
12810452,4.155269
1373456,5.192855
95544,5.997649
18672921,3.991814
8067466,4.097941
7489397,4.438553
16519220,5.3879385
15885689,5.0304193
2039945,3.7357166
14415799,4.568802
14358402,4.857596
14854249,5.5330195
15588310,4.6351867
13764068,4.610019
12968092,4.545101
6729886,4.6739764
799701,4.399029
8994220,6.142303
18008801,4.919037
10628359,4.129587
627949,5.1816444
11086445,4.787262
13853404,5.15113
16381884,5.1981864
7151690,5.3605924
13390535,4.9003167
11827451,5.834481
11037074,4.174472
3544380,4.8796315
8000795,4.531119
20227210,5.4460373
18985328,4.5746737
20191076,4.935009
5767589,4.540758
19851136,5.8194942
11660192,4.920556
13992990,4.906659
9522516,5.623842
13547859,4.6402955
9216950,4.3545732
7601870,4.819791
801281,4.2043276
14486237,4.5449557
14807078,4.56843
9032209,4.9184637
10613946,4.6432567
16517187,5.2919965
8013498,5.144857
10629177,4.9774175
9604011,4.1539307
17285785,4.7153754
19291646,6.5811853
10775044,5.128543
8984018,4.8546185
13530165,4.324338
6229085,4.372341
15618501,5.1653514
2498701,4.968177
12705492,3.9275124
18222359,4.6183968
16238779,5.168905
15632542,4.882766
457829,4.8902655
12590077,4.2568545
15735294,5.696671
6327528,5.6420074
11067772,4.2236595
19247447,4.617845
8935756,4.6544614
12309524,4.0488114
645757,5.204897
7264659,4.0449543
13637547,5.5838647
9391913,5.335374
3913092,5.7669334
10018549,5.1934853
4068682,5.663177
6374890,5.280991
12854022,3.3075795
16187566,4.2302866
13785631,4.2700467
20757674,4.8476825
18519523,4.2737074
16164934,4.6820717
13679918,4.882923
11366042,6.0611053
21054216,5.7722654
13571941,5.2438006
11912034,5.0050664
1018529,4.5410275
13204288,5.2405057
14615379,5.9283953
11553360,3.3892546
348714,5.0665336
427843,4.8666863
4579903,4.98195
15546520,4.7235007
4089102,3.8144808
13766690,5.506382
14935001,5.0518174
12346537,4.9497623
14488058,5.24528
14897449,3.9066343
19767452,4.090569
20883973,5.229174
20379061,4.330197
1866050,5.3406115
16471851,4.1547756
18762226,5.105242
7637618,6.370182
6133111,5.7939606
6484512,4.346891
12472125,5.3594265
756767,5.0561166
598396,3.986655
2097795,4.2493563
11375514,4.3923707
14929647,3.6280046
18828846,4.2150483
4786197,5.1483765
7861177,4.6055207
12005923,5.6032004
13136521,6.6702003
15905814,4.2601833
18737220,5.0079784
15420723,5.0005956
9766966,5.713234
12407974,4.0270047
2364469,4.975264
20912843,4.6778936
16973826,4.938905
13711904,4.4089823
4201905,4.75926
17847425,4.1575813
5320395,4.6536713
19567510,4.7035246
9269572,4.9730973
5586306,4.3525467
9555648,4.129924
535743,5.1502767
17270330,4.2255836
7981579,4.435971
6975905,4.2079434
19544387,3.9846308
7677038,5.446431
4840072,4.0678573
59344,4.9355044
729365,4.4032536
16134193,4.190795
6044238,4.103926
13941509,4.486159
7327968,4.480047
9296523,5.052915
10141109,4.2848344
15720224,5.1289244
13574372,5.0001483
18101186,4.8541446
7400306,4.843931
4988556,4.012144
14238251,4.102405
8166186,4.3766146
20905799,4.7502427
16616303,3.9131203
11377330,4.1470833
1839373,4.597081
9513511,4.147304
12849655,3.2932928
1894105,5.257222
11046034,6.262835
17667310,6.911032
8568916,5.357432
19945680,4.334902
203551,5.845283
16506754,6.129041
7898386,4.5235925
12088417,4.3462577
13187307,5.3569946
1692224,5.194247
10998071,5.514985
32965,4.3301272
18312612,5.0276504
9169278,5.7364125
18458881,4.6488457
17509152,4.449988
12567868,4.3090963
16737962,5.722258
15042071,4.7938294
13960878,4.253623
13922790,5.0002437
18767273,4.1028247
13941210,4.5909963
8575163,5.185245
19503709,5.012582
12915038,5.5523825
6168629,4.9490876
7151287,4.7156196
14595640,4.264065
16577728,5.544241
16813543,5.5051956
1221962,4.1613216
6646456,5.2804255
3247998,4.3559012
12870913,5.77167
6228019,4.8065305
17944404,5.278196
4589416,5.125097
481440,4.7383657
5930112,4.0210476
16016183,4.5461683
10158601,4.161635
7348008,4.990685
9028780,4.2692
12206564,5.167701
15148838,4.4119263
12991348,5.0613356
16869608,4.9124656
15866324,4.2148447
8311762,4.405453
13938420,4.696871
8754560,4.9263144
87640,4.4502115
4285537,4.196292
7161718,4.631492
19432119,4.2027392
1971777,4.77984
663870,4.8011
16690759,4.177408
6652353,3.9411244
15566083,4.2816734
5559765,4.795221
17129825,4.6142755
20135026,4.0050883
4581479,4.099557
16159641,4.6571164
37214,4.753423
12055084,4.1918902
19332415,5.0113735
15126325,5.125724
9824547,5.7661414
1170468,4.1641893
21154109,4.904726
13343610,4.373749
16175138,4.2232003
12223759,4.7009025
7201169,3.6148052
12669490,3.8690572
17860932,5.8221583
16561849,5.408312
18066269,5.7197623
13992742,5.093471
16412250,4.993319
17640798,4.891884
6169065,3.6364722
12487909,4.146413
1268060,4.376989
4044840,4.9624505
3503627,4.541006
10996816,4.0057015
7645757,4.2151117
5691763,5.1442194
15310220,4.111594
783149,4.1284785
2181389,4.207781
15855837,4.230214
18605336,4.537037
851772,4.374317
20216170,4.406985
17188095,6.2139587
9051442,6.014433
15150943,4.6474686
19251255,3.919255
5936796,7.0521555
15009005,4.219918
14024257,5.9922185
1660971,5.329379
845251,4.897721
20590333,4.155029
609376,4.2623167
7657947,4.5823655
15789680,4.396541
10341932,5.95639
4629367,4.950205
16961883,4.88413
3809530,3.7629728
9176233,5.145402
16179825,4.9905076
16302359,5.2639136
14962189,4.2368417
11433539,5.720912
15729762,5.0757113
15918718,5.075988
2550984,4.5442553
18636101,5.8797364
14826900,4.436225
9133069,4.887298
8281967,4.75594
14488189,5.6331472
6986958,4.2596703
13465546,5.633751
15747577,5.0484824
21091109,5.0549684
3301321,4.0846553
18359380,4.1947913
16174653,5.015571
8811480,4.52824
536328,4.6659365
20623206,5.0941544
10356880,4.1286554
19120385,4.414832
14023496,5.376795
18213319,4.2974243
15274999,5.5709643
10905470,5.480344
5208021,5.0292373
15149497,4.1371427
5747241,4.757775
15193693,5.6618295
8735399,4.7127204
757864,5.5676904
13111321,6.1299415
16083525,4.5493746
13698789,4.9996004
7784365,5.228492
444411,3.985693
14803913,4.3128624
294250,4.1062994
15510930,4.14495
12022599,5.249236
12972059,4.7427387
13527291,5.0417876
1940496,4.481404
2547198,4.0234323
8255464,6.1139526
7579573,4.929533
15496712,5.0037417
17510469,3.686991
8012976,4.8986726
16812970,4.9205656
2339174,4.6559315
16518559,3.9934897
8685725,3.7846055
11306463,5.038402
4680299,4.553222
13641142,4.870597
4894656,4.2852526
20349970,5.6952004
12875860,4.833394
6883897,5.0911975
6863827,5.032498
15720498,4.1899176
15394484,4.6604266
14773074,5.055566
2210615,5.6759195
8063277,4.4412775
14521091,4.978296
9736227,5.583717
13376457,4.245383
19730572,5.369
17387785,4.1282783
14466193,5.877306
16383326,3.9920292
832810,4.2904453
18963431,4.2382174
6384275,4.8325696
5672288,4.5240846
9825415,4.515045
14214315,5.67537
19120544,5.3122516
4717440,4.911194
14429976,4.3979692
13978036,4.911121
20761266,4.6147485
15873510,4.5154214
11998353,3.5583196
965917,4.9136415
6587400,5.362044
13929036,4.5604563
18123011,4.9415393
17893098,3.7836874
19531313,5.190528
12106946,5.1727877
4469769,3.9540076
16589844,4.342899
15223117,4.708785
18069030,4.724089
3251014,4.421192
16310244,4.58625
5945820,4.5481467
15002969,4.0257597
10037605,3.9896777
6030132,4.215842
19227562,5.2932434
15967879,4.190935
10269737,4.2507954
20195496,4.063117
11709675,4.357005
7637047,5.93295
1053666,5.063835
7956634,4.1585956
19737484,5.275174
11046680,5.027558
11513818,5.1537743
11853509,4.623111
4524029,3.9020982
8827744,4.465987
828685,4.630423
4040475,4.1479063
16910440,4.4519343
2015586,5.765359
8151519,5.217809
13491744,6.460011
131403,5.2652793
15006441,5.7376156
13244917,4.2434177
19945083,4.824044
12991211,4.3736534
4202197,5.1434317
13361654,3.6880322
7294210,5.3320813
14145977,4.077681
14469737,3.6257381
15973858,4.7834716
9063376,4.848038
9393163,4.30524
13016082,3.948091
16140977,4.699263
16795253,5.7285714
11553445,5.3981714
8427638,5.4220552
3414172,4.1086783
10525616,4.323496
12897314,5.1190276
9750676,6.197308
14590978,4.739113
15327552,6.4911127
2432622,4.219134
17803757,4.5409737
8792379,4.99659
18547510,4.01773
14748297,4.234195
17281381,4.593891
19138071,4.4054446
1881298,4.608472
949428,5.7579923
16440066,5.1646876
8256750,4.4172225
15147515,4.1857347
7116810,5.2299714
205485,4.1104975
16618090,4.5110855
14579510,4.6577373
19142334,5.111706
8674268,5.5703807
18022487,5.77529
16547724,5.0870333
9302678,4.675567
17556957,4.926063
21175554,4.987798
8090426,4.4564867
2212823,4.6686683
13202799,4.1999264
3264684,4.2078843
9824326,6.7533293
820946,4.522095
20530309,4.5068974
8384292,5.125741
7276511,5.8693075
18739123,4.831605
18411627,4.3775334
18637096,5.1194696
14468131,5.654999
15914785,4.3553214
15339315,4.893624
132695,5.0028415
19410331,4.819011
4943458,3.7896452
15866095,4.3648834
15843220,4.7644024
77681,3.3767822
18059389,4.543967
13334382,4.5884757
9944860,5.166338
15721197,4.7326856
13001874,5.175008
9257541,5.2298903
19517513,4.2061286
10439970,4.0129795
16793429,4.9251304
1556821,6.108168
12953567,4.176869
1240598,4.3497725
11338057,5.1071296
11229663,3.7318754
7844294,4.727791
13118084,4.6329837
4758676,4.3930483
13588175,5.0316715
31939,4.294291
10949478,5.4531116
4225721,4.2059245
269053,4.7661986
848174,5.243428
9547394,4.260549
7614937,3.8412533
17593868,4.5104713
7245876,5.50841
4456724,4.5935335
16338045,4.464027
787058,4.8498454
14548280,5.683
9651070,5.2208586
10789433,4.0913663
20385467,5.627301
10596297,4.88413
14965867,4.7915196
4494448,3.9909053
7023661,5.369926
14899686,4.432906
15511161,5.3298564
15663653,4.7639823
8481021,4.2123766
13355543,3.973536
9709405,4.973779
17617712,5.3441286
12183939,5.735436
16488197,4.0389566
16674313,4.5465794
10043227,4.5900197
19556888,4.307697
20396489,4.7535653
19292775,4.619451
12656310,4.81496
12173895,5.2708917
20067610,5.2221956
12482870,4.0327115
6927027,4.758589
16962435,4.4053874
12086985,4.1148515
13900712,4.9141316
15258414,4.385798
4766516,4.647945
8304058,4.5088806
9865344,4.9753456
11226811,4.9243174
521038,4.0605364
1140691,4.118948
14124508,5.738242
15633514,5.432289
3698738,4.7411356
12251244,4.400473
3970529,4.7104855
18042820,5.256122
18568031,4.520844
19642128,5.3968244
1722358,4.212756
5506,4.7108016
7850400,4.0979147
19243476,3.9814832
3465396,5.593109
13153398,4.443447
18463505,5.6006565
8722573,5.0883865
10964917,4.9509387
18507951,4.153102
1438244,5.1271334
481413,3.4446168
16476510,4.2617307
16381992,4.872599
6117724,5.4027762
2153435,4.017491
11926941,3.9096534
16029517,4.457397
8913611,3.8558266
2723005,4.67764
292800,4.7149115
6886494,3.5141847
6716261,5.6571026
696862,3.2197974
20548717,5.226733
7511919,5.4219527
8352032,4.7187724
13101006,4.535304
20575645,4.7453194
8608296,5.7065773
20727199,3.7489438
17156635,4.7749233
10191601,4.3772025
6718257,5.5897512
17855345,4.3740387
20608463,4.7552853
17030890,4.735108
12605732,5.68963
16707902,4.782302
7097,4.955593
7984285,5.59977
16260439,4.5091105
20846687,4.6695533
10651132,4.6156836
9533144,4.7903996
14524015,4.4348636
12127470,5.04157
7750282,4.365633
4784571,4.746883
9300586,4.0315924
13174207,5.005113
4127436,3.7697263
16725749,5.127531
167222,4.7827106
7709661,4.7181544
1853946,5.8677397
15195673,4.565566
11166462,4.8011985
15831317,5.4419146
15780460,6.853063
403647,5.000198
15513230,5.1504397
16977723,4.5477147
10124974,4.065857
925730,5.3014174
8985646,5.024195
11043803,3.5062199
16013285,4.2463903
20774980,4.2260084
6589907,4.39727
16725672,4.4139953
7601496,4.1660995
846549,4.685475
4967968,6.148188
15653796,5.5592623
644009,4.104822
6370773,4.7943335
19143984,4.9207034
18208811,4.937717
10906891,3.91509
20970089,5.077966
15435963,4.922875
13450862,5.133331
2189514,4.985748
13564490,4.669995
19141812,5.5060573
17098602,4.8898315
948034,5.0973063
8473134,4.3181415
17434335,6.0294704
9530381,5.0901704
20889280,4.511343
9682877,5.2789993
9149104,4.3140116
3771,4.4415803
8609940,4.8938174
2995611,4.904054
12873723,4.4145103
10336325,4.771243
2723515,5.547797
9865338,4.3192434
20166644,4.1524606
3625232,3.9583452
587758,4.7539406
11126402,4.8108845
7483049,5.399276
2863696,4.7249703
19872361,4.619318
8628190,4.993111
15216138,4.7689457
10604048,3.979807
9413527,4.432967
18465857,4.5745873
16333991,3.9212632
12775799,5.577608
18139702,4.6795297
716949,4.7631526
16796321,5.139755
11024763,4.4646773
17847644,4.1513276
5055704,4.1714106
1155965,5.5830827
7733484,5.1483674
16345943,5.9719725
6134156,5.7820234
664047,3.9611714
11649232,4.3393893
12987198,4.4121623
16393249,4.9487457
1217096,5.132566
15601612,5.2313104
14571697,5.1520967
7678383,4.495331
12049787,5.005032
813680,4.9770455
13767238,4.833866
19363671,4.952242
16854681,5.579031
77765,5.208665
7639479,4.4564557
12209944,6.104045
19903082,5.1944294
11021928,4.841777
187979,4.6155543
1107092,4.8180475
12324757,4.274309
11690836,4.7194643
5523352,5.047116
12467421,4.3259573
10926937,4.8848014
13896200,5.03058
5656740,4.6573935
9788388,4.8203077
13979401,5.1469803
18071246,5.285927
20597675,5.001595
18181620,5.309513
16194687,4.2088094
1713409,5.5884123
3959835,5.4294386
3457770,4.910865
21011427,5.3444624
3656284,4.399681
6781783,3.85273
21184795,4.0556984
16428239,6.233169
14139187,4.9202523
7904509,4.765003
15080549,4.3309703
24041,4.7961874
17128344,5.751317
8542648,5.0646358
14075285,4.241516
13771885,4.6127434
19953592,4.4543138
10987167,5.2278056
273933,3.7370028
16180470,5.109138
13573812,3.7550957
11442504,4.1425657
19907178,4.58304
14449514,3.926152
7450236,4.526759
17607789,4.5632305
4708477,4.928134
13578041,3.9150736
9003930,4.7633543
17655720,4.2626944
5169411,4.111797
4192849,4.7806716
6851460,5.1420135
5440621,4.4011707
19846643,4.5410643
13298087,5.0271616
14570483,4.483312
4263123,5.080097
6224858,3.9153187
15287794,4.368689
867020,4.9265947
7762800,4.9302444
15342023,4.57383
18214100,4.5190144
3242138,4.2494845
15857033,5.2792077
20028209,4.2224402
17277132,4.869915
8845982,5.005863
1819132,5.429969
18197853,4.1304564
8150283,4.8082814
3311872,5.9110565
868874,4.87581
16393666,5.0319667
10710405,4.25569
10311003,4.696879
6776848,5.0376873
13342037,4.9212227
21058546,4.028834
18034786,5.083447
15038991,5.621374
4768700,5.276634
4709276,3.9792564
8521368,4.3387136
2874486,4.084774
19698509,5.22963
4747068,3.9608214
6692488,5.264637
7834712,4.990278
219438,4.0576353
7678743,4.7000837
14053775,4.5223656
14552847,5.1634307
18795556,4.544416
18179852,4.5378156
14854868,5.8803654
6065674,4.7198515
1141298,4.8367004
13186688,5.0877185
17424914,5.0106044
10251,5.3472905
20650276,5.2021356
723507,4.746926
12053854,4.5733957
16206383,4.101196
18088634,4.565082
2927618,4.373639
16195103,4.2090735
3692675,4.37672
17791461,5.217733
9840115,4.629209
16398086,5.6833396
4274595,5.3604755
11453029,5.16115
2700596,4.325684
8641908,4.227813
790682,4.9814134
18475905,4.926954
14169715,4.3758225
13334531,5.325084
12794343,4.7054977
4717366,4.6140757
2042764,6.7626615
14989382,5.3743224
14577930,5.199066
19016912,5.099057
17160458,5.684097
16756494,5.1425047
17751140,3.9087496
6119683,4.630873
3264261,4.6431313
1955030,4.5159264
359963,4.7176237
2524451,4.9322686
12814934,5.5316873
11611809,3.8843958
14729967,3.2299526
18189659,4.094905
459929,4.5041122
15926120,5.4712796
7559867,4.506521
6181230,4.2855344
8221677,6.027503
17162200,5.800902
14966831,4.6406713
14323059,5.063957
12955304,6.1875687
19827064,4.0938993
15399700,5.148844
18963479,4.334843
18503789,5.7570496
2568000,4.2407613
671387,4.1133766
6316937,4.4771338
9615735,4.7938485
3554230,4.5265927
214474,5.6249084
13330240,4.1787353
13417712,5.631546
1175376,5.4066525
12009555,4.5884447
4746199,5.460379
5736059,5.1827073
8207453,4.3210444
6713821,3.986576
9548422,4.079848
9010890,4.763192
11678410,4.4868855
12644989,5.1027503
16243041,4.3866386
17170225,4.5008125
18290441,4.443987
1873531,4.942426
6211620,5.280134
15286171,4.227309
16148691,5.091611
17461256,5.633139
11459084,3.9860065
7629563,4.184867
15326810,4.6573334
17620105,4.1602435
4616783,4.9053884
15513202,5.024637
12212406,4.9207983
3434211,4.2599454
16945556,4.5338507
10522671,4.6304727
18394404,5.954708
1721115,4.4484673
11439208,5.0586123
6698326,4.0074434
9710999,5.133304
18041906,5.250692
4295108,4.6368375
18860648,4.933585
4015029,4.4941354
16429262,4.601875
17405796,4.4486175
13559403,4.38584
13149975,4.9430847
16182780,4.092411
3595890,5.1223598
3718865,4.413271
19154276,5.3775563
1127140,4.554843
7731258,4.9446487
21160933,3.7522068
4019174,4.447746
20730891,4.650852
13731539,3.927391
16782117,5.597723
2715985,5.793061
19485928,4.5830317
10706850,4.6846137
6879874,4.163622
17142595,4.7267213
404795,4.493607
10355311,4.4574256
7330494,5.047101
5453195,4.790555
13040727,4.0631127
10974609,4.040408
5347899,4.159721
3181376,5.009013
13468684,5.5947676
3316587,5.2776647
16437091,5.046211
17121485,5.816745
18194203,5.189121
18052423,3.956145
6641661,5.793223
17267695,4.547412
9958326,5.3896227
2881692,5.686014
16839394,4.3944783
8733480,5.5779777
13173391,4.1377172
4811214,5.191434
9136094,4.206244
5126391,5.232501
3976521,4.6540675
19327378,5.2844825
2400432,4.3659167
18192123,4.5839467
11711509,4.160994
15833352,4.1235447
1235717,4.5493593
4469479,4.322298
9332711,5.061528
12070965,4.1963058
11885995,4.643724
10371574,4.496349
16797122,4.8326483
2873621,4.8557935
11225001,4.7089148
16556463,6.1266594
14854501,4.340578
19460752,4.0751467
16315222,4.3348403
19530176,4.109694
622974,4.562842
15828423,5.113701
3802635,4.7826085
444430,6.206122
15761285,4.134047
993040,4.663834
13083463,5.2126765
18055685,4.7006516
8470411,4.359944
2333141,4.7740226
18550758,4.8043914
13900416,4.8071647
18359206,4.495662
2303082,6.5611444
17531073,4.0704527
10273397,4.807929
20017121,5.6162586
6169335,5.2814713
11043459,4.433745
10910639,4.2131023
6584448,4.2238545
2274268,4.068706
19690747,4.722159
14263115,4.657171
10098921,4.321209
19940410,4.247936
7968283,6.0805273
20227654,4.1744113
12657854,4.5510273
13573790,5.5594487
18343977,5.631021
20493345,4.446535
9046203,4.6749735
2974433,4.5863786
7275122,5.459799
13066842,5.2795906
4325777,5.551902
2661400,4.5444045
20620320,5.326387
4379866,5.5039325
1428648,4.296974
960062,4.237504
5509980,4.99386
18272663,5.8702826
11138618,6.478396
16514576,4.933875
11984762,4.250403
5471822,6.0214753
15421045,5.601206
16569308,4.5826683
19342731,4.8529367
16073938,4.1075706
1526309,5.009192
15338031,5.3950524
10810167,5.8033385
20011033,4.8689046
15509058,4.954785
21083374,5.014832
9234192,4.4240766
6047219,4.8543916
7150986,4.594462
17691390,5.017181
15391935,4.672391
11126453,4.741803
21011911,5.794937
9735937,5.6429677
12310495,4.5522866
16271513,4.6392307
4631075,3.9196324
20333831,4.421734
8507201,4.4692955
14146539,5.1095552
15581667,4.866409
15787037,4.8058743
10339640,5.0766487
12039322,4.867731
12210323,4.3607254
21121438,3.908799
17859080,4.4673095
13436143,4.885932
19591538,4.062997
5864004,5.9208093
9922119,3.9155977
3414629,4.3053427
13109021,4.912239
4492260,5.9185724
18071076,4.492006
16617362,5.86147
20901074,4.229663
798429,4.7800655
20695909,4.1470838
19864417,5.367327
13319386,6.08713
2811061,6.0726748
420329,4.4158645
4824052,4.139179
9187865,4.787131
13604124,5.584138
18583546,3.9490209
371373,5.8657246
8327375,4.5591817
15800461,4.52402
16352907,4.2605605
9007351,4.567759
4593939,5.527058
16255284,3.9115243
12221851,4.564334
16829324,4.2530265
14368568,4.5563283
11396688,4.6880255
6492144,4.70128
17023591,5.6611805
3931599,4.6704803
500845,4.2985725
9968402,5.5389137
3852314,5.508353
19403353,5.1624446
14015685,4.512804
18210259,4.9713016
19086942,4.9618874
8900062,4.1262746
11417739,5.575963
6589338,4.921865
1472752,3.8160381
241906,4.0923448
2791797,4.9668345
20705995,5.2364984
20710022,5.4388175
17186834,6.1237445
13156698,3.9303277
781946,4.197737
17824129,5.7171063
2082683,4.7735434
11062438,5.485323
9646370,5.5180326
17407271,4.6006336
16678888,4.1337485
4376861,3.7616625
6467264,4.6105256
501057,4.1485724
77803,4.702398
14655441,4.264177
19871726,4.1883273
7997058,4.4507008
9410527,4.1574616
9426300,5.2066183
15255864,4.670138
17192645,5.0656323
15336266,4.1886168
725417,4.5484324
10154294,4.1451955
12851433,5.37899
5801793,5.501902
1315753,5.766756
16206077,5.4246144
7841744,6.143262
15037015,4.463471
3994638,4.968989
4841982,4.058863
4882405,4.9907656
1209759,5.3735824
19333327,4.053811
1752112,5.581451
18342661,5.043083
7454853,5.0427938
12904489,5.166722
11635955,5.554939
7969781,4.190279
17611092,4.942795
201116,5.9063716
20505271,4.865646
11221821,5.6402025
1301227,4.1740184
2001534,4.436518
16752659,6.2339454
2053406,5.1972647
12333075,4.2104635
7418050,4.209579
18125546,5.0550094
531546,5.5260053
6585852,5.0278234
224510,4.816982
828540,5.863985
9335247,4.378699
9510532,4.554885
20236017,5.1144133
13356748,4.632001
20552570,5.696977
10660651,4.1857266
10034077,4.0542874
19718993,4.1688423
14429957,4.745096
18582618,5.272159
10120021,4.103884
9793676,5.762913
16439000,6.2041206
13497593,5.8557043
13558030,5.3040795
8301651,4.068772
16571280,5.09098
6310981,5.0926604
16235283,5.060203
15344647,4.71968
13446580,4.9545603
5671103,4.912405
20265764,4.3334923
15559762,5.06323
19335733,6.080095
473632,3.9566963
4531990,4.0621886
17462686,6.2997875
3415102,4.9606304
9095321,3.9964256
13575147,4.907711
199681,5.1721716
8536270,4.9003453
6991485,5.230969
6763587,4.5132766
20712346,4.03566
603948,4.3823357
44096,5.176639
12223866,4.1818695
9347829,4.6104937
18418228,5.0837493
16163931,4.7758126
4699963,4.7094035
11068187,5.487852
15451327,6.432923
3706305,6.5270643
20844935,4.7631893
6924376,4.353626
12256603,5.178572
3229488,4.807704
20786992,3.9256134
15646654,4.717474
716258,5.0720954
1030703,4.569426
19501242,4.528886
11547379,5.1990485
16190902,5.354117
880864,4.1688685
9032582,4.4026036
9798152,4.165332
15719557,5.7864976
12224443,5.12934
2441095,5.3457413
16726958,4.0921984
10864600,5.8586926
20583037,5.019731
15722030,5.0913944
17804485,4.6985855
15841177,5.7924204
5476381,5.246078
14100416,6.6988077
8369401,4.606573
270139,4.6423535
10888070,4.0462666
9479647,5.4689617
14206639,5.343194
3268791,5.00046
8555559,4.727442
17980989,5.021887
16754081,5.8283496
19141210,6.35889
696395,4.6877
15446481,3.6096263
5707622,6.087561
19841625,4.7135673
15999129,4.961389
18794606,5.5564055
3595554,5.013553
10719657,4.609205
7986666,4.345526
681521,5.0689907
15285614,5.454428
16703806,4.21037
1655390,4.2409086
18612722,5.448567
10577886,4.6641836
13390068,5.1409307
6644083,5.390767
15989128,4.19961
13731797,4.016408
8645700,5.885705
3799171,5.073513
13208974,4.711464
6818265,4.583465
15681476,4.766962
7419517,4.388499
7676750,4.914209
16723461,4.13511
11419158,5.000675
16310919,4.766596
16797566,4.25888
4163020,6.5997143
5345330,5.1501923
7975360,6.845361
7789346,5.319531
8131371,4.550459
10821517,4.310607
15238308,4.1182
8873479,4.8802657
12954602,4.2779365
1930855,5.3538456
16614328,4.7702413
12852979,4.964983
765315,3.8437107
17858441,4.895062
17305634,4.206719
14402416,5.120605
10881844,4.3787103
4574189,4.0801783
927702,5.5180326
16315705,4.736165
2396867,5.053157
10576404,5.2436504
9545601,5.248268
15665469,6.2953467
20678858,4.5054126
14936758,4.539872
18810960,5.07288
18736484,5.1128254
11146518,5.1820807
14870402,5.0084844
19719862,4.8446345
5386402,5.259872
16767390,4.5529776
239117,5.465067
17569715,5.1077547
4597963,4.8415146
21104797,5.1680756
1901357,5.4186616
5405248,5.2117925
10932146,5.9157653
14884457,4.5694737
17283527,4.6561537
10888161,5.448267
13649140,4.1902122
13788942,4.4654503
19343326,5.0475163
9233636,4.7253437
13785444,5.5759435
10069720,5.6715527
4282998,4.774622
18667257,4.117318
20493318,4.9103484
15663761,4.2259493
1850738,4.1578135
18669935,5.107748
16230588,5.0424623
16322778,4.0286784
2281142,4.851045
15726990,4.366267
8243351,4.8790207
9016650,5.1002226
14264267,4.734136
12678952,5.084459
19490302,4.0572
970715,5.283446
13186796,5.0045533
1750142,5.5141606
14550935,4.196859
3904810,5.2039495
3698974,4.0999002
5210723,4.062716
14180414,3.913809
2301258,4.5136685
17965033,4.051073
9544870,4.7205935
18492302,4.9793944
10749587,5.2771235
17045621,3.728407
12917085,5.254604
9813233,3.9036558
10451690,4.3623753
1870185,4.953065
9883703,3.8017294
14708459,5.0240054
832596,5.363612
1990067,4.356173
14389512,5.0198092
15379574,5.40972
13153557,4.7354
18408157,5.4423265
17346342,4.69878
13451943,4.8848076
2087898,4.2265153
15410943,5.212077
7206140,4.5162745
1271116,3.8207054
6938602,4.1361146
13802282,4.925667
4796592,4.5207386
4047969,4.6594534
18615054,5.1812186
6132757,4.09068
16375657,5.460526
13787179,4.9097123
4068058,4.5770936
5602585,4.3144093
3264137,4.896035
19932919,4.7651515
17697741,5.365765
17944757,6.0658355
11964117,4.3743334
19074782,4.783516
8633670,4.108773
21044628,4.874984
16741278,5.0175323
10086029,4.1426806
7199258,4.3278756
18690797,5.3586917
250259,4.5333223
218567,4.529029
11062992,4.158438
16751831,4.0330915
17240727,5.14457
15486168,4.2471294
3175088,4.6784596
3720961,4.5065227
16751044,4.180585
14283363,4.0295258
18221723,4.5029616
6371001,4.8111305
15437413,4.04735
19805911,5.502099
7037700,5.3981133
7281346,4.515725
804861,4.9058433
20395536,4.3680587
17029266,4.9096847
15655525,4.81856
2198265,4.5178313
4886334,4.665191
4518654,3.9787846
12836650,4.3982077
11607331,4.9185805
625655,4.51269
20284889,4.4940834
16360122,4.7956796
4330251,5.0012016
18269613,4.8992205
20482595,5.0687604
12902975,4.874648
17910573,3.9156902
21174445,3.62584
14450854,4.647712
14347194,5.177891
887516,4.683667
13101855,3.4517488
2502543,5.0373898
1197478,5.3825626
13633400,4.8540144
11983296,5.8032465
11639683,5.077119
908836,5.209149
15731767,4.786552
9440164,5.2365766
13097855,5.715881
16111399,4.527764
7225130,3.9913201
9229486,4.769824
15128553,4.3256135
15460904,4.395929
10388215,5.0920744
14341602,4.255916
16227461,4.4001007
204833,5.541218
5491088,4.807336
806016,4.679203
15755858,5.7004147
3032040,4.7054925
5804791,5.1628084
7149266,4.5615416
6887755,3.922787
15263461,4.4303126
16676818,4.29038
7867805,4.380378
12912442,4.090309
16703391,4.421671
18714943,3.6755533
12889854,4.7644777
11571063,5.3557363
5839833,4.722291
15206272,4.4735956
15072528,5.9874578
7759829,5.6805935
8274248,4.2362165
4709507,4.1251125
12240365,3.8295572
9334365,4.1810055
13298437,4.2902255
18719762,4.9817133
11865950,4.5267596
14178226,4.2129874
17478701,3.942084
19586663,4.5080914
16050054,3.9724917
14144295,4.203602
10066662,4.6856885
16466095,4.189733
13777166,5.0175986
10878514,5.035364
9261381,4.410572
2451920,5.5528827
9198181,5.5798287
2671432,5.9938693
17465199,4.873327
13163532,4.0640774
15384807,4.775826
16791691,5.8957043
1688377,4.397985
17823547,4.2744155
8506867,5.122023
4849148,5.001561
5231312,4.880022
11227337,4.516264
13279943,5.1674757
13794590,5.6892133
7350310,4.585055
7871576,4.8392887
17253106,4.6754627
18348331,4.1841154
4364266,5.077257
20887565,5.4841466
57676,6.4804473
14090489,5.0184326
5414508,4.2466664
16618230,4.1075716
77175,4.811389
10207639,5.041611
17959924,4.7806263
15130955,3.7847645
1112226,4.525253
12189652,4.151028
14855159,4.63518
428226,5.3631124
16532102,5.3544974
16584586,6.0422435
3012625,6.0581765
6371890,3.8582
18411925,4.563382
688583,4.7945037
4076829,5.462712
6627469,4.1339135
18821462,4.1333733
15187369,4.6671023
5970323,4.026715
19111734,5.029174
519310,5.0890827
3944627,4.38837
9793665,4.71108
20632255,4.4768367
7508865,5.7249136
1560567,5.566547
18916029,6.532508
5572393,5.086942
3201115,5.6972585
11627265,5.087993
20309401,5.4287157
20279527,5.2261786
12168087,3.7671895
18134537,5.024344
1773525,4.870544
14184878,5.2329383
8745,5.588936
5036261,5.4516497
15346892,4.345348
17607909,5.111439
7603350,5.4864626
7089750,4.174994
13061396,4.547857
3031768,4.565877
7481132,6.5287805
8666528,4.594053
15564251,6.116126
16839975,5.5702477
7542840,5.0716605
9157408,4.5179806
6451892,5.1538863
16633682,4.6590757
14995107,4.740134
7971320,5.603918
18644668,4.9499164
12275528,4.949642
20331717,5.3965693
5604704,4.8942437
13116481,6.1329355
748299,4.425737
16299489,3.9290621
15187727,5.088098
12230229,6.2716827
6467452,4.3279085
18161481,5.3325377
14252951,5.266827
15091241,4.664729
6833911,5.085514
5490956,5.9794536
15757858,4.6340294
11321484,5.7644167
3429149,4.6653714
16826664,5.1148276
16347171,5.4833946
2302031,4.748515
15598548,4.6452107
14506047,4.2954073
17812570,5.7458253
2032731,5.6689005
16202378,4.52293
10565708,5.340887
14854816,4.074105
5737678,4.7945566
9150562,4.4640923
17316098,4.490534
13730495,4.163601
16926939,4.854283
21113628,4.340683
4804055,4.078495
1718584,4.7183466
19296358,5.1074667
16239838,3.9523993
10711412,5.041922
12189797,4.713658
20904527,6.4922953
13410074,5.245074
16207761,3.7595863
2509093,4.577544
7630422,5.132348
9792315,4.017118
1651611,4.252089
13361613,3.4209933
4040394,3.6175184
7933407,4.701711
20555130,4.0192447
14014067,4.518392
15159208,4.4202967
2349483,5.456492
20598592,5.630438
13660644,4.535026
11680697,5.170577
14260905,5.1677055
6705844,5.04904
6515561,5.5834713
6883406,5.5861564
1709874,4.790531
6169700,4.15014
8595304,4.750103
12247494,4.8034596
12853337,4.5854225
3984821,4.7705216
5021230,4.858348
9884154,4.208001
12549441,3.9414618
8117310,4.48701
15499600,4.9189305
6031449,4.5694785
13896371,5.1070075
20459324,4.581137
840667,6.0470843
6571730,4.0437756
10432610,4.4912205
6155904,4.489638
4129355,4.887396
14402837,4.2288375
2857350,4.2918506
6405183,4.165945
11302422,4.044452
5144831,5.171822
4296506,4.767226
2336948,4.5598087
9806475,4.5949664
20817162,4.679441
655783,4.9452167
4926610,5.1575513
9267641,6.0593233
6263879,4.2187805
16858393,4.5309014
15785088,4.851004
15256715,4.0884295
14093277,5.4550962
10252115,4.824693
1791105,5.272732
3540722,4.0429873
20860897,4.513428
18015287,3.9643571
6494022,5.41662
9769331,3.912572
9184668,5.575508
17956230,5.878716
19094358,4.7781205
20351854,4.7018104
11776221,4.36765
13057920,4.5560393
9490080,4.567633
3861272,5.0709467
16243414,4.2729316
14755853,4.7221627
16897590,5.1332545
15434512,3.9467123
16157164,4.1229043
3783351,5.402585
17849606,5.7846384
794567,4.5349536
17875439,5.138261
20968976,4.1148896
8193880,4.4368973
3282714,4.496069
12026247,5.790574
18506016,5.3190904
19800250,3.904259
20034264,4.552977
15622216,4.2675424
16408143,4.3701177
1763956,5.3656764
14954244,6.053807
6348742,4.368932
16514039,4.8907104
8105022,4.616063
9589030,4.9839797
6743603,4.156727
19466836,6.4525833
10684058,4.663016
16043886,4.117099
387735,4.8869004
10614400,6.055608
14138644,5.230288
4396939,5.831465
13897862,5.1699653
16426353,4.5878167
7725273,5.39333
9635880,4.0313115
15423725,4.175235
16489079,5.9008837
3768758,4.176353
13108080,4.087912
3826514,5.618252
17881941,5.8115125
12876883,6.77021
5716097,5.493921
13341955,4.3499827
7438121,5.3096747
16442999,4.466673
4637145,4.6101146
16322853,5.0208516
236671,5.260295
16069925,4.4667573
8440163,5.03982
8669412,4.9409614
20035483,4.3794622
8354615,4.896797
4365328,5.1473985
3860762,3.914584
528357,4.2954617
14141494,4.276666
3453750,4.691966
15343159,4.465018
13580027,4.869199
3466246,5.4757886
18509847,4.9135485
19040129,5.438298
354281,6.384042
4469335,4.2009535
17509501,5.4758663
20783554,5.081851
1656439,5.013281
20590180,4.2230334
10276934,4.598197
20243879,5.0719275
5364337,4.076777
7348768,4.915654
1185644,4.7932644
16407580,5.4616814
13996915,6.373895
16055890,3.7586648
9826719,5.847501
16338012,4.7882648
16998122,5.385288
18223120,3.8378308
18495224,4.9201016
9877717,6.5297923
8116914,5.237291
6278457,4.380115
16394601,4.727681
15902977,5.1850166
20761776,4.3462086
18435544,3.9386597
2933772,4.243766
4567372,5.033603
18315388,5.7927628
9202118,4.4436336
9475494,3.6520107
19387554,5.5301175
12189925,5.436191
4089434,5.367541
16240547,5.3869953
10296948,5.6095715
16351650,5.6898623
14728630,5.5453405
10250155,4.966281
20309567,4.444925
2925726,5.5248003
18638982,5.0165663
9195534,4.262086
1583985,5.213022
14497555,6.224833
13617449,4.1711893
10830224,4.915815
19239928,5.741501
13604573,4.2583175
1579471,4.3064265
17262811,4.622013
13026453,4.693778
9315567,5.0841317
2601402,4.018544
8188570,4.2684836
18686501,4.2155867
1492286,4.6414294
4324129,4.6773124
2419635,4.6575437
16929053,4.6281857
16738532,5.2419024
1754527,4.9190016
17834235,5.2536974
6750683,5.290943
7760721,4.914597
533168,5.3935027
13824020,5.080535
12230178,5.1250553
837430,4.9764056
20698375,4.9320884
15857805,4.8388357
10283574,6.620143
6093649,3.9390464
1937717,5.4843044
8973222,4.905011
13063439,4.147895
6610929,4.1509743
15412018,3.6112154
11594842,5.302527
61578,4.461859
15114512,5.851786
12897946,5.037372
15128745,6.328715
2671737,4.6705036
1432733,3.6028912
16673329,4.2305603
10995899,4.1441565
11431526,4.3986893
9570922,3.818911
10101135,4.71994
14052040,4.7996225
16295034,3.979971
4243561,4.7032423
4436652,4.4165416
8107557,5.2565746
9834532,5.0083585
16379719,4.153607
9952674,4.3765187
14199146,6.1432924
13788970,4.558764
16064358,5.1154904
13559286,4.315996
10730086,3.9576547
15981246,5.0767584
11584340,4.8961353
5436240,4.5778933
1471992,3.904781
16056892,4.3880672
19328341,5.70729
473777,3.9675589
15806018,4.324794
2310542,5.962348
467731,4.8357477
19933727,4.744587
15469356,5.1526146
9219049,5.060408
6785367,4.8312063
8312602,4.0683465
3783087,4.5022736
9713589,5.017563
15889048,5.169782
17930161,4.639332
15219892,4.8534045
16674737,4.2311482
15759078,4.8433948
11319105,4.203687
16283389,4.304245
14373031,3.9436793
10494257,5.112522
10707679,5.43238
15563850,4.7154326
1998513,4.036776
5030785,3.8948114
2217342,4.560731
16617882,4.115142
19857281,5.2902713
3877009,4.109971
9134912,4.363278
15789030,5.1020837
9541753,4.907924
14357176,4.8460007
15343566,4.743117
10166639,5.272751
11032588,4.368918
8860225,5.119514
602514,4.722724
912991,5.594477
12450389,4.8011527
20755609,6.0466275
15036552,4.3548527
4074011,3.955851
4813832,5.191908
1740311,4.9214134
16158235,4.1161475
20780354,4.427879
6371504,4.747703
4408568,5.2545147
671230,4.539314
11869278,4.828309
17371769,5.122075
14504229,4.088119
20090756,4.5461607
1290336,4.1149216
2362306,5.5397573
18039612,4.269896
4759640,4.080801
5562710,4.582454
12222012,4.421104
805961,4.0762434
10902078,5.2268076
16154725,5.0133076
10923708,5.714086
11568947,3.9993641
3050544,4.9637356
19052801,6.5183063
20653090,3.8639102
468690,4.3749433
16740993,4.934395
1344387,4.1309557
16089082,4.1261873
16454692,4.935745
16243806,4.0610056
18824684,4.7168083
15854065,5.001745
14769785,4.746144
19298050,5.77944
15863784,5.0622516
16465624,4.4480753
19343368,4.324407
12256768,4.892403
19873374,4.5445347
8339036,5.5138493
4190259,4.9103603
17250485,5.11633
6910072,4.5685787
8034375,4.2582335
9505762,4.940407
10051697,5.292612
13768479,5.523435
5763300,4.000515
5749798,5.815747
20013033,3.9695818
6758600,4.777082
3671653,4.1649203
11739852,4.907669
16828578,5.779176
6562478,6.45233
14713936,4.3513937
13101775,3.6958249
16753822,4.113467
4070169,4.4101048
16393331,4.93182
16343195,3.9811287
15782722,4.5931344
14153538,6.1302013
16766338,5.0296493
6335429,4.4600363
19121086,4.493107
20187597,5.3671703
21051935,4.351468
17791068,4.900558
16568812,5.7496953
11928713,4.2159405
2692006,5.531175
3395697,4.252817
14397533,5.262088
14651226,4.554806
17864659,4.573313
9788114,5.708621
9887276,5.0487595
17812327,5.2695136
1368674,5.1771555
8818464,4.1248245
1712338,5.3368993
17437568,5.0673976
2607712,4.6606784
9864155,4.7211637
60659,3.9412878
16088881,4.2290215
16488083,5.079747
17980975,5.1676583
4102208,5.0840516
16449480,5.698837
424298,5.1541367
16155711,5.3118386
12262453,4.7160215
13094690,5.353123
1918903,4.2472067
5960738,4.125698
6958227,4.137077
16310171,4.8172884
582432,4.4682755
10685496,4.6654587
16194751,4.5783224
21010744,4.132302
4046133,5.7691307
17992312,5.114643
15314772,5.2806816
6186243,4.608225
15015134,3.9390647
3019237,4.6985
9371337,5.250434
14219258,4.179412
9253750,4.39804
17977906,4.400015
13863748,5.6597934
6764323,4.7783
4699413,5.2956443
9254709,5.545653
9534260,4.676383
6870703,5.3680286
788035,4.8419313
17211646,5.8677306
943851,4.1755657
598254,4.4336185
21025191,4.7050714
12548749,5.0275946
18585454,4.491563
6020579,5.152017
13989432,4.200386
1300454,4.8649154
2426471,4.806895
18397844,6.242207
3511883,5.361514
17516290,4.3289795
13674229,4.5412183
18795525,5.3208976
17364675,4.042236
9478727,6.0129085
11470210,4.180769
322604,4.1067376
6106142,4.2114162
852483,5.652046
9435665,5.3035426
15206471,5.512769
18414885,4.53085
13135771,4.823134
394111,6.4386425
3605568,3.9910324
12455412,4.7178035
1163512,4.39602
12917057,5.1384177
9905759,4.885902
577436,5.8713617
20076143,4.061566
20459907,4.4542003
6645263,3.8061836
2044392,4.75927
21139805,4.484147
8670114,4.1571994
13914961,5.3000264
4730033,5.7947083
9550807,4.6895895
2498576,4.6762633
16204655,4.5742574
20783275,5.22896
20745921,4.011419
16637734,3.6584022
3808193,4.189129
16411784,4.668964
9588828,4.570274
10929646,5.0565085
15038639,5.676027
14880633,4.6422505
20762482,4.751867
2661465,5.019576
9556028,5.202989
16464424,4.7078433
5607244,4.6079884
11775601,3.9621933
3970626,4.7227883
19575376,4.5144906
16758053,5.050203
20009916,4.3295507
8274199,5.0810966
4492303,4.7976627
17212425,5.578093
19763298,5.237141
13000689,4.360759
20845735,4.9499054
13396467,6.035397
14552591,4.167091
11510584,4.9491377
16757416,4.7199445
18958110,3.9614666
7584389,4.2764664
8551866,5.666844
18419614,5.114315
2126194,4.1271086
13185305,5.6509113
16085817,4.0143266
15153665,4.219537
17829762,5.103742
10041376,5.6190505
7369156,4.811153
17877786,4.2211466
7478570,5.3830833
5697857,4.2097173
7901865,5.269387
11573695,5.1987605
4948442,4.2658596
16690152,6.1661515
3705550,5.182508
1138379,5.0485826
15602953,5.154796
5925583,5.2808466
7149601,5.1024694
4559908,5.2183657
18675215,5.2940974
14234065,5.2698526
13221788,5.245405
13171337,5.9776754
18442998,4.950242
3754870,4.966233
4719762,5.0757437
6395425,4.300572
13712451,5.008492
232618,4.6265197
7387391,4.607033
2066046,5.8525815
2206311,4.7729535
18305547,4.562762
16407735,4.068436
1093088,4.5716095
15911270,4.7309833
16144550,4.4365144
19856915,5.5439553
3925426,4.511784
10573225,4.7518773
19997586,4.2912345
12309399,5.10039
13261616,4.4633713
1083874,4.1026645
2297147,5.573175
3093104,5.9321847
12021394,4.610921
1557220,4.0620394
8147771,4.6819596
2837932,5.081743
18722535,4.196214
17602379,5.8215227
10015340,5.3526454
15042195,4.630952
234060,4.9953446
14809310,5.2039237
12772993,4.9525356
8890016,4.780908
18868202,4.924322
20583830,3.5686932
4491343,4.3160233
17401983,5.1107225
6692570,3.9533486
4880404,4.028129
10732651,4.590693
12628735,3.395155
14176286,5.647421
4206246,4.4945774
14153081,4.508793
16029867,5.395639
15507632,5.830022
16491212,4.5847445
1903232,5.022699
16711461,4.6979327
19521060,3.8293662
8460173,4.820094
11914679,5.304523
18287666,5.1227975
3951363,5.4947762
10881592,4.072414
14423024,5.7792635
15902909,4.2386336
4462099,4.9850097
6464014,5.2013316
16572173,5.1086245
3467959,4.2074513
2197259,5.661635
15507375,4.8932
11508891,4.1297817
19847372,6.6965513
11116110,6.3551965
13283633,5.478403
9825788,4.8019643
16028672,6.1459403
2105792,6.2804027
4209503,4.2579813
19997604,6.832579
5277830,4.843315
16904077,4.678092
4217821,5.396223
7808823,5.3500385
6854216,4.1739964
15455457,4.5371222
2380536,4.3448286
8761013,4.458691
20632389,5.223538
4138831,4.9229
4660838,4.570595
14506098,4.840322
9845284,4.6045732
12196298,4.5310106
20677818,4.8795643
5424801,5.0975556
3139109,5.1462283
20269549,4.6905227
13789408,5.315249
36121,4.256755
5911444,4.1195345
12507960,4.2355185
14551535,5.6131597
14031680,4.4459805
14449607,4.0580707
7198703,4.7727065
3765095,5.094268
8537894,3.840403
14717366,5.180847
9811997,3.696361
3760712,5.218502
486288,4.1095934
17384675,3.987002
17301947,4.8859797
15686728,4.208676
4831227,5.5853424
11091309,5.732476
983625,5.008847
16544899,4.54101
26590,5.1695976
6746977,4.079594
14857529,4.7011037
4190907,4.431065
19342606,4.6081553
20523876,4.645043
7173841,4.065464
6391714,5.3738546
5590567,6.3748364
16766855,5.3255506
4512093,5.3575373
10752305,5.593708
7758808,4.025582
5917776,4.949708
17046119,3.9471245
8608841,5.108454
540483,3.8824258
16378750,3.58196
18736455,4.8654494
15926041,4.497314
5359665,3.9164722
18313133,5.166789
16561524,5.331329
3563032,4.1298513
6994017,4.424819
18059656,5.366801
16350897,4.3557177
1339337,5.3781657
5559559,5.675902
17438389,4.6976814
11080173,5.5614295
6749996,5.79719
1843641,4.30023
7279583,3.7636325
17607413,5.636054
14110112,5.4429097
1547287,5.141858
14029881,3.9442391
11757804,4.5159616
2108340,3.9659894
14855817,5.6786237
12749156,4.081311
8597265,5.2787056
20961894,4.880603
9715891,4.651269
16406054,4.2091208
8992390,5.3466377
7808745,5.3968515
16598653,5.206643
7989393,5.6141
20192860,4.0999084
6626581,5.1186414
8506683,4.917407
6070530,5.145047
17418433,6.9910426
7389503,4.4677267
19743272,5.661088
9365581,4.992562
9058111,5.3424377
8781378,4.9416156
12756507,4.2873445
17839498,4.2240524
2326263,3.5837862
7491626,5.844447
15188208,5.6080647
12071108,6.469315
13294325,4.881161
15413120,5.8396406
13450434,5.54168
1263815,4.688474
9825967,4.0447726
14234711,4.4827123
6416056,5.3875313
13829549,4.797319
17178617,4.544144
9551164,5.1554837
10377016,6.235602
16659474,5.114844
4475708,4.4334826
8373375,4.9774466
17147334,5.484775
162493,4.2687674
17806485,4.305071
12473736,5.58982
13039849,4.271799
18511051,3.8240054
16837937,4.732727
18525006,3.7272506
13930418,4.4568443
8240368,5.0838885
4417352,4.558662
14691598,5.374878
12495971,4.724519
15797728,4.5157022
14613576,4.7020335
11837681,4.0206738
9028236,4.5085034
13751766,4.1122766
3476105,5.8671055
8918081,5.0790915
5140121,5.321196
13235951,4.0112357
13344774,4.1722918
72965,5.2690315
13414082,4.846795
1040399,4.1737947
1016539,5.4700317
7414600,5.257708
16354262,3.8586953
12166897,4.6062655
8858228,4.847958
4951608,5.2378926
17877895,4.647145
1687458,4.7349725
12949166,4.96493
16296814,4.280375
5959988,4.8868966
14852353,4.2247505
4718577,5.559264
15823434,5.1845374
16148051,4.70128
20715101,5.3596783
2295228,6.201256
6677297,4.799132
4403972,3.900791
12609875,4.943651
11963123,4.3478866
16004740,4.263784
1308155,4.6519547
20897589,5.2857103
13057103,4.7520742
14056526,4.25595
19658286,3.9706867
16893877,4.6867013
6837147,5.133682
3457513,4.256744
13810751,5.615951
3404140,4.1351976
1722429,4.371953
2203519,4.7658625
17193777,5.2060575
12906085,4.273925
16295895,4.767371
15858868,5.326436
17489509,6.02021
9315067,4.5905147
15334368,4.132618
17997216,4.516538
3311834,5.73567
855386,5.111366
15302267,4.2908297
13498392,4.638528
14801551,5.5001163
18059546,5.276486
3651492,4.236758
2583104,4.3025913
19324099,3.7453384
6715918,4.697501
19584489,4.066846
80640,4.477073
17935081,6.1106415
16970921,4.5437255
6854265,4.3250914
1340755,5.2591486
4366049,3.8797154
18023021,4.274904
15255250,4.6778917
18625919,4.043956
545651,4.158547
20541036,4.5441446
11442567,4.5970697
18410370,4.7097874
15940849,4.579891
6462513,5.3955703
4512053,5.1180477
2890413,5.592166
7832890,4.2923145
3094833,4.969525
661814,4.0963216
3563297,4.6099153
3968522,4.31691
12051607,5.5351615
18211259,5.567686
9388808,5.6514482
112304,3.9979837
9441532,4.791047
5840820,4.8612223
14801382,4.1824274
2940007,3.8906548
11035889,4.3317795
9238515,3.9558744
6538226,6.0263376
14341301,5.0063286
624198,5.5648193
2523629,4.42535
15071519,4.836627
8903254,5.2214956
7002884,4.7489448
3867632,4.5815144
18629649,3.9143143
17267883,4.5306616
13184001,6.073516
19036471,4.439043
20971298,4.306753
17681263,5.0121846
9281539,4.358353
21334,5.0234833
17665283,5.653159
16394440,4.650499
10788444,6.1135125
4136735,4.3418393
3643894,4.430919
17679124,4.9913974
36943,5.58243
11163409,5.0559382
17026443,5.817416
6560525,5.8863893
16403399,5.125324
6337168,6.1028047
16269873,4.114103
3945096,4.2813773
8721937,5.040499
7135706,4.230697
14852190,5.205857
5262333,5.514016
15816765,4.8073683
12448003,4.947453
12872822,4.6544743
2397858,6.2901735
4307465,5.421309
7017768,6.021981
6550702,4.322694
15465897,4.627318
18549893,5.19582
13768631,4.1671033
9518,5.212069
20772126,4.1891184
9646822,5.2744703
9593505,4.6708794
21136516,5.1703787
6499058,4.9898186
7709435,5.7611027
16788905,4.666086
16155648,4.098663
17023359,5.471248
18181186,4.7052155
3850493,3.9332256
3425831,6.011309
20818360,5.3133335
7002915,5.454591
18389435,3.8471997
15845457,4.4588284
12513361,5.2474976
53843,6.08937
11626382,4.839897
15127179,5.3255534
6900600,4.889493
6199075,5.1839085
14431335,4.1979046
13940766,5.161736
18141733,6.230353
17220943,4.2362766
17703831,5.693671
21126044,4.6667643
16758169,4.2053866
19385941,5.180595
56027,5.4453597
17544000,4.768316
11636157,5.8351045
11418715,4.671444
296379,4.7331905
16163487,6.6363482
15301611,3.7495017
6296656,5.3264933
9490249,4.730997
17979732,4.7594433
14474320,3.9818437
3974087,5.3984175
19388000,4.6862235
13763165,5.0764527
5806817,5.3162436
24240,4.220857
10046083,4.1785316
13751223,4.8600893
11515649,4.628514
4263736,4.089381
1206568,5.967636
171239,6.0980225
16311528,4.160122
5015032,5.7704973
13913994,5.016007
16507367,4.8864317
9943427,4.1727
5750676,4.181004
15828071,4.2553654
15858106,4.14311
159749,4.666446
13769682,5.6688995
15420040,4.267434
1851926,3.9638429
14569175,4.7648563
1761985,5.9399314
18463623,4.918764
2864637,5.2085285
14858485,3.7055638
17905249,6.263163
17690699,4.9473004
19924521,6.4551716
13063036,5.1794925
16026205,4.936502
9276630,5.8109016
19274462,4.013389
3654414,5.361436
3324603,5.520797
2263557,4.9922423
3089577,3.875114
16830895,5.2065034
20483387,5.3155804
20245715,5.977014
4914545,4.617441
17419416,5.040258
7202,4.187276
6526797,5.3040857
19411593,4.493182
14254023,5.270823
787935,5.3280344
6121930,4.75257
11744254,4.815763
19456779,4.8999877
16078766,5.151371
731316,4.509978
11294688,5.348433
6323445,4.1927733
13334161,4.689353
12623061,5.2571793
20433620,4.935559
4402199,6.380907
4492821,4.6792746
15454713,5.8001432
14887791,4.699057
4232445,4.7637587
12116136,4.7070403
680004,5.7830734
4157821,4.4099326
9091373,4.5404506
173733,4.8550277
13586148,5.0264583
13140739,4.476635
20492314,4.6662107
12948650,3.8074346
10099733,4.3274107
2881388,4.3770933
16751541,5.521001
17837242,5.206767
7225324,4.967167
15347070,5.4222617
20237383,4.0585732
13298664,3.865991
7958349,4.119075
4891729,4.78496
10103831,5.539114
17788183,4.1601157
5879466,5.7762594
13028723,4.322681
15124461,5.5091896
15070953,4.8560753
15156607,4.8153567
17216076,5.121002
18549439,4.0387654
5018864,3.6500707
18052533,4.608064
3593491,4.2108226
19182186,4.1096973
17918903,4.9577045
10209628,5.1769986
12113109,4.1704683
15642889,4.5726466
16816215,5.187891
13579728,6.7151494
9186305,4.226642
4457556,4.240774
19778701,4.8280993
2500497,5.467143
14981124,4.1217823
13556801,5.0412793
16977777,3.9772863
3972267,4.018752
16397087,4.795045
18518366,4.7538176
17715373,5.6097093
11089117,5.3171525
16246524,5.293678
14895785,5.9556184
19319,4.802403
2357319,4.666143
18288595,5.860455
2472636,4.2511353
690934,5.0698776
931352,5.1005297
9040214,5.3467298
8335539,4.582421
4526431,5.6244373
13507276,4.579325
10963006,4.734015
6317584,5.469454
863243,5.0371947
10812027,4.2611966
16040391,4.772365
15395736,4.0462127
1644133,4.9665785
13587745,5.261559
19039235,6.7366886
611408,4.004455
14139825,5.1862836
650956,3.8604586
4901617,6.5908237
16846375,4.0871887
7053353,4.255102
19520430,4.490391
16243981,5.294628
15521816,4.072329
10388054,4.0369616
16797462,4.5804768
6341581,4.4113045
21040911,4.2908354
19241824,4.3623915
579927,5.934393
19910952,4.4850664
16696693,5.319527
14749746,4.582583
570865,4.1523566
1344270,5.6861124
13226038,4.664637
20018990,4.283097
760337,3.6637526
17289529,4.171069
10802306,5.588672
15916637,4.1752553
19051292,4.474463
17875156,4.0479674
8239352,5.596967
7404703,5.1551833
3426046,4.1140614
13625332,3.8809016
12553492,3.7022831
16065442,4.1336436
2493601,4.794208
14431243,4.3287787
8588141,4.073955
14318247,4.990557
12168039,4.838473
19885281,4.3696527
6750159,4.346831
9184938,5.2943225
15859686,4.460945
20996784,4.1937766
15929108,5.210893
16736830,4.7008805
4987822,4.688279
17480847,4.40946
3218306,5.028447
5445916,3.9679887
7065055,4.943663
11909624,5.151825
1373250,4.213737
1327894,5.2859044
898252,4.556565
4256314,4.9641943
1229536,4.315874
2338082,4.9382234
12339186,5.4863687
7035169,4.624907
3552693,4.8672543
744932,4.679793
9991109,5.4834304
906616,4.6002793
20212039,5.412123
17251616,4.7835994
16784282,5.2962227
18394674,5.748859
4907627,4.16436
15956602,5.3845863
8936511,4.135946
20242493,5.195816
6820805,5.7931085
19364699,4.293988
14711452,4.196583
17605478,4.521046
15883590,3.8853402
5706045,4.9351144
13395908,4.6781497
7036290,4.1227508
13573506,4.5383267
18075014,3.9487376
18979087,5.7350197
17961550,5.9662943
19211630,3.9491825
13330891,3.722661
4111432,5.5465965
8459807,5.9269733
17943281,4.8746533
11417863,4.225948
58756,4.479597
13215481,5.489051
5883159,5.394412
13466859,4.9641113
16054943,5.6405654
9534752,5.256644
15576821,4.153845
16568831,4.570949
4228166,4.450706
17559739,4.3134384
2549840,4.367213
15925533,4.5541553
14071446,5.959114
16277393,3.9278364
9754968,4.8754525
5720005,4.8795657
2223082,4.852106
16779528,4.4160633
13651250,5.495322
13514680,4.72587
16964606,4.5621033
16674716,4.258304
9171140,4.325121
10500406,6.066119
17368753,4.688858
14931243,4.8913693
17867379,5.348211
14521700,4.4319744
18789373,4.565941
16619485,5.891185
10496558,4.12834
15983858,5.1972036
15101838,4.9961205
14807617,4.478614
10075215,5.0531383
13414159,5.3578835
8014298,5.1197853
19931225,3.9688258
8027997,4.2761283
7700522,5.1187615
19603055,6.8895793
5375125,5.544994
16698719,5.0181084
4171406,5.578403
7562235,4.67203
5866656,4.600059
42882,4.344259
15817998,4.09884
7715486,4.462778
16810557,4.1601086
6045869,4.158485
4247114,5.3377905
5261353,5.0668197
4533347,6.113969
17993503,5.0730777
13250484,4.7375913
870119,4.218498
20174443,4.860342
9696939,5.607383
15399368,4.4993052
5241284,4.5641866
14103068,4.4662437
19274199,4.2141495
12022838,3.9137225
10945632,5.639438
20093755,4.8778586
15257953,4.09958
16555956,5.152844
13657857,5.377387
10085473,4.6058173
16274179,5.060767
8227470,5.9045877
261509,4.936921
15232942,4.021833
5650278,5.324618
19609535,5.928466
6556644,5.6411495
18739271,5.0864153
1228190,5.4359035
14375070,5.025895
19409522,5.0165124
7380485,5.0086823
8859482,5.4026155
4949258,5.1670694
14760018,4.184016
6524913,4.7221155
8861719,4.097705
16179113,5.3022227
7069963,4.935993
16406427,5.473313
16534321,5.2052827
16593370,4.7106185
15466123,4.26762
4719676,5.401527
11826902,4.9709663
7437744,5.169576
13800989,4.163243
19983823,5.572489
17446222,4.4090195
13018127,5.152199
12778664,5.9242506
13884539,4.569319
9990179,3.991218
16710236,4.0324726
12446479,4.4556766
19604867,4.14701
843499,5.4143806
16155282,4.9810266
5539408,4.308682
4661495,5.110612
12025717,4.924145
16364207,5.1574287
19017801,5.4923115
10652956,4.410404
6360040,4.0425806
8720070,5.5563974
14371812,4.694627
16874362,5.579098
20817511,5.399924
6076089,4.4147205
15009584,5.5209804
3741945,4.261471
2468125,4.673545
15388485,3.8317585
14548497,5.9590335
16508819,5.1599035
5821886,4.911903
4137979,5.0610466
16826800,4.6843495
6870231,4.1442504
18266821,3.6992366
21089520,5.5237894
3662795,4.7348084
18293262,5.2996173
1190476,5.046897
19210812,4.4458866
18650197,4.343249
2955921,4.2244635
5392752,4.931449
15548301,4.8144755
9496206,5.497213
1342296,3.879088
67299,4.556154
13047629,5.6821413
13696242,4.659106
15288294,4.6757073
17981265,5.3097477
7266428,4.562057
10836969,4.9258833
18202294,5.4994893
1537203,4.8707376
7930288,4.7054844
14455386,4.8455844
16069685,4.7858925
3208642,5.679093
14351787,5.0282807
6277742,5.3249288
14312497,5.3753934
10253591,4.804136
4558966,4.598207
147088,4.7419276
13480090,4.910409
17356593,4.4266477
11796761,5.0760174
7602986,4.362583
6640619,4.2315874
786727,4.4232144
14281481,4.9418044
16977074,4.500626
10527168,5.453582
16146144,5.1637635
17863873,3.9494588
9946685,5.010771
3705824,5.31229
3293588,4.432084
11011520,5.4433618
6199172,6.466426
14078522,5.257629
16335893,3.9521039
9737975,5.209987
982298,4.164792
15706724,6.5865636
5846050,4.27834
18519264,5.026241
15411867,4.5285935
5424042,4.9511647
17856316,4.9420905
13428771,4.833578
17749537,4.0778036
11258454,4.137272
18722998,4.4535127
712260,6.4412556
17996820,4.6165957
6836464,4.2169356
11984276,5.2203317
17383896,4.1538873
4386718,6.721016
11966736,4.493521
935920,4.4799185
13344490,4.2144923
20087736,5.120262
12875381,4.438064
15630209,4.1480165
11757251,4.8551764
17526388,4.154203
5042608,4.9551144
629949,5.7553034
16303265,4.4185605
15776727,4.3853445
18498457,4.819332
20465157,4.469259
1887655,3.4306765
7980191,4.77117
1299490,4.9100547
12984386,4.5534472
14522966,3.8192916
8781245,5.2885966
16614819,5.346653
6691495,4.3026004
21151962,4.4814854
9996413,4.9154778
145886,4.0659957
16556491,4.5845437
16132636,4.87216
14945274,5.4931507
9794364,3.4244204
11827175,6.0964475
12052499,4.1707754
9472703,4.330089
13821045,4.4934
2483759,5.504027
20403568,4.928261
19764747,4.593471
9976784,4.840761
9032327,3.9143593
10576533,4.090379
9821709,4.7345085
19455757,4.3462796
12347698,4.1588244
12345742,5.305369
16499888,5.444884
12254259,4.6854863
16350740,4.6743975
9091293,5.8745766
19891457,4.280129
4201526,5.0744853
16253413,4.059756
7563717,4.247669
20682663,4.6030016
18737830,4.570227
7750437,4.7380033
20817020,4.205651
17268111,4.520821
12112963,5.2343173
8610414,4.7953496
16054844,5.8621864
1225777,3.7645774
13814436,4.2925587
7280679,5.20126
14546442,4.8783445
17302685,4.543634
3522539,4.8087144
4459661,6.0011673
19292950,3.8955624
15495912,4.180395
6642160,4.144516
20296910,4.355667
15025203,4.990069
1664571,4.2270308
12113556,5.3564134
4241780,3.9919417
9709076,4.900741
16534639,5.973045
8305649,4.915372
19136933,4.1237283
5566452,5.245432
16085409,4.8076267
4841431,4.1996675
7007348,4.266119
8068779,5.1359076
419373,5.0406413
15085833,4.133539
4403928,5.2020516
14378148,4.0737104
16518018,4.474771
15616637,4.4896235
19640552,4.7938156
6491309,4.244831
14630750,4.387847
15223506,4.1912246
8130340,4.3821726
20994013,4.7112412
15071185,5.2176847
8489617,5.0372453
7031266,4.320699
14216254,5.558904
2554602,5.039354
12453902,4.1466713
16112755,5.2166195
9117980,4.3388343
9318239,5.50872
2888399,5.087834
14181982,5.185079
16099092,5.0697465
14406174,4.4636817
4500272,3.760913
7851219,4.081673
15250873,4.4000416
21038881,4.7479777
7173574,5.169344
5420456,4.043916
7956593,5.0227036
6539114,5.142716
20702945,5.3924284
3616867,4.1660147
11359148,5.6141963
2093455,5.45483
15037480,5.581014
10069964,5.1506658
3346679,4.9368563
19162127,4.4373913
20166889,5.885291
16872559,4.207415
19051187,4.732763
1080532,4.4870157
3615602,4.3232064
6088708,5.520361
16331921,5.1626964
19412165,5.131852
16288464,4.7032547
163809,4.7694926
5299045,5.353918
15024671,4.6158824
6687085,4.9492445
18509369,4.7850323
7348714,5.935384
7126,5.1185927
17435948,4.9576497
4996712,4.1094804
6732036,5.353801
15927987,4.988137
135465,3.8380747
14109893,5.146323
17777050,4.271304
6658870,5.120023
9944017,4.0160885
15886110,4.8209043
12304752,4.473648
4493927,4.962002
2361802,4.4307694
7417371,5.9924154
2701715,5.2806277
19385839,6.1886635
11622385,5.157151
18666352,5.166958
15966568,4.2626896
15084719,4.652462
7806246,5.130536
10162990,5.496522
17624607,4.3191824
19179231,4.733179
14059206,5.361924
11378564,5.9502916
10008615,4.2804346
13513217,4.82499
9755270,5.4787974
17637410,4.879469
14744062,4.794423
10137287,4.22505
6392361,4.3999915
16944459,4.9040737
12326731,4.7356963
1195182,5.8588486
6600821,5.0519075
13660126,4.7532096
1144756,4.104006
7482762,5.3786373
9350357,4.7004423
16373331,4.577586
3272721,3.9491954
21456,4.9895215
10568646,3.8450286
4271877,5.114097
14670606,4.933207
10824720,4.256836
6636389,4.398487
7219056,4.971355
3945680,3.9964132
20206454,4.0088725
5406217,5.740317
17715702,4.658638
15556066,4.966992
6336240,5.1053357
9187482,4.747278
9233356,3.9012704
11334160,5.0299788
18415166,5.240491
7475215,4.343019
15806422,3.9922144
5863825,5.4668927
4074080,5.3068633
4916065,5.7891946
13347295,3.9786298
13265688,4.2152095
4654374,5.4560156
12234886,4.979757
5827151,5.207617
12572140,4.675082
9025379,5.126541
4880674,4.3542595
17980079,5.2419763
8392276,6.0805073
17073231,4.7385097
447979,4.8037596
15218508,4.3948665
200580,4.7726035
51073,4.263417
13803111,4.0790987
4069297,4.2592607
2614474,5.514672
13688372,5.407491
20268056,5.6349373
16018054,4.8208814
17670655,4.777823
1358963,5.3838677
18191936,4.549511
20918376,5.183187
9048801,5.327689
15129654,4.5124645
8718589,4.948469
5606999,5.0529656
7674183,4.8084755
15343136,5.516388
10499892,5.677356
2547672,4.199614
10056978,5.773268
15055798,6.0875235
20621273,3.8711662
1197026,4.7153945
4775244,6.2428284
12049961,6.1227098
11603173,4.220124
1209339,4.1273437
7801335,5.590891
6120272,4.08939
6494573,5.3177056
17602341,4.9866624
17569999,4.831161
6705522,4.9929347
8087274,4.8831077
3144147,4.6202483
13893494,4.9307804
15470377,4.722693
11760120,3.997536
16437326,4.1983743
8099266,5.1083827
9072821,5.028552
756801,5.0771666
19736514,3.7148833
7510770,5.155823
8682447,5.71043
14266025,5.3404794
18454369,5.7584815
3173660,4.744622
13099436,4.3941956
272026,4.249247
13248583,4.1488214
20052107,5.4466133
20004104,5.071048
8015462,4.723984
15084940,4.3285685
1183206,4.1241083
5154227,4.8686447
12825700,4.2814846
12949937,4.9181385
3606396,4.8763046
12092499,5.1866007
18035611,4.6144643
16440910,3.9784775
670212,4.766916
80493,4.499703
13497291,4.5854216
16163588,5.07796
19122483,5.235038
13488308,4.626322
19753187,5.0073547
16322126,5.062413
11903424,4.7749653
9505481,5.005746
8172794,4.831772
16144565,3.9638207
14488944,3.6181154
14818746,5.216423
19964559,4.5433445
1881366,4.6671767
2404519,4.479337
637332,4.759994
15805987,5.0213337
12537062,4.9116144
10767861,5.625103
19944102,5.2652926
11601535,4.9833274
17406413,5.017939
6799814,6.114523
4645486,4.9740944
18074568,4.350368
8126682,4.42633
15288880,4.300482
4191941,5.002044
5434150,4.4706173
17961649,4.5202928
20468724,5.03943
12537603,4.349648
15955511,4.223238
2201491,5.048463
14926186,4.6465254
6451549,5.2415233
13191371,6.0170765
17790249,5.310466
14549696,3.6598904
15914892,4.102422
7383487,4.086925
1811552,4.837774
3300437,6.0999455
12363135,6.025086
4747369,4.175366
13217755,5.295918
11753066,4.782531
15610191,4.646817
16194754,3.9142478
5652542,5.207918
1328195,4.645829
6712154,4.7011566
18240442,5.830444
4547629,4.634959
3482707,4.7902484
17160061,5.412848
11802490,4.096564
2377514,5.665941
6523595,4.709313
14551332,4.582925
7856089,4.1756334
17210375,4.769155
15361296,5.1685605
10069376,5.581985
4956469,5.5197573
13292453,5.0738845
15359150,3.846147
6317209,4.411368
18004419,5.379117
21109467,4.9780097
40453,4.024905
1959307,5.082769
6911713,4.8506193
118061,4.15899
20883446,4.9876966
116940,4.725712
17530579,5.063713
17088382,5.221419
4089492,5.3640604
6625550,5.438385
17680230,4.6109667
16380562,4.693276
18355649,5.509728
15216713,5.0940204
2489920,4.6985226
11305043,6.1221056
15872785,5.353415
17409609,5.5338287
5114942,5.552201
20873827,4.668903
6132646,4.188709
20954496,5.7219586
3565068,4.7359095
4916758,6.0148683
19786757,4.611853
258740,4.5960073
14181023,4.995322
6120540,3.9933012
16806707,4.9847264
6402782,4.451703
6481492,5.4866853
15817749,4.694931
19721441,6.4451914
7554458,4.32063
12228334,4.9227533
16915870,4.0500174
8973292,5.763627
17664207,4.2982073
16005101,5.297504
17422671,4.442594
15788966,4.6228285
18656647,6.331051
1171581,5.499918
15452811,4.0535765
4060206,4.2868633
12244370,5.1125154
14773076,4.575864
2204244,4.925267
20728311,4.9762
18362628,4.2900825
14624128,4.5373173
10704347,4.803472
20188825,5.1802835
1653289,4.8692994
6170995,4.8636093
5192376,4.917745
755684,4.0826707
11658294,4.5453987
14088100,4.6972227
18418264,4.3793063
11450526,4.098497
16029658,4.3539686
9778407,4.6440187
19841797,5.7479463
16894063,4.8915253
18460012,4.7961664
14607875,4.8550506
17626523,4.696802
19931400,4.846736
15535864,4.8783016
20501156,5.333399
1617945,4.6122217
13748659,4.9243875
17703096,5.098005
16710137,4.159742
8015658,5.6764812
20771314,4.8785954
7803013,4.9819064
14358383,4.171163
11868730,5.4437456
16531986,4.7422843
10205031,4.5579767
3868100,5.5343094
20605644,5.021542
17860607,4.0312514
10269671,4.8859396
17119961,4.749639
20057368,4.863337
15037921,3.9262407
14694629,5.425149
6437565,5.453843
13961294,4.716286
9852010,5.466764
17483013,4.558853
17530300,4.722832
16404936,5.377444
12453890,5.132371
18566802,4.8389044
9739552,4.3983574
7198666,5.0808406
12605606,4.5148244
1696090,5.156424
5031255,4.786656
14180226,4.4493237
4331214,4.045515
3731534,4.0424232
7948163,4.7546654
3767674,4.3891993
5319588,4.369902
1077375,5.6673417
8566006,4.3329687
18654391,4.736759
12122016,4.1521244
16099666,5.296457
1214086,5.463233
10857835,4.097038
6913421,5.152198
18988464,3.929863
4457753,4.6916046
16741673,4.285044
8844034,4.7344217
15008915,6.133625
3280233,4.8180842
20355158,5.538754
15647811,4.4525585
6291568,4.767938
20186359,4.0990863
19055159,5.967452
13684997,4.646095
11508642,4.498073
17804617,5.5533857
11210689,4.7102404
6692191,4.183172
18561618,4.9002204
18794629,4.7266564
14786250,5.838375
15755967,4.733949
16399701,4.031642
3468747,4.050868
20421010,4.762473
13017599,4.676442
5480885,4.8391304
16693702,4.683639
883375,4.2731214
7114767,4.0606885
15856036,5.284353
7156244,4.4109464
18615755,4.1171737
14430972,4.630533
616585,4.1959186
20532328,4.770799
17793341,4.2775564
17077694,4.9867244
5535112,4.6806307
8722970,4.5780025
9907307,5.8554077
16425680,4.777917
16257743,4.2546167
1828227,4.655927
7725197,3.9163713
20651312,5.647106
7038137,4.2563195
15323539,5.3102827
8370236,4.961362
6425366,5.3803034
17865626,4.6301384
10978135,4.793006
13376823,5.8573976
6357564,4.9064875
9139920,5.510422
16237556,5.677414
6487298,4.8864107
20167264,5.6853023
18079889,4.971873
6038510,6.2518415
5678579,4.5219994
11118704,5.5248013
17845723,4.3956194
13784518,4.6258597
21057638,4.7662783
9215574,4.997375
18497350,4.6392064
16754097,4.842408
21173148,4.6849957
2738669,3.7817512
5241802,6.048896
15676252,5.6484265
4541187,4.742189
12020862,4.3618417
15461942,4.0847325
17810648,4.8162184
5188840,5.4372883
10963122,5.1156387
19176222,6.0214596
10692885,6.016302
4163710,5.25665
12914474,3.8118725
14595378,4.211678
723560,5.0859475
253475,5.0782285
8191155,4.1883063
5295676,4.13422
4164410,5.24974
5709365,4.2909703
3101761,4.6274805
12052042,4.73335
14698472,4.2554803
18415088,5.4763436
10015195,5.3579206
74758,4.5261936
13405543,3.8899171
12833258,4.1213846
20763758,6.3120265
8563124,5.317394
7048398,3.8205676
18224356,4.0656557
16395460,4.7944345
1077343,4.0886316
10882844,5.4100833
9770041,4.78411
16071273,4.718541
3571021,5.132318
12041767,4.6769834
19749207,4.773152
5989890,4.1599607
15181510,5.1561537
4276207,6.0686746
2975715,4.1080627
14963693,4.6763043
17533272,3.7005816
13047915,5.095974
7456166,4.2087507
5078828,4.3454895
13888129,5.3446965
8208892,4.5824594
8472766,5.107854
9480551,5.307466
18138124,4.0241237
15989092,5.1648316
15325610,4.1295958
20557646,5.7103524
16544641,5.3235936
731300,4.427616
15087174,4.573004
7918451,4.348122
985377,3.5144598
15654768,4.400384
15736953,4.458985
12866661,3.847916
16256465,6.098025
14119171,5.132443
8668932,4.553443
17367403,4.0813494
14789619,4.695454
16542406,5.14422
16054491,3.5029616
57901,5.4320736
4038794,4.674019
10340695,4.2928567
17544996,4.4377627
20228284,5.3702903
20076555,4.548642
16113821,4.8831005
16361717,4.345318
18347483,4.2407093
21187465,4.901899
9525925,4.3392463
19784548,5.50143
6376008,4.1062875
13972956,6.5466604
16216577,5.2283254
16232652,4.716386
7349855,4.4148717
9479795,4.8601933
15063266,4.127169
12401724,5.748489
13345906,4.423284
14933499,4.8001065
19475198,4.666885
2027723,4.2822695
16157905,4.601625
13616798,4.877376
4902444,5.161393
15543965,4.8504577
9330135,5.5373063
50032,4.8838315
7807786,5.573217
15578542,4.942565
243708,5.1591883
12211625,5.058302
20245872,4.9615846
20842166,4.567914
6038586,5.437897
435774,5.0460477
13577207,3.7489834
14982432,5.0279064
15036658,4.4497943
20048792,4.563803
18044559,3.989266
563887,4.192599
14524278,4.1637034
17807912,5.16738
2777698,4.9537582
16498843,3.7728915
17234634,4.6865997
1231273,4.00717
11223328,5.661396
12704199,5.040544
13693588,5.823449
4326261,4.643823
15554376,5.008335
15451190,4.456974
12874658,5.2143106
16509078,5.355638
13530650,5.19882
5704888,4.7542577
10164454,4.9032736
20514129,5.4726562
2345762,4.729136
669808,3.992769
13247788,4.945266
7144145,4.473991
14238448,4.443235
1861474,6.0284147
19311466,5.3733554
18508470,4.741154
14282247,5.370272
8348832,4.396057
1080766,5.283468
18226037,5.1348877
6274181,4.2564807
11399981,4.947568
9768765,4.735013
19734101,5.0257382
20844800,6.2947593
17925997,4.892662
13601150,4.194085
18949137,4.675428
17778262,3.9794188
18448138,4.5068526
105802,5.0364227
16488513,3.6863265
1696822,4.9911284
16821759,3.9930987
4968817,4.277324
2848235,4.531958
5091151,3.8441174
1143329,4.4292297
3544899,4.792382
17982065,6.0860457
1099673,4.0575614
17863112,4.01241
14281055,4.8550105
16983617,3.9648407
15020152,4.16894
8536679,6.208886
8439191,5.0769625
1604660,4.7764497
14950987,5.0338645
16826135,5.089563
8307946,4.571386
7471859,4.145924
990703,4.4293227
10429806,4.6332726
12227988,4.673121
2273019,4.735193
17074689,4.340942
820218,3.9302287
3095304,5.413698
5029761,4.1765456
20819221,4.2071466
20767274,4.2080307
17138837,4.681651
8609750,4.004653
3125317,5.0074534
11063155,5.9449286
17304455,5.3108816
3421400,5.1225386
11969257,4.820239
13866669,4.3704414
6132191,5.2926855
11943669,4.5418615
979730,4.976096
19475210,4.0050793
10528090,4.7837214
10156960,4.0683804
18414471,4.189533
12742563,4.66762
19630358,5.5883484
7172400,5.2463894
20804747,5.814678
19475897,5.246684
7149931,4.6635027
15983444,5.066803
6198807,5.7707295
13597896,4.6229854
8069094,4.1828547
13032418,4.0836983
1864439,4.7692986
10209471,4.6597857
12148726,5.8592877
17601960,4.747258
3760824,5.1261506
7918422,4.31804
9088488,4.938736
13490372,4.2449856
13942843,4.6815925
7328775,4.023945
15873150,5.1406655
13906957,4.7038074
2815717,4.4318676
20495133,4.2729316
11068011,3.8426561
18445639,4.61477
16688641,4.222194
17892447,5.295054
16732266,4.420205
7411768,4.1638193
347865,4.5001283
18005200,4.5077963
15580538,3.9798565
13562243,3.9476633
6781648,4.2934003
13831742,4.8310494
16162368,5.037928
19698455,4.1037073
11143886,5.165933
10329370,5.1668544
20968900,4.097904
13860941,4.3437457
14227537,4.673109
573671,4.689393
19532157,4.723712
8475392,4.201608
18804992,5.3984933
21112848,4.9730277
16756161,4.265401
7235155,6.2734995
6714468,3.9889297
4021957,4.2445335
1312673,5.3397894
15770459,3.7813466
15508030,4.547738
6898642,5.8244147
17152938,4.9143414
1344446,5.1466036
17362878,5.1043706
17380103,5.0588045
13532311,4.245917
9411082,5.228765
6701026,4.7572727
1189407,4.523364
9577006,4.1211157
862193,5.7051225
10021915,4.695167
260672,5.896596
4061796,4.815393
17477005,4.613715
11325431,6.3549085
15632098,5.204063
15966727,5.7176003
14217625,4.518727
6392343,5.170561
1767037,3.8317647
234299,4.3707786
9452993,5.7050586
5162305,5.11842
10614152,5.70055
15998138,4.607714
5868798,5.4985185
14518272,4.6511407
2037951,4.948959
15622554,4.114214
13066926,5.49979
20582923,5.2994213
16157105,5.5742507
3559695,5.498502
17382326,4.5294642
486751,5.183207
16465572,4.7171116
16434745,4.2329154
8846583,5.993594
16393660,4.5116854
15968426,3.9814832
12254118,4.6470613
16424934,4.821934
16236713,4.825028
19118296,3.6336327
7116273,4.66899
3522329,4.981364
349146,6.6607194
964952,4.716038
241588,5.403833
3737373,5.156659
4420920,5.496569
15329025,5.5265894
5194382,4.389659
13261498,5.195895
5745907,4.563045
13354278,5.0184636
20707833,5.245096
12360660,4.2024918
16722003,5.3334594
13016417,4.232886
5697371,4.2933702
6575789,5.7606945
13066088,4.759063
12253023,5.024837
17776449,6.0453763
16781256,4.396987
12168670,3.9525015
4885600,4.3420086
1726226,3.4426465
4395490,4.5175076
6748645,4.806422
3533669,4.8893833
19438593,5.5839443
15802719,4.137654
12874603,4.8195667
5990045,4.0121713
842697,4.3194923
771436,4.0510993
15251492,4.577301
14252438,3.8072493
959229,5.0170593
16809192,6.7985473
18617060,4.6356387
11508488,5.3324165
15021486,4.9663405
11479812,4.798702
3861713,4.633835
917739,4.4777155
8506802,4.1837535
19877223,4.7856936
9049888,4.3157487
18344698,4.9921947
11224245,4.296049
8593656,4.953211
7367039,3.9614515
9255124,4.0131745
5122927,4.0585036
3888623,5.088718
9926377,5.7923136
4484366,4.5591745
17191666,5.3435807
12158060,3.9621763
9256035,4.4800615
4428854,4.3356557
12530488,4.9769588
20194272,3.9461029
20600247,4.0150576
9436168,4.168042
8408465,5.410628
16078776,4.207544
6578251,4.136009
7775186,5.1629744
1928570,4.669648
14671706,4.309895
13478868,3.979388
14319360,4.7010727
9530131,5.0807333
6731445,4.9532313
15411960,4.5662365
17660732,5.385563
13150401,4.5294075
18347330,5.0989594
3267889,6.080265
18395316,4.8345747
13300113,4.662365
898877,4.319786
20124587,4.8584266
5184566,4.2462664
13282275,5.0269475
1336410,5.2598324
14450837,4.166872
16293076,6.037423
16360281,5.5216827
16390662,4.6887674
14169465,3.9111786
12990926,4.167957
13076524,4.1026773
3944625,4.7403116
435946,5.9648438
941,4.760103
3912360,4.6328793
15603815,4.5947027
21092785,4.984951
15938116,4.61859
14357405,5.3311744
16895217,4.65894
18020898,4.612949
16529741,3.2533772
4194302,4.64101
12913397,4.005947
17142448,4.526715
15564415,6.370557
14915446,4.743933
19571955,5.109756
16422897,4.3487825
1217046,5.182194
9483417,4.2345624
4576821,5.1686897
9116126,4.991791
16355277,4.0589633
18184143,4.399597
15704170,5.1740994
15240195,4.812387
10182058,4.705641
9028527,4.7013764
20493987,5.1607227
9081373,3.9483836
16705650,5.196405
15849484,4.189305
10853313,5.2837954
19887957,4.1671863
1106505,4.664214
17403646,5.261617
20243712,4.6807423
15874703,5.431258
14731252,5.4083643
11378190,4.791459
16379963,4.8435245
18079237,5.8199234
16443323,4.161446
12011721,4.2521334
5050255,4.1173058
14540369,4.1838694
16535678,6.663844
16471501,4.440295
9918897,4.6786327
6629501,4.3195705
15061867,4.5942707
11858355,4.196106
13186655,4.8638825
16203011,4.431475
14703787,3.8400273
4750578,4.27709
19009437,5.691151
8612332,4.437853
15484442,4.2498326
15238910,4.861241
17304633,4.984742
2268950,5.223083
15981999,5.0872564
14088971,5.3067765
19979892,4.2618775
14807332,5.238992
17329820,4.90828
18360284,4.512994
15453273,5.2414494
4112791,4.061653
1728437,3.9761055
6832599,5.043535
15885808,3.8799882
8741446,4.1150723
581216,3.8175468
15857334,4.898052
20913497,4.821265
19169515,4.1895924
15671751,5.3269143
16254675,5.447774
9998879,4.7397795
4734709,5.3464484
13082743,4.184359
17139740,4.945272
818030,4.7909975
8566525,5.018931
218383,5.6343203
16201897,5.721814
13114437,4.561909
17695233,4.687323
7513344,5.259488
13678252,4.412177
13379682,4.8472157
12906679,5.4961963
16810515,4.374805
4950807,5.516868
12202079,4.437222
17737806,4.179864
11868625,4.4383183
6188070,6.125038
18471507,4.730243
441166,4.0589123
12997241,4.1107736
16932097,5.1807485
3534522,5.7749705
14375533,4.609514
17935958,4.688226
9756236,4.379568
9756493,5.3633857
16664516,4.23447
21042120,4.210068
14713931,4.7031593
13725185,5.824443
2461389,4.073214
9392107,4.9384947
10653196,4.2087736
4693119,5.4179616
4490643,5.2357078
17735928,5.4102087
17757111,3.9806824
9664867,5.0593047
13890897,4.727448
7458427,4.4735584
12196647,5.2076287
16735857,4.305375
14982683,4.3775425
19808524,3.745491
11911059,4.412027
169480,5.1806507
18444352,5.286099
10120206,5.0586524
16416279,4.4024596
3723355,4.1698556
2301724,4.064136
15040685,4.5950017
12798616,4.687007
18276726,3.934949
1460628,5.1392837
8866669,4.749029
19770239,3.953691
20467489,4.8101196
17965181,5.041865
19803462,4.4224434
18373576,5.025396
14981495,5.859395
9425524,3.8643389
17159408,4.0880976
19197445,4.016106
19801310,4.2153687
4578471,4.8645945
17172606,4.667749
19154786,5.552173
14483019,5.4299984
17867446,4.210726
15554297,5.475
11803893,4.9152346
18873722,4.126197
17622310,5.162686
1634048,4.104755
4900352,6.241721
13429086,3.6598365
7460185,4.528541
9670576,4.5712123
2244103,4.7169647
14536674,4.2800617
4818422,4.858593
5239419,4.199163
6146839,4.2488256
15869288,4.8195043
12168587,4.8197865
17808419,5.1798606
11071981,5.2078753
19700871,3.9311063
18307336,5.5994906
738686,4.2012844
11377582,5.1674647
15035790,4.537129
17255740,5.8655567
15297704,5.911135
17654562,3.9461567
2153173,4.2463307
9481209,5.0399237
15701098,4.7004433
15361311,4.216368
11700807,5.686983
10764929,4.47349
14807627,3.9531157
13099259,5.1779222
17741392,3.8792198
4785563,5.031314
16722202,5.1021295
5930824,3.9383774
8013052,4.1565437
16297222,4.9485216
11123868,4.238254
1024102,4.708177
4084669,4.726536
10802313,5.3891497
971069,5.1817193
10319579,4.9403453
723583,4.711926
8964884,4.6920857
13645107,6.021994
17483564,4.6747165
16578883,4.7327476
7254864,4.2821803
10366823,4.505137
15874562,5.3096313
17448630,4.190982
151356,5.34802
6119206,4.610328
16692626,5.990562
12214284,4.1358733
4720789,3.300848
1688283,5.4407563
9923414,5.3433447
5389907,5.047205
11462370,4.88528
7462268,5.755282
17475753,6.4944625
11373821,4.9162498
4925278,4.9157467
20874763,5.1355743
19639373,3.9540062
32570,4.2106433
12070813,5.7881293
3533180,4.965608
8842990,5.857198
11888451,5.180155
8460388,5.811036
16177435,4.848539
10858959,5.9553456
17025780,5.548855
19456410,4.958078
6784345,4.2055697
3350417,4.4843183
8953089,4.7222075
19858871,4.975326
7931331,4.597155
3321643,5.815024
18822541,5.0449924
6053855,4.3054776
10022730,7.230755
18328096,4.0493464
16338697,5.1317396
4510513,4.0418034
6410820,5.784424
19019159,4.632799
8288294,4.8066883
10961121,4.464718
3293564,4.3237047
11756349,5.151618
9577447,5.06496
9420768,4.3409348
8454985,3.8257854
1898173,5.3038034
14180937,4.10015
3282814,4.8049536
20515889,4.6643767
6515562,5.1972165
9776412,4.2005854
14168413,4.0395985
4074344,4.437932
255996,4.7577252
20167804,4.81114
4048708,4.9336605
1355744,4.110637
14610140,4.117002
9045502,4.622044
11902996,4.746937
3052584,4.9642515
2543343,4.7134175
20584605,4.1996393
18176949,5.128075
6966691,4.713521
19308779,4.5875206
13028533,5.0189667
6186572,5.1275125
7329091,5.253637
13511927,4.77294
15919536,4.526541
9808637,6.0076733
18524740,4.162707
16308886,4.4973702
17731256,4.2668204
16673837,4.907371
21025058,5.3523693
8617920,3.8681436
17533911,4.904134
17776095,4.7321424
15599662,5.2007174
20230917,4.0875173
18452150,7.120625
15999405,4.1562686
3220368,4.614188
14264684,4.8754454
9697876,4.9298415
20016901,4.832867
4141906,4.684146
562311,4.2797904
12912065,4.6543083
16796255,5.117342
20712310,4.6362987
15558473,4.953898
7851294,3.866777
19011267,4.6519084
16283123,4.145912
1570497,4.608459
10054480,5.3059936
21147943,5.5221796
8826797,5.3116345
5720564,5.359701
16533105,4.1518407
1231514,4.766865
9471893,4.8675323
20587159,5.702907
16621667,4.9790354
15213742,5.7034526
7764070,5.194717
8353034,4.1274986
7604699,5.0836444
10679350,5.0116076
9415923,4.299269
17923217,4.7089667
1650470,4.033413
13680539,5.140199
8473523,4.211925
11336319,4.8303847
19318016,5.604972
19950401,4.1097403
16415484,5.0983872
5977406,5.092787
11964327,4.004998
20832952,4.324405
5920141,4.087333
1025001,5.225112
16214254,5.315733
8992840,3.8390825
19429043,5.240822
18456751,5.2585535
7988491,5.162295
20167050,4.615745
17902126,4.4921856
16788345,4.971965
5748301,4.886933
11592372,5.2580857
9413861,4.161339
13101114,4.023614
7998051,4.149248
15749186,4.338764
8969982,4.70109
7621387,4.322912
18096402,5.1973615
20207665,4.725625
19071875,6.175238
11722379,4.4857373
6226236,4.647088
17655933,5.246986
6609546,5.4879274
5265736,5.3873377
13673344,5.5978146
8624944,4.1692786
13686161,5.1732664
9193694,4.9930444
9943465,5.4408035
19415234,5.4262366
1478468,6.0076895
13589297,4.912449
12568350,5.871515
5729530,5.151779
13426615,5.3169575
381187,4.6360455
7615693,4.10969
305211,3.9549618
10957871,5.7330427
17448180,5.3176093
13666641,4.667607
18686269,4.0035467
2305890,4.0739384
17495199,4.7028184
8612715,5.421465
6461789,4.3287873
3738756,4.0242233
20137641,4.475499
18645286,3.99344
18993398,4.8688846
8855457,5.095858
18998597,4.4452224
5691265,4.7469254
10173750,4.272726
10369307,4.3611283
19412140,4.8043246
14440587,4.277448
12347410,4.043026
2645878,4.046649
6911261,4.139654
20328682,4.520874
13849313,3.9887514
19612068,4.954778
14126225,3.9048407
17906302,4.377358
9937333,4.237568
467634,5.7186165
10591645,5.0560064
13994912,5.1330886
13275896,5.124292
4445872,4.983679
16610614,5.238472
2583074,4.471242
5059964,4.282851
2283304,5.104223
14857073,4.683989
16560565,4.5897875
15343791,5.9821625
16188500,4.1531014
4858305,6.236213
171776,5.4464307
16175923,4.8726864
12954208,4.5592966
18669496,4.881773
7939738,4.939818
15109384,4.1001782
14821003,5.2162747
5347124,4.3680515
14353256,4.4699287
6303460,4.379543
7068352,4.877163
14769619,4.931723
7782176,4.5523643
18597754,4.176699
14507492,5.0839634
12290613,4.5987673
4299536,4.339935
7561220,4.9099693
5647213,5.2360888
8446143,5.322683
17075284,5.210716
12343903,4.4092436
17011683,5.867224
1583653,5.19019
14853361,4.1006956
15941474,4.700523
20806120,5.1047797
3979714,5.093434
14757255,4.71354
17543918,5.1711974
12763181,4.321233
13814049,4.052769
13549611,4.3942556
14873290,3.7801259
13343525,5.1082435
9112463,4.5325236
8150863,4.336197
9345841,4.863695
9790462,5.4547687
3757786,5.145884
15355696,4.2603784
17294950,5.48303
3735175,5.3060436
19785875,4.5313687
17122054,5.061307
12643387,5.1315236
10115608,5.344802
20150530,4.9754477
4047091,4.9279604
4350995,5.020791
17523505,4.5293636
10611728,4.402094
14769652,3.2587054
12018241,5.5722446
1802246,4.691356
13239181,4.936307
18765810,4.2112365
1538312,4.5208116
14694071,4.19189
5202296,5.0951824
15780784,4.9113703
8506013,4.2808003
13141916,5.1058717
11257690,5.532807
7902488,4.2213855
18043127,4.6937957
9738044,4.2895174
5749161,4.165174
15673267,3.924698
18871062,4.883402
14950882,4.7427816
17829947,5.000833
9012148,5.367163
5684919,3.9792235
15221305,5.329484
6975441,3.935986
8965848,4.20109
14300750,4.6486464
15205271,5.0103183
19160879,4.703686
12365454,5.958437
182095,4.8874006
15524846,4.6805615
6031657,5.5468717
20855939,5.0290956
16456894,4.883427
14199061,4.2831697
7774127,6.1969695
169532,4.9239187
14487727,4.9984593
72365,3.652395
5580917,4.767046
16023048,4.103509
20057036,4.977697
20192971,3.6857808
908923,4.3862443
18196411,4.3756037
18385413,5.166397
19314234,4.073312
14978332,4.1116886
3121122,5.9858866
10522158,4.4485135
16320520,5.317112
10247072,5.4778943
6892731,4.72482
4494959,4.3210745
5363549,5.201805
4694175,4.560468
5352864,4.1855435
13715399,4.39938
411336,3.9448092
12593655,5.6032515
12548231,4.5363474
14843147,4.173257
18416075,4.8429832
11574820,5.218294
1151582,4.2880726
20622865,4.370164
10882267,5.3010783
585225,4.177746
8453378,4.6722755
1935502,4.698505
14840323,5.2914863
18472391,4.519784
17419858,4.171433
12608363,4.156344
657198,5.1471143
57156,4.8040323
19373388,4.177012
13441847,5.31228
13675336,4.9168615
407469,4.521086
17460585,5.586391
4498927,4.3903837
11637044,5.060633
13043361,5.698791
6879092,4.672389
18993115,4.34984
16444225,4.056339
4429527,5.555475
435390,4.0240145
16339268,5.9156275
14041728,4.634807
16595351,5.173752
4961949,4.191625
15566664,4.479169
6033608,5.468944
17717903,4.441234
5395473,5.735221
6275745,6.280954
20515919,4.214128
9564045,5.162895
8313948,4.754488
2837146,3.8161988
3908094,5.1561418
3478199,5.023266
6789756,5.3609395
4001011,5.241813
10997872,3.9088664
9282032,5.302501
16896129,5.038474
17530785,4.1653094
16965407,4.8748183
16144412,4.3994527
16027372,3.9643817
5464847,5.331316
6832248,4.0202427
7806465,4.0119677
16706680,5.3248286
8208997,4.7626276
17603991,4.1027436
13923920,5.9806714
16674837,4.326656
18348443,4.156635
6188022,4.587419
12235111,4.914526
20089471,5.472335
16589205,5.143383
9844047,5.5750175
13191251,4.894207
12987251,5.1195683
16338143,5.021403
6326959,5.1462193
16418900,5.9453425
6209704,4.778545
6452409,4.263806
11096888,5.021751
4190301,5.6763687
9955765,4.7127047
10060448,4.108955
15566336,4.1134515
15240065,5.06613
9586718,4.715768
1391982,5.2072663
15423639,4.808534
1456498,4.9093647
8189821,4.9298577
12919971,4.9519873
566911,4.1456747
20661577,4.8362617
9920254,4.5322976
4867876,4.0546107
17298614,4.7253695
7832138,4.275269
8734202,5.1644864
3104652,4.9746175
20958109,4.2582917
6748434,4.786009
15732778,4.6487827
5919550,4.203501
4880465,4.2541943
2397068,5.9319687
17345722,3.4382238
6326865,4.243094
232866,4.4460692
1579196,4.918673
13189052,4.591112
13109381,5.2520285
18615446,5.041723
16502013,4.268199
12593135,5.1296773
4076998,5.487165
2460303,6.0529437
16015368,5.3220625
16504435,5.0323753
20588184,4.404841
1498731,4.921209
2932263,4.204572
20326560,4.581101
12309323,4.7575054
9713526,4.1891384
16457286,5.248087
21110134,4.669864
15432669,3.7249148
20996996,5.219417
847591,5.6754403
824486,6.3118286
20047896,5.261604
6120345,6.0612035
1455361,4.787951
14918404,4.5035114
17831874,5.1404943
9429904,6.3569326
12117528,4.790802
3438336,4.8052225
17224766,4.4162455
10344134,4.698537
8719969,5.0396724
9644386,6.0262194
13710241,5.2831726
16647849,5.332054
5708195,4.4512014
2909461,4.5771594
15609075,4.6830134
120005,6.04763
6762627,3.894627
12207465,5.077637
2721629,4.452196
6045917,4.252384
13166141,6.1723485
16110083,5.4841776
10176646,5.2970204
13151072,5.8619285
8934599,4.6639724
16116059,4.812002
18142381,4.8479466
7682094,4.739821
17846155,5.0717893
11274181,5.583421
14203178,5.5789514
12033412,4.607271
7986902,4.6427617
7363801,5.649048
5749839,5.2506666
20257125,5.005246
16526927,4.5129876
11143683,4.718471
15956155,4.4969215
12305565,4.156086
20805606,4.322867
13494761,4.9749336
3882512,5.7569137
18614053,4.440479
19413231,5.265813
1217670,4.9174423
990130,4.2058144
3972278,4.5744
3738315,4.659171
14842759,4.6130533
4257529,4.6373267
18259367,3.7588553
16039662,5.602857
11827785,3.9423678
9714233,6.526706
613818,4.498417
1327886,4.706144
6783518,4.7859654
5598429,4.0715637
18461278,4.158482
15120048,4.4729457
8670561,6.2588434
7265253,4.452708
2967375,5.8681035
16671511,5.106131
996138,5.4683685
3616739,4.6641946
13192876,4.100417
3457987,4.395837
20334067,4.5770593
15857907,5.333679
15126360,4.555189
593320,4.60106
9049260,6.023256
2590533,4.6243415
6261296,4.0699863
17557517,5.403338
14506086,4.3888307
4884601,5.228639
7736787,5.7158732
11418978,4.336777
15302392,4.898194
16650650,4.7675476
14239071,4.655474
13814017,5.6603346
1602428,5.4438868
94035,4.572302
11282208,4.1672626
16147471,4.1117253
9218142,5.2497272
13090837,5.361475
4824146,5.066769
12274606,5.5752954
675641,4.0838146
2012813,5.0309143
4829029,5.476597
12137777,5.2456264
12755021,3.79744
901914,3.9472227
5228009,4.1899843
9281778,4.57199
16933129,5.9364443
16779445,4.6682973
13192319,5.4264526
14487262,4.4090695
16687624,4.818074
7526944,4.770959
860336,3.8769345
11043540,3.9918592
6331758,5.8699856
9476994,5.1834188
5519885,4.63491
12085370,4.0929785
8425662,4.6479125
2067809,3.961466
16689332,4.640618
16178450,4.6458054
7458845,4.2705364
288213,5.9123387
11395461,4.615397
526942,4.067409
12491698,5.815745
1941439,4.1700277
14298814,6.688441
12523662,5.3661933
14530530,5.036272
13472775,3.836536
18507990,4.484927
3987445,4.2846823
3928833,5.756343
18207487,5.1883564
14112098,4.290165
689156,4.477357
15705862,4.1493607
4992809,6.972177
7193201,4.4299483
3505222,4.7058372
17084549,5.5043936
19137091,4.4723163
18229200,4.495196
9588196,5.512316
724895,5.9488997
8070926,5.1475964
6450283,5.098169
17695108,5.5879145
9301647,5.057501
16319564,4.291805
13524872,4.1562886
14266916,4.7393985
7676238,5.4443345
11211612,4.2133927
3932269,3.9997377
1301903,4.586116
15898650,4.991499
1660611,3.9355097
1312228,4.876729
20363020,4.816295
17741467,4.5651193
15558887,4.68093
9609762,4.4094787
20436544,5.396313
13607387,3.6912196
9715796,5.8807135
20286743,5.316656
6305562,5.0570245
11620,5.2332144
1835728,4.1716228
11890882,5.308009
11786930,5.4513154
20311264,5.09471
16157784,5.192615
2130627,4.0570874
8032583,5.021732
303264,5.6113534
16845694,5.035115
8950064,4.4180927
20902644,5.013617
8344112,4.88369
16167346,5.001962
17795712,4.108123
8763159,4.414505
15194237,4.1768637
13496008,6.7705417
5194680,5.4664593
7544960,4.783032
15997374,4.037313
7572637,5.4306445
12388494,4.251689
15329488,4.447002
16160724,4.0697446
1550867,4.729571
20506551,5.0028524
7020580,5.0690327
9278822,4.7676344
15649324,4.504859
9180885,4.054669
14219018,3.9888635
18999839,4.2059813
8863188,4.5149956
8308683,4.62804
9824682,3.9606657
749755,4.1091766
16791874,4.630514
13924186,5.185538
15510157,4.6234856
165055,5.3952794
15970475,4.9733934
6132230,4.543974
18701968,4.181622
1403827,4.417146
15876420,4.405067
3219237,5.243586
3571986,5.2625747
1949344,4.86473
3835132,4.912041
8283356,5.0814943
10332622,4.9239817
17848230,5.7165337
18345542,6.4619174
5582695,4.0255923
16499622,5.4468093
13981865,5.7300344
15327106,5.2141776
5562420,4.4337063
15799563,4.915971
4833294,4.488321
1388804,4.530383
5748576,5.145911
17407031,4.333471
5469921,4.699711
10103747,4.3156753
16856660,4.346425
10650510,4.353033
3623673,4.779779
11278906,4.671091
19044695,4.132884
521522,4.3112235
18993351,5.0671225
17846836,5.8216195
8437599,5.0027394
6828878,4.1701436
79832,5.1284137
19052538,6.106606
14361211,4.668375
11168009,5.8464766
17210669,4.594052
13689663,5.0703263
53137,4.499529
8614388,4.544039
20591856,4.4284782
15984822,5.2094355
18648360,4.2561955
8462280,4.3682327
1561140,4.336954
15042845,4.406836
4934420,4.8878665
17492408,4.9945736
17512126,4.2705464
11590000,4.6557355
12677203,4.038939
14439107,5.1348443
7023027,4.6317344
4709695,5.8974333
15413064,4.731647
13476772,3.9211757
14339842,5.3004847
14969198,4.849297
8925628,4.920729
7094976,4.0942717
16318202,4.9642053
449764,4.414597
9842142,4.177769
7308396,5.470368
16793649,4.5460935
16870687,4.2058263
4880299,4.793986
8287787,6.0000186
10794287,5.3962526
18593013,4.0149684
17300501,4.2860956
15634296,5.2069726
18210358,4.9873786
17551014,4.141408
9136731,5.764325
13064192,3.9585764
9514730,4.754885
9842271,4.2410226
13336405,4.8479867
9111880,4.825523
12775245,6.083185
13264054,4.9002533
7579716,4.2706246
14426027,4.758814
12738047,6.0678205
2368021,4.4154058
9464763,5.3827252
19699241,4.9692197
7564955,4.67752
3857863,4.5902853
1941504,6.1215205
18463865,5.5028377
12955453,3.711992
16588779,3.6688132
17733960,5.128935
13058729,4.849461
7411499,3.983209
16274717,4.7857127
4870239,6.198207
9496474,7.470009
13003641,4.5626526
15885045,5.398079
13657698,4.7971034
7116602,4.184013
7870008,5.887139
1703303,5.021585
16131498,4.140932
7021350,4.4954605
18549160,4.470952
9694633,4.658722
4430452,5.77372
8015910,4.90067
19743941,4.130138
7164400,4.1310434
7471933,4.8938117
4099676,5.3035793
16214854,4.6643167
9260911,5.023707
2119216,5.1289983
17530544,5.058364
20148844,3.9410746
3311221,4.2675643
9886735,4.2866526
17654611,4.759155
23135,5.452674
7732536,4.982504
12364855,4.1033444
17936801,4.9453297
19827717,5.1117296
9404348,4.530835
9168614,4.9975924
15005132,5.827067
16941051,5.593919
6460651,6.0940056
14793254,5.249879
15360248,5.5888534
12034640,6.6438065
13512350,3.8314042
17652552,5.2288575
12268349,4.352841
6800548,4.139307
8051845,5.765103
16441766,5.3177476
4190881,4.0502753
18042619,5.499193
1123737,4.6470323
19185871,4.767465
8480722,5.0431437
16349080,5.0491047
10452737,5.141787
251611,4.2662883
5827794,3.651554
8474728,4.5686617
16467387,4.3611374
15285374,4.2167244
14421383,5.0241313
14550298,4.099269
17027013,5.093722
16641,4.953241
20863459,4.297161
13362748,4.119275
6504741,4.071589
13900695,4.760533
11660078,5.055459
21174980,4.0497313
17738283,4.6299534
15988432,4.8387947
14855907,5.6494646
18610974,4.745048
11675677,6.0854588
6901257,5.1018925
14168514,5.433986
14292385,4.2309484
11456592,4.172715
9476212,4.105046
17847937,5.0633183
4483672,4.5342894
12763599,5.0300856
13982308,4.460405
13388959,5.3556247
14936017,4.470445
6128739,4.6575465
17408875,5.468111
11592012,4.899756
1964795,4.9692245
14386239,6.066361
2915643,4.185067
1455804,4.871086
8901554,4.97723
9575903,3.9160266
1500221,4.451612
1169835,4.3871536
12837321,4.116134
8534963,5.7054486
1958550,3.8895354
15311930,3.7427592
20711708,4.877257
13961107,4.9729204
17961665,4.5754447
3447964,4.9674106
12845588,4.1232867
7074232,4.73013
16607703,4.865702
9825595,4.051595
16619861,4.0972753
7849755,3.9457037
3003386,4.2824316
17421826,4.2386756
8369701,6.213148
14127629,5.934187
3783639,5.448401
18475489,4.581607
4519011,4.586844
7415942,5.488495
19532262,4.185385
12491217,5.482079
6837946,4.065928
9451597,5.0166817
16916110,4.822872
5627628,4.745795
20758288,4.0327187
20489605,4.159537
15289314,3.2188816
3843704,5.217443
18149668,4.540249
14952757,4.284208
8404345,5.093062
15208063,4.810613
20599662,4.7262325
4707791,5.8983564
808313,5.7357125
17813865,5.3034515
11017101,4.604816
16813292,6.0232754
15021331,5.5007577
7310330,4.753616
20174390,6.610086
20979642,4.6870694
9919432,5.1569877
16634679,4.9349494
19190313,5.4712996
17959491,5.0273776
235552,4.3691754
10635159,5.3119454
15328919,3.6636977
3678796,5.408381
4171692,4.7665153
5372082,5.4478583
15182580,4.536111
8211314,4.563968
12090146,5.5121446
18856457,5.944389
7698722,4.16394
13231961,4.780452
799467,4.850014
1304604,4.51413
13699107,5.661378
13281381,5.333764
10035324,5.3620143
17907804,5.277312
9371173,5.191927
6261971,4.769318
3167558,4.8510494
14428517,4.6556215
4178851,4.726375
3782441,4.1488237
8518353,5.6945
13528908,3.910135
11100926,5.227869
17988390,3.984818
16673954,4.8877673
6506661,4.7551317
18214824,5.1631536
8398566,5.3683834
12463547,5.1706424
10433510,4.4068985
9619848,4.2349105
11098211,5.0970273
11680405,5.3876457
20844580,5.5661244
6836485,5.651792
11158160,3.9708164
9924559,5.4619923
4715740,4.5436926
3571735,5.030703
6599827,4.8127103
17749699,4.4309635
468613,4.165767
9544410,4.1168838
10617361,4.6518574
3032218,6.158473
13708345,4.226342
14615791,4.929787
2177004,6.0611362
16256901,5.2069745
14068213,5.160278
10413576,5.083632
19413675,5.424302
16078794,5.073703
17048164,3.8251348
2643943,4.7654047
7484548,5.034552
7074488,5.409297
6722799,4.7039456
18118166,4.3395205
16018906,5.3020716
21043720,6.497723
20518601,4.050614
19285356,4.8356857
19179997,4.410541
21029146,5.2688117
19625202,4.0180087
4632542,4.885434
11024353,5.276711
16824819,5.509636
461206,4.0442786
13081507,4.2282786
6092935,4.89196
18690921,4.9622054
385190,4.4276524
6676975,5.1591067
10248407,4.859005
643918,5.38833
10912409,5.119308
20725759,4.8990583
14669774,5.1813674
5123637,4.121848
6016761,4.644908
16243506,4.2914453
13394700,5.6451344
1745439,5.7391615
11282071,4.542044
14074089,3.9218574
9938364,5.220169
5218252,4.6604166
18409805,4.056885
18370680,5.238451
16895565,5.2594967
5182894,4.440296
19856053,5.102986
11642575,5.286965
20356917,5.7828207
14500042,4.0716896
4066282,3.3494222
15549517,5.0048013
12305884,4.777411
20993336,3.9578488
15213580,5.681765
13944403,4.877804
11901938,4.7564597
18628272,4.6405673
6490927,4.509562
1275748,4.506447
20815681,4.063576
20875310,5.852553
14167763,4.822297
8268465,5.217978
12453908,6.2033563
14109170,5.4819555
12321714,4.191645
15404328,7.0004582
11305383,4.9658823
6767858,5.0529475
13391640,4.28897
762145,4.1699276
9624302,4.0744476
7112429,4.026375
17500012,4.146656
6443678,4.7436943
13334094,5.5226426
1606640,4.5690846
14555537,4.1814394
678453,4.415739
865732,5.067752
647598,4.643896
18444131,4.622366
15582426,4.9749565
13843745,4.0690513
17694203,5.1541114
8881253,4.385016
16172162,4.502309
14311859,5.505957
17880992,5.4200406
9240268,5.339935
2943995,5.4247947
8266969,4.1908
16768112,4.2251678
15550805,5.521787
4597700,4.362459
1187091,4.4684253
13894813,4.925988
1846676,4.665426
12380704,5.2004757
9154591,5.039071
16805883,4.1652665
11784924,5.900126
11228308,4.972555
14081954,4.166157
12566713,4.9490943
17499924,5.2671504
16290620,4.23546
628149,4.144968
14825405,6.570403
12581627,4.777274
19323221,4.205725
20124489,4.0327415
15362029,4.9482093
308582,5.123238
4052446,5.375005
17775044,4.5622926
3242492,5.2691507
12713863,4.2393413
6343895,6.0265684
18908966,4.0886946
15662885,4.7090583
7730115,4.9422135
9093116,3.9758577
9383472,4.608362
17266573,4.296923
20994536,5.571279
14150807,5.0871887
18636382,4.4426565
10888320,4.1766887
13129533,5.169029
20356865,4.505561
20842387,4.802781
8628860,4.2197247
11069241,4.0175667
4597000,4.7033753
10308968,4.1640964
9698056,4.335269
18711,4.640962
14029901,5.0500793
11744137,3.8824253
21045283,4.3154573
15548671,4.984319
448936,4.621656
12457539,4.277109
13977954,3.7808142
937667,5.576452
207675,4.8594375
11867284,5.659138
10629214,4.97479
126885,4.3260274
9236451,5.1484704
148259,4.5878797
16765349,5.9132333
17701267,4.9894238
6819713,5.526252
4705326,4.7175407
16814205,5.6965466
14806578,5.5785213
18005582,4.02496
4793938,5.851519
19249136,4.6819677
20573444,4.5821767
16323461,3.984803
20066545,4.0749006
10686784,4.949742
12973636,3.5032327
19680555,5.4842567
3774435,4.6614757
12570236,4.2554674
19008488,4.7349296
20147628,4.9866433
6797961,5.1068172
16051979,4.5968156
2748493,5.2429414
6115291,4.5304675
14043849,4.8859787
14586131,4.592139
13400181,4.4296045
13437025,5.2997074
3540370,4.786284
9757106,5.025688
15718424,4.948755
6185599,4.949676
14078781,5.145015
16063065,4.615512
4794682,4.064858
11967737,6.6031938
7619079,5.69131
5106020,5.857549
13032072,4.8310027
17095290,3.6973321
10784388,4.5892363
179245,4.7749596
10477209,4.5305624
12298684,4.3158417
9979270,3.42537
16495786,5.7320013
2914445,5.291248
7937398,4.476519
11949198,4.32381
17349377,6.4426847
2932779,4.422922
12152898,5.127478
8195260,4.365492
17739410,4.658964
7822859,4.833453
9187976,4.8522563
18397813,4.5786905
18134806,4.8843036
16887159,4.5745096
9248222,4.453887
8715083,5.6194167
16796787,4.782407
9317857,5.3975186
8981705,5.735568
1809547,6.0805335
10034493,4.395075
7911437,4.383238
7340535,5.2281833
17044608,4.0161047
75635,3.946945
555979,4.4983387
6864929,5.412884
19227568,4.293081
8597990,5.313292
16001927,4.8314366
9686223,5.5867934
11761606,3.9600048
3943879,4.7605877
4895735,4.8403206
5969152,4.961665
1365000,5.206197
2374873,5.042053
14770169,4.2727375
15086350,4.0347834
5547635,4.1033387
6200613,5.3555894
13878351,3.7795188
13464122,4.6120625
673152,5.0814214
4537500,4.0734186
16962941,4.318555
12735616,3.8522875
1704279,6.0878773
11713083,4.727468
6555395,6.2154136
15876580,4.8780313
21151260,4.762472
12681123,4.541896
16928524,4.709004
14712690,4.1855564
9993063,5.595187
1743201,4.123965
15323538,4.3270283
4485653,4.099933
18838643,4.8335414
15563132,4.641707
15857038,5.727873
21111538,4.8698273
15957168,4.253852
1494726,4.4761477
4122350,4.909303
17369725,4.2668395
18074243,5.2320905
4428140,5.087935
20900569,4.5821433
283977,5.2269745
15548118,4.0287504
2308761,5.2428155
18656661,4.1746874
13817184,3.985833
13877759,5.397013
4661464,5.545555
19439944,4.23928
3930665,5.0997887
13986108,5.0539207
16998689,4.8401613
16601797,4.524095
14077177,5.3216105
9297651,5.2234397
19550791,6.2392855
4823953,4.8420153
17761581,5.469153
19449268,5.40706
1198974,4.5795417
20817888,5.178388
18169357,4.529
5593205,5.3806295
12679234,4.410071
13541505,4.5969944
19702475,5.4369063
16054225,4.5717325
5899436,4.9268026
6349524,5.0156097
12972228,4.7068853
13576187,5.5608835
9066091,5.0132365
17767272,4.371788
4048205,4.308002
18160774,4.730305
16380145,4.1498017
17384900,4.6094255
14539106,5.352448
6923000,4.9739666
19700108,4.874157
13043208,5.2513127
3945636,4.9380336
4720154,5.2074037
1371114,4.318587
1262262,4.504666
10035706,5.0645995
20816032,4.6527357
8341142,5.416212
4615991,3.9249244
3596452,5.1913466
10141153,4.4902506
7310413,4.1458006
10364432,5.220674
12268610,5.260835
15242302,5.7349453
8324569,6.2785273
6337392,4.6047816
4108538,4.6591406
8033975,5.228054
13823938,5.7295923
233374,4.5525036
19741323,4.5730133
16898313,4.2920117
21024577,4.749359
13657742,4.499726
15437080,5.36054
11201981,5.328311
16410753,6.339935
17241501,4.59175
6750698,5.9476523
18083618,4.9371643
20051059,4.636322
15769468,4.9061575
13971273,4.717133
5570591,4.3317337
16087307,6.004517
17698358,4.308111
13142462,4.6833053
17210790,3.9590628
14066702,4.8726845
8957187,5.1071763
4566983,5.1515913
8267425,4.2754207
16986727,4.9907956
6313162,4.684183
11602574,4.7224755
4638571,4.284441
20604297,4.9057775
16231316,5.2396836
6207974,4.2153397
20602225,5.495457
16239623,4.8101587
11483117,5.2604856
18956621,4.649565
7022309,4.824853
13996084,4.662596
3721475,4.110171
9989028,4.5263214
14441447,4.9639525
6526129,5.3016815
10661091,5.162439
18332286,3.992359
4324399,4.8316846
5070077,4.9812407
10860614,3.9417393
6646526,4.9185495
9167264,4.670244
20918988,3.6079931
11352664,4.420829
15647522,5.61394
16404329,5.4977202
19640412,4.995432
2648957,3.9776578
8813547,5.014234
17266766,4.587313
16238845,5.394553
17305490,5.1896386
13216664,5.4569106
13378500,4.0956206
14487507,4.934254
1292476,4.1506248
20244002,6.0641026
7869167,4.130937
18790255,4.796903
15943342,3.9096699
20526049,4.3475895
8034692,5.4632363
17507528,5.7219367
15983050,4.279195
15360288,3.9522905
15355982,5.127129
19086077,4.3483315
4993422,3.8496466
19767368,4.7367344
12156330,6.153277
4358809,4.1456943
16781785,4.6960135
3556615,3.8974016
7971666,3.947989
12023104,4.3757763
18022793,4.623952
6763552,4.096946
11653913,4.8940067
17665781,5.0302052
18141158,4.973727
9759758,5.020468
14154208,4.0703554
16999403,5.2327156
16829426,6.2726593
17498061,5.6125746
18109247,5.292818
2585936,4.7366824
19388247,4.560835
13431961,4.2356663
17045865,3.2738566
5360997,3.6240857
17236679,6.5584474
16634189,4.5022197
12602632,5.24187
18520274,4.3492875
3145484,6.51939
15309962,3.8983073
3194049,5.029154
15500453,5.6132874
17649894,3.9158008
8269701,4.414517
15495958,5.132012
17384951,5.4846025
13361658,4.899076
18254869,4.161351
14912728,3.9776103
6633613,4.284159
10278011,5.1377506
17143504,4.87609
2295809,5.3679147
1864381,4.654404
8301230,5.1944966
4476390,5.3524647
812462,4.2617307
16690902,4.6373053
18207319,4.774316
12826965,4.988786
13417267,4.583328
20698023,4.716559
20705547,3.9578998
540472,4.1702433
20904683,5.2533135
14622053,4.880316
20322491,4.1551633
14776423,4.7027373
16226900,4.7667627
12009927,5.0901604
15534068,5.3494253
10998063,5.1143365
2478415,4.78836
16586571,4.117561
17333246,4.807241
3125907,4.354606
16005405,3.9040434
20817201,6.113458
1267206,4.247377
6502493,4.3364387
14383171,3.863523
16381226,3.471484
8005452,5.17458
12245640,3.9211097
9773094,5.5165596
3431378,5.0077777
14489871,5.05212
20008186,5.8742127
14283546,4.1669755
741178,5.727423
4484663,4.7722044
15148424,4.1335044
20498653,4.2465153
14345588,4.4688764
24266,4.7789965
15534697,4.56714
1588157,4.1621733
4849173,4.7738466
19159149,5.482073
11674311,4.066458
7966416,4.486359
7481939,3.9173112
14384455,3.956306
3601131,4.7695127
15148661,5.934396
2510178,4.2534356
20746813,5.2986274
509989,6.147815
152520,5.3467674
9693821,5.027844
16027559,3.9997637
4642532,4.290658
14936055,5.2921944
17867473,3.771797
16966827,5.5421276
19779217,6.7062593
19100282,4.75342
17805696,3.9385083
15266709,4.1243067
20604451,4.4937224
16577036,5.886046
9509261,3.8438158
20194954,4.820244
5558939,4.82437
18162671,4.304936
3304088,5.7242193
11167070,4.3810186
16192035,4.8183203
3394798,4.801268
7272453,5.0176578
7348509,3.6722474
19562001,4.4500422
19714167,5.3407717
9317715,4.0037575
8168619,4.1329823
17532031,4.356079
9734419,4.3793364
15314175,4.633973
12836842,4.613814
4865973,4.1988697
14821577,4.072316
1970512,4.2865224
3808093,4.0920815
4037406,4.7890916
6201377,5.66512
17664717,4.2142487
19407360,5.44
15249588,4.0551867
5310538,4.325422
17192727,5.300673
17699647,4.8725514
6028743,4.364174
6364732,4.7888103
17567066,4.8575253
7932792,4.177031
1604489,3.924915
16424070,4.6644273
17805198,4.2616024
3180755,4.6165824
12427573,5.213253
17167601,4.779964
12860152,4.376346
20070187,5.8843045
4931462,5.4488544
16136211,4.4429216
4396985,4.636134
16083105,5.8409705
11729196,5.118648
14761805,4.8545966
12512233,5.3199263
17981454,4.247083
6855200,3.9249916
11812986,4.0492916
16721044,4.726555
17776390,4.608583
13292993,4.9247127
17256374,4.544226
18708117,3.7557774
6269027,4.0820117
20206220,4.897293
19034639,4.0613337
16125278,4.2273946
14183466,4.400217
13762667,4.685956
13349001,5.7527843
9788927,4.647118
3272201,4.932817
16253834,4.05748
16367983,5.433546
20671003,4.7101617
5180442,4.3600173
16673377,5.2710357
2496594,5.4917235
2524947,5.3045487
11436132,4.4477487
449308,5.4049253
16931621,4.1741476
8055859,5.130683
8992330,4.872065
6063911,4.2730985
15923496,4.1285114
6236477,4.7020435
7181644,4.980079
1589434,4.203035
2117557,4.583842
5918653,4.264864
6259767,4.01753
11679898,5.0243926
2495715,5.248011
7857685,4.531424
16017587,5.549833
17475404,4.66416
12973288,4.779793
15974364,5.2034388
2927721,4.18199
16768812,5.0823107
17680198,4.766113
15042524,4.0216036
18062797,5.2634573
20422697,6.1240377
13920801,4.751619
10165410,3.7293606
18473705,4.6453004
15783766,5.5866575
11799482,5.358387
15371873,5.2856736
14596010,4.1769867
20652679,4.5070486
10014975,4.7659783
7437824,3.9706578
16050276,4.274066
5240901,4.7190256
3201350,4.620532
10572100,3.9205668
290001,4.9189477
8800003,3.6200778
10654125,5.1743546
19950872,5.104637
16900396,6.5811987
9693080,4.807904
12947660,4.214064
11950098,5.554959
19049100,3.909873
9149400,4.548344
4359719,4.895095
8816070,4.286001
7593556,4.221671
6644524,4.621255
15222975,5.0067816
16346441,4.5240755
15604351,4.381988
16845862,5.2727513
9841373,4.915735
19066236,3.9932635
14608228,4.100252
2111361,3.6057687
20154164,5.055652
8670717,5.002844
20543517,4.027408
13674053,4.8479834
16313989,4.541806
234330,5.239995
13524592,4.370534
1304049,4.111051
16702494,4.470632
10992285,4.207477
14015429,5.887509
11984438,5.5472536
2753934,4.7385488
53125,4.8067927
13164444,4.758486
13018683,4.6107764
10393497,4.717861
2599963,4.4953747
16707059,5.094224
20638695,4.342164
12981106,5.1994042
16330378,4.2768903
6363099,4.2461114
6018531,4.2836185
16529755,3.802957
964803,5.815796
496166,5.206052
6397059,4.896933
9208886,5.7341833
4880277,4.884589
20479175,5.2991633
5009294,4.4515963
9825420,4.70311
21011433,4.3785534
7452896,6.465832
4120954,4.553866
8301289,4.1996627
14867972,5.6896195
12168212,5.244498
15647276,5.233051
10672929,5.600865
8461543,5.2350764
7497751,4.9881153
4379093,4.4660068
15117608,4.488131
10815644,5.241834
16691974,6.0344367
1572815,4.9885135
4303850,5.502499
15999396,5.8983455
8131447,5.026192
18505453,4.545975
4083049,4.9751596
7826323,5.467747
19790055,4.9841294
14709688,6.0547895
11838693,4.3270283
2756609,4.9605966
10298652,5.7608156
18479564,4.2857556
14759747,4.131104
13532344,4.553546
17320618,4.570063
19839317,4.675873
6986570,5.0339184
21010397,4.477184
3896205,4.7050247
9795958,4.0725927
20469923,4.7412457
9545064,5.3011117
532828,5.4205112
12548903,4.1805477
2770914,4.630163
7024538,4.558644
2503000,4.150404
8211166,4.8939147
4822822,5.427595
233638,4.8649154
5791707,4.355171
12795804,5.267653
18054092,5.8564315
7126928,4.7750006
6591294,5.6874404
978823,4.401539
14947668,4.23406
17562263,5.221397
7782395,4.7928586
12814578,5.0840993
5795435,5.4345093
19986353,4.413539
18268929,4.6591945
6524346,5.1864815
18240506,4.5741425
12110830,5.920313
21020752,4.6611795
7988259,4.800187
10356383,6.0724273
18857626,4.3411984
11884317,4.329666
8935150,5.194152
1211607,4.350901
12812551,5.2610598
7205064,5.213951
18091356,5.0808473
18445918,5.33694
9996398,4.0928836
6152051,4.7349257
17812303,4.0874424
13671936,4.7167163
14717363,5.4744587
80714,4.503073
70216,6.6104374
18257284,4.1174364
17829336,4.3746595
13882274,5.4108043
9727744,6.061925
14887246,6.62814
807535,5.4383183
2219399,5.336799
6758443,4.6813893
517626,4.2878118
6741518,5.6610746
6936695,5.0004907
10616979,4.7537365
5363210,3.800717
13043291,4.7646165
6759056,4.4446893
14614828,5.2149105
4068760,4.705739
8439944,4.794297
7109047,5.4716754
18751690,4.2934127
3484030,4.740534
3176086,4.1950297
15336596,5.8445716
738047,4.8472595
19749812,5.922987
17405926,5.161014
5236146,4.761922
16145967,4.3039412
4663132,5.659617
10095110,5.7442245
5059214,4.078761
19672857,4.136785
18328209,4.1955476
16098020,5.186467
18041456,4.03765
13700624,5.690982
11065650,5.7506237
17880865,5.5013127
12356501,4.5997524
880811,4.1150312
5684746,4.3897223
16998580,4.211943
3334361,5.132174
13523718,3.7683957
1628033,4.205655
15064512,4.9388385
263776,5.0201674
14139768,3.6255789
19113032,4.522697
19452755,5.240145
8750374,5.202297
16429097,4.2189035
3611813,5.680197
8521666,4.786237
16782776,4.6967144
5193327,6.117398
11942127,4.931495
15549827,5.316089
11916587,3.883056
18750232,5.6499987
5202711,4.100499
11986653,4.0020843
16437145,4.661645
4571925,4.215955
15874396,5.4057612
7274130,4.3670917
18488053,5.810206
19324779,5.3360586
1361052,5.1512356
4470054,4.6988854
16375755,4.830703
11159781,5.1626678
17513751,4.1735744
16350541,5.2662845
17938855,5.2124786
20044214,4.6683607
12489486,4.211019
450578,4.5044785
11127085,4.3733
144087,5.4329157
14855033,5.1681805
6425850,4.501233
1898747,5.3886976
7838011,4.2664876
256369,5.033776
9971053,4.5906906
17152090,3.9871562
18079318,5.4752545
3403905,4.984003
16285389,5.212234
17366174,4.8418474
16068694,5.7014236
17223934,5.1458135
11988224,6.1764426
16313915,4.1008396
17910013,5.2006345
1798308,4.7933483
15563361,4.7796226
17076210,4.381498
18557368,4.5364137
16042165,5.479153
20994771,4.46024
7441587,5.2618265
2433591,4.2176447
15472110,3.8629394
16496647,4.652896
20622878,5.4484572
4471513,4.616606
7841246,4.112459
18889882,5.212962
18374808,4.2624364
7669319,4.1255484
12519610,4.753234
20407916,4.3812904
14786796,4.516474
732818,3.952779
2601774,5.8020115
16751215,5.166696
20637303,4.947282
11359913,4.3232775
853438,4.5216746
6292830,4.392975
2794782,5.043319
5200704,5.0695076
21029490,4.3073564
2516656,5.247813
7695324,5.412587
3891235,3.5489042
9826062,4.9531097
2645340,5.183601
9672054,4.789433
18546459,5.5803084
10139798,4.2814145
11700790,5.0696216
3639045,4.6935153
3789313,4.253942
3721621,5.453385
4758877,5.273581
6476613,6.45763
17283071,4.924213
8848294,4.784769
12849145,5.7198043
3760469,5.322207
8845349,4.2040358
17992310,4.446038
11104815,5.230518
17850753,5.488633
21141576,5.0951095
18176798,4.182532
16355005,4.9940734
9705958,4.278579
2631224,4.04416
12814717,6.0224295
12006433,4.139674
18009842,3.9910007
5929875,5.236263
17513206,5.427187
3282972,4.2697897
16962811,5.2768416
10808441,5.1584244
16241140,4.029647
10743596,4.8549356
13059917,5.1323457
3811186,5.4254885
7500390,4.4105525
12850518,5.0128236
5606829,4.2467546
13692820,4.421546
8353055,4.6784306
16381264,4.089185
11416982,4.084434
15721465,5.2772217
18672690,4.7070127
7579575,4.6742783
17795198,5.3202124
12590517,4.6817536
1243725,4.801402
9093032,4.8914137
15127120,4.525659
5827710,4.952501
7696527,4.3204503
13959521,5.6736703
7861299,5.5609536
14591298,4.7375474
6975613,6.464496
9396854,4.5943947
18809063,5.3689084
1365309,5.8682957
15374913,4.231165
18485718,4.825646
14827265,4.468526
16041331,5.220942
12115158,4.2854004
14370935,5.368218
4404492,4.792892
12952172,5.364806
15868654,5.2785172
1704560,4.0100436
11291712,5.117217
15376950,4.016293
3818335,4.389156
13846473,4.54272
13641186,4.220042
12713950,4.797367
14927635,5.018413
9185923,3.9009233
20793502,5.430161
18325923,4.807411
316270,5.1193905
2183138,3.944321
20225312,4.9766903
15177242,4.0513086
432104,4.4420066
5195568,4.8900228
11374453,4.2361174
2292366,5.1702404
2383660,6.77021
9940253,5.3218265
13130036,4.1248574
17170093,4.5023108
3836189,4.807806
15973945,4.585403
12070493,5.4242215
4172266,4.135088
8840625,5.1479516
825670,5.2689037
1704210,4.440758
14085238,4.1112676
15510327,4.045485
15773389,4.39629
10452249,4.943332
17654871,4.1444755
12345178,4.8728313
13653343,6.0224667
6224948,4.2380505
18426139,5.3332953
7386701,5.0768313
6899995,4.370107
17965318,4.846937
9390173,4.2937317
12310556,4.2365727
19057523,5.2025685
13448456,5.0598845
7693354,5.2966304
9239587,4.5648518
15835252,5.026956
9881339,6.0172825
17622881,4.4096584
18239740,4.6757197
3945704,4.784283
12875156,5.195425
5924743,4.754666
16425276,6.007991
16330110,4.729103
20639828,4.3061576
18025228,4.412226
18274232,4.522987
397420,4.240051
1129704,4.7718368
15720448,3.9608312
4347418,4.3992786
251262,3.8310833
15281457,5.9185395
12396819,4.8937716
9234132,6.4166994
19283022,4.591653
4942200,6.2321415
20761833,6.0360293
7915214,4.326943
20052971,4.314254
18274387,4.214155
18356695,4.7501574
8372650,5.320222
4606495,5.8420076
4068216,4.9240046
1589770,5.573765
9217707,5.823895
4787512,4.0155363
20234102,4.858177
3952390,3.824615
8229165,4.8469014
13926604,6.4498596
18107096,4.4178176
5318206,4.6982613
10052289,6.1612415
18500213,4.191874
2425185,4.759056
324115,5.440914
18177762,4.856743
5181303,5.158567
6990948,4.7191563
7050731,4.770506
17026540,4.3074093
15549056,4.9684205
919830,4.102403
1574952,6.1072598
20363156,4.4775147
1583722,5.5433807
3981427,4.79832
2762133,4.1866164
4066099,4.8288713
14250775,7.0527115
20436407,5.853348
18915588,6.7717113
14695668,4.1179914
2284440,4.252767
9064238,4.203908
4093677,4.0446434
4616597,5.4258695
15751570,3.996919
1224004,4.1193633
6911945,4.133715
16912825,4.209487
18442478,5.2633014
2701658,5.0272374
14842161,4.2782288
3404472,4.1630044
16390722,3.9803312
7476075,4.2356353
5617768,5.17022
19304597,4.3154473
4323263,5.436619
17552955,5.4422264
19054163,5.326586
13668833,4.5226684
7277878,4.660619
13409667,4.6590524
17304702,3.7210906
15744305,4.2142777
1392204,4.8633957
6716200,5.1635857
19618443,5.071273
728238,5.399421
18565018,3.9919717
14651242,4.6885395
20745417,4.0264864
17252229,5.6222324
20800891,4.993213
9926599,5.914751
9157140,5.019477
6513411,5.226613
18275045,4.868559
20549411,5.4053597
17509246,4.713722
7545577,4.924039
6603534,5.1856112
14852091,4.54507
13004967,4.314259
13377578,4.5812693
10972514,5.041809
20284875,5.148523
18429048,5.695216
17893275,4.6875324
11083149,4.399381
13543680,4.994248
9448446,4.137569
5814832,4.844011
12325197,4.156066
14501802,5.1980896
21114981,4.1752896
1453049,5.2570114
20679146,5.6919394
10209283,4.6946573
10865972,4.2578363
4896855,4.196865
15772120,4.771197
19117780,4.8721128
11862905,5.376106
4693338,4.393113
7148791,4.9834843
16917914,4.281891
16455525,4.721854
6545952,5.8030634
9295461,4.7050276
18427825,5.3216877
16125336,4.8504324
5771655,3.6155052
9958492,5.1724834
16560837,5.20526
14755571,6.0570045
16519541,4.6678457
15190200,3.7571845
11178582,4.9674726
730672,4.1824937
4496091,5.306408
11040153,4.4343996
13639595,4.1355624
13952319,5.469224
19999518,5.175632
16052656,4.9351397
14491731,5.217168
862890,6.1155567
16313463,4.845014
9510264,5.118098
12287627,5.702887
15989946,4.985179
12897616,4.9157853
13202272,4.148862
15692349,3.8539567
835992,4.0335655
13974696,4.8025146
12888163,5.328019
13828725,4.968794
456348,4.7153106
404502,4.8875628
16859879,5.0660973
9347493,4.963195
2145209,4.2175665
13084559,5.771183
10115193,5.729535
4693604,4.720845
20994812,5.2356215
19524003,4.9430575
14489615,4.866497
20626447,6.042652
9180445,4.108916
13903425,4.0272827
10574866,4.6169677
15700511,5.1837406
1279555,4.465995
16808464,5.6463156
7859135,4.1230483
14626796,4.4801283
13874966,4.57346
5725698,5.0225854
5787637,5.607517
9028493,4.4171844
20573818,4.3338757
1781052,4.1572666
16381008,4.919399
12493396,4.8144007
1277771,5.189594
10884260,4.4511423
18746572,4.9379478
18239887,4.8369126
7924909,5.060092
8373323,4.0830073
609213,5.8017
7295184,4.8882093
14788846,4.9568024
5280804,4.0797954
4988190,5.7453647
20383986,4.583565
19998465,4.125016
13707813,4.36686
13644258,5.2402625
12129960,4.295518
17280729,4.8968554
13604323,4.8883214
2115773,4.9051876
17749693,4.300877
19748535,4.718359
2896760,4.843968
3613161,4.8424187
15185698,5.232768
16605797,5.4751835
15772544,5.320955
16969156,6.4145813
15317349,4.0468493
9615417,4.846451
28383,5.0979247
2875653,4.297211
18062839,5.0593534
7259793,4.9199347
4549155,4.6316977
16557150,4.3680573
14009312,5.349447
8085906,3.882073
4579424,4.8378816
20287322,4.305591
13550216,4.9083834
4164931,5.2190585
10612138,5.264339
15787590,5.8139634
11435495,5.244351
14942680,4.5770516
13624795,5.8409414
8566656,5.21476
945586,4.104592
3867266,5.080198
19808833,5.0544596
11059113,4.2244864
18119782,4.241791
16227237,4.7537627
1919399,5.5154443
9885299,4.1529603
12971825,4.506592
13349167,5.3635364
1029633,5.1080613
10865108,4.7347555
14285789,5.1942616
12363920,4.349285
13511347,4.029262
6824996,5.595434
16056632,5.170492
14319414,4.667981
1469955,4.9599123
13262381,4.1426983
15162252,4.6171203
4045613,5.368496
13882621,4.0053015
15133464,5.018917
6544569,3.9749928
18464085,4.844469
12017412,4.632273
10054379,5.179889
4438876,4.757689
15547397,5.908452
2636972,5.0799456
1535275,4.3745127
1134709,3.97595
6079960,5.37536
13623256,5.135617
16560623,4.65867
7181782,4.7025676
42165,4.6973724
6325307,4.781236
1358515,4.7933693
18599320,4.937738
10383517,4.6651683
15333,3.8685763
20744786,5.559734
5419744,5.0204625
19164425,5.5418015
18376633,4.861634
5550254,4.455537
4752582,5.5810227
15732638,5.7080894
12857830,5.0203876
18226776,5.0779457
17720144,3.8364305
12536753,5.0821395
2089273,5.0902133
18804869,5.2330575
19502548,5.2905564
9793250,5.292836
10266023,5.2384744
7116654,5.040386
5852599,5.6608744
2557614,4.9392333
20518182,4.0090213
4475887,5.340038
9628797,5.0553913
12794520,4.6538157
921585,5.583386
17702916,4.9594684
6737686,4.3230114
12357325,4.2443924
11545551,4.1965213
17210761,5.2471414
13187991,5.22372
16019961,4.1914372
15218066,4.3367996
11672615,3.9061658
3729469,4.1972456
7981107,4.326394
5992438,5.5119543
20296968,4.5389338
20440758,4.6591773
17196103,4.2635455
16852728,4.2530117
6289837,5.7655563
13973025,4.7338753
10043502,4.9388537
8301131,5.3561387
8359098,4.096967
17942101,4.32629
3534845,6.3626204
18310026,4.441775
11547077,4.3213167
10308738,4.488485
13209954,5.0951767
6887156,4.59023
20408951,5.1790757
1944749,5.3830376
17078088,4.5787296
1802843,4.2900267
10141258,4.3527536
14641313,3.881967
16455256,4.5075684
10595206,4.658622
15933638,5.270365
16335138,5.8601465
3103249,4.6606116
7699667,4.13244
9531131,4.3790445
274334,4.277749
17991949,3.2970123
20590837,5.4744825
9259054,3.985611
9015149,5.2869763
12124356,3.9773536
4501716,4.305583
8702051,4.6937084
19845074,4.671936
18718808,5.0076876
15340944,4.2697067
7754916,5.1300735
3053081,6.347313
19079867,4.8599167
8645554,5.5087066
10519216,4.256039
875201,5.151686
10575777,4.522779
7799689,4.062249
14243119,4.258207
21135600,4.7368455
1020625,4.1957545
2320647,4.7060003
17716589,4.892371
4033444,4.8894157
4494692,3.9960513
2237478,5.719683
11850477,3.868961
12933083,4.790341
6143225,4.004401
16023745,6.416868
19845272,5.0744753
9349950,4.742906
5182425,5.5173044
17547436,5.039944
7256482,5.1162715
19283124,5.4401207
15114435,4.954242
20608313,5.3930874
6836411,3.963902
1682153,4.1521034
16828383,4.863863
3463475,4.5567937
16084875,5.1046586
11064562,4.0040445
62430,5.51498
9093720,5.361725
15155219,5.1083694
9137560,4.924057
2413882,4.142629
15113669,3.8042793
16947311,4.2542825
1496319,5.022909
14370010,4.8575206
10316077,5.671282
17560124,4.1253104
17676895,3.8510287
5810513,5.792956
14902511,5.591293
11304657,5.378012
8304576,4.2495027
14768164,4.2719283
2461006,4.21567
20692888,4.3549037
16586928,4.10218
17243776,5.476676
20423870,4.10638
5173258,4.4317737
16457834,6.0507183
19094871,5.2614827
14188141,5.615931
14568858,5.8591623
16601882,4.1015573
9734531,3.9439483
20018667,6.2954183
19952226,4.455393
12709837,4.3926415
19804693,6.2446795
3143596,4.364446
15985221,4.251752
12108512,5.5480843
760650,4.9157844
14472528,4.0252466
20874344,4.366483
4783849,5.212277
8505035,5.2135644
7594093,4.281254
3944305,4.4465055
10388543,4.5551724
19930060,5.5559583
9464137,5.0000253
14696124,4.637546
6725662,4.9284377
16734984,4.240565
13296286,5.1210866
5027016,4.1644077
57166,4.704144
11638302,3.9583259
5760776,5.326128
13362,3.9403386
5720062,4.662551
17218847,4.6112647
8104726,4.3146896
4977384,4.304107
12387215,4.6531134
9897418,4.1198826
11008184,4.0899315
18439203,4.831355
7534543,4.9691978
961535,5.1669807
5766895,4.163102
15843858,4.448995
16795813,5.0570946
17303442,5.5689483
7399789,6.2051063
13941017,3.8375793
14465281,4.73906
18653762,5.587952
15719013,5.063
381217,4.914634
9820533,5.246403
3543298,5.8939767
4688209,6.551088
10705888,4.427945
1728918,5.268555
3372295,4.52348
2671402,4.9421487
1900780,4.0526032
12899996,6.29557
14337214,5.6141677
15842059,4.2835717
2268086,5.1396194
17763382,5.103901
15806332,5.449358
7127223,4.595715
4365186,4.730658
16826969,4.181091
12371565,4.3449354
19483774,4.4174495
6799895,5.369978
9759704,4.6833477
5112761,5.1430593
15250168,4.7308464
15083381,4.99069
12738900,4.595083
17512929,5.2993846
10574818,4.7950597
1645196,4.7836075
1257032,4.0274835
13174268,5.699885
6132543,4.47909
166706,5.7954335
13804367,5.294174
11987862,5.49009
4974923,4.153196
32331,5.1374974
1132771,4.17819
8709326,4.7106414
12802817,4.195407
4866114,4.1150503
8385284,4.096861
10491207,4.593219
2776766,5.7082624
11068898,4.706791
16806101,4.740905
6971705,5.557864
10332161,5.356567
13380502,4.6523414
17981413,4.065312
17008347,5.366158
20082404,5.102231
15499360,5.0007033
15027492,5.7144246
11303167,4.0333843
20151020,4.6210456
10590158,4.422494
14912655,4.759703
2132275,5.6034245
2545184,5.349618
13847244,5.1212025
7277852,4.8583817
900485,4.373534
8106774,4.499734
17109587,4.681116
16620235,4.753574
3870439,5.4690847
6087217,5.169051
876290,3.524046
20782233,4.4637785
3522308,4.5193844
7082866,4.839175
4798794,4.950125
3985673,4.9506593
13668573,4.4439754
10781947,4.8358893
11859901,4.314834
7399449,4.4048934
15179790,4.28597
20555685,4.923653
7331070,4.8682733
236949,5.2559485
12201225,4.0418553
17733014,5.0032372
13154998,4.230569
17793963,4.0794244
7027139,4.733539
6505927,5.866715
11223389,4.1964765
7088639,4.965178
18563840,3.9409246
2152948,4.16623
5695523,5.16224
12903772,5.0244813
4495455,4.666399
4878501,4.6656365
626302,4.7070837
13291548,4.665495
15894199,4.400756
16106039,5.256374
16602224,4.6214037
9992751,5.3309135
15964899,6.5244365
3793033,4.701558
8150998,5.620947
8147767,4.2990456
16661459,5.5137563
1433897,3.9260566
21141973,4.470159
13210043,4.050788
18598103,4.6759467
15194952,5.042129
8322112,4.7902384
11546695,6.2723823
11395,4.70317
20053166,5.630865
12838390,5.215265
4821960,4.8557377
12826992,4.956245
18159079,5.04006
18375815,5.1291184
12294596,4.5453978
17512435,6.006135
6973011,5.8726096
13995008,5.0639715
16547045,4.24761
19831736,4.150516
16960623,4.393306
18896112,4.541915
4266897,4.1017594
14068646,4.1569433
16251345,5.1334767
15873054,5.319981
17889378,4.1399765
8106445,4.897997
13592171,5.4596224
838070,4.1859818
15004858,3.8385758
12423295,4.643329
11940785,4.506146
5265614,4.835399
5395436,4.331126
13684484,4.729036
15841594,4.3691387
18251968,4.101619
5204426,5.2302294
3802538,5.834491
20959131,5.1024747
20708246,5.288578
15519836,5.4774656
1860838,4.803774
15843086,4.334988
2254412,4.9739146
19263092,5.3673787
18875599,4.8149
14897219,4.864495
10658210,5.014232
55505,5.995008
8813451,4.1909213
19872447,5.120704
13333900,5.6655273
18973676,5.0662246
14165362,4.275459
9919837,4.0548344
12055540,4.713909
13632675,4.1148086
8455561,4.2186766
11887649,4.7871656
4738087,5.4196787
8908898,5.22755
12252993,4.294617
13590105,6.720859
9936792,4.927783
11080142,4.6478915
19583464,6.2424245
2172411,3.9433205
13955829,5.1383495
14488784,4.8521547
14154381,4.081589
15300468,4.559186
12915673,4.419705
18010282,4.6930046
1890851,5.496702
2831977,5.1205616
826075,4.5109878
19760715,4.1556
16164435,4.209724
237988,4.6862025
7206568,5.1346736
8517593,4.599599
10115427,5.0390897
16691614,4.864986
10176552,5.5044756
10810807,4.4976406
3703633,5.131221
4338541,4.8784313
16172772,4.554742
16323871,3.9478333
1990201,5.8525925
18585456,4.988055
16443103,4.9279923
16164399,5.0734444
6361207,5.274989
4137900,4.6744585
17720522,5.4458885
3835766,4.1101213
5863701,4.633985
18003567,4.8484154
14767195,4.669532
19154395,5.5243955
8521692,4.10776
21230903,5.082993
13316914,4.285232
13929242,4.8942137
17701929,5.4583783
4267901,4.4665074
16054955,3.9436607
3924397,5.129228
13313452,5.2278843
17638265,4.8951387
13467737,4.2808266
14907455,4.4378643
8926164,3.9634578
7775146,4.224281
15963788,4.6038613
17270031,4.726494
15238065,4.4074426
13085059,4.271871
17154991,4.350966
15692812,5.6087317
19661845,4.8381515
6765802,4.5093603
16667594,4.474124
17961889,5.1486044
4495428,5.088604
20828952,4.7191157
13823767,4.5907197
19700448,4.216092
14151564,4.2713923
1552093,4.6650767
3219951,4.4877048
15937146,5.1868296
14400452,4.7182417
3898355,4.4534554
10137679,4.0121703
5818551,3.9900985
13562981,4.2289824
13770179,6.2544303
18907659,4.175423
18111318,5.4119654
12562075,5.0123224
4096665,5.4462233
20169249,3.8402054
19738170,4.4894767
12566014,4.786341
12931313,5.244582
16600553,4.635673
6400170,4.3865137
17134163,5.3029404
4730309,4.7910714
17632790,4.4118786
8595268,5.737884
170847,5.33521
600286,4.155633
7936698,4.3305173
3578158,3.947508
14589869,5.468726
459806,5.370543
10136162,3.4693677
13265716,4.1604486
5327724,4.9342
15691754,5.2407517
14141622,4.061135
17156164,4.351601
8925563,4.169911
12019843,4.4521995
4296710,4.100964
14968765,4.280189
9135125,4.1939106
11695184,5.5786123
231721,5.0687947
12828775,4.542655
19456107,4.645394
5181720,5.1664696
7771351,4.77884
16313023,5.826761
15513127,5.289035
8814039,5.766631
14824337,4.194551
15602572,4.786413
19437253,6.3390102
895386,4.118123
12829031,4.5018916
4178152,6.219853
13686914,5.6597514
14267804,4.3675895
6528368,4.766804
6828713,5.4753413
15455071,5.4024143
7843122,5.6398516
1914841,5.3891177
13223949,4.178625
13411711,6.076145
9810403,5.5598817
7835778,4.191559
13895156,5.6886773
15553170,5.0385003
17842111,5.061534
54382,4.4352036
9992535,5.418317
12172890,5.875787
8720972,4.6553903
890875,5.117154
5804790,4.1391797
6731708,5.0456767
6078561,5.0072637
3922526,5.5338664
9998898,5.1839848
17187942,4.6704917
20242938,4.217777
17258065,4.6130853
1682282,4.7826657
1598887,5.3666687
18465732,5.1584616
9282987,4.5318184
5196336,6.2440524
19965402,4.9612894
18787950,5.148539
4505,5.4374304
17080726,5.39616
20930060,4.8260612
16435920,4.8499875
573268,4.7015142
510500,4.842751
2038278,4.7198586
15003546,4.2188597
19547479,4.7753973
6289761,4.189922
6016496,4.216647
4483196,5.3770866
19179961,4.5584702
4384518,3.3505654
15522091,4.0352263
1615088,5.910733
4908997,5.0008807
9623557,5.5810204
16556249,4.815369
10449728,4.5883684
5410914,4.372017
19798810,4.451625
7332255,5.2242317
13038318,4.1643357
20309133,4.92403
14687868,4.134816
5211479,4.505759
15200224,5.0266223
16585605,5.759359
303370,4.0616536
14047273,4.2260838
19403310,4.057947
20090712,5.730942
14109693,4.107461
4129365,4.8119454
14355431,4.2388563
15260364,5.0251007
6018947,4.1913185
9211430,4.629059
1098825,4.830722
10990260,5.3903112
1506985,4.930747
7529940,5.004971
15983526,5.6948256
15952876,4.8086705
35526,4.556341
12951417,5.59946
7050397,5.0086207
12656719,4.7440557
9879897,4.0567493
9061938,5.7631235
1847261,4.7603073
9253498,4.2206516
1857312,5.000864
11588003,4.1647854
14783944,5.152682
18330946,4.3513803
12521928,4.5562487
9432339,4.7832522
18238216,4.6374736
9047155,4.3904767
20134851,6.2346463
16604304,3.8925543
1872241,4.84663
5269840,5.761417
19193944,4.8535028
7789213,3.6120455
3413981,4.215935
17027309,4.4369802
18386659,4.6427507
21163804,5.049619
13498381,4.0022006
8549355,5.052638
16782240,4.68346
11657888,4.3426056
20713994,5.083457
15545007,4.6609282
1186237,5.04165
7181476,4.7915287
7632657,4.873687
9110425,3.9799814
1249083,5.03693
13639725,5.7217817
19369772,3.9295893
15235328,5.357413
1003184,4.7495213
15511825,4.830684
4251960,4.421639
7801169,5.0420904
9488762,5.1014905
19717109,3.9732597
20171719,4.860505
17975659,4.5923066
5694364,5.3631854
976167,4.13201
2008334,5.2988844
14002759,4.3215146
6054656,5.0476036
7692167,5.056314
9574217,6.523771
9999939,5.187869
20436854,5.1703486
8763620,4.855605
7027048,4.618508
2391803,4.296487
19942348,4.8244324
16191394,3.9142888
9189219,5.193995
16909876,4.066282
17300864,5.838781
12712279,5.537052
20755255,5.1985497
13217241,4.834546
15481609,5.792202
16769225,4.5651574
190160,4.9065638
15499428,4.9634404
11221482,5.7706203
18826370,5.3649893
7455604,4.0133533
7454907,4.7966585
3685433,5.119907
12367703,4.1614714
11680622,5.2807956
14851911,4.9207244
9313446,4.918053
14500735,4.795591
16841032,4.1521544
7143587,4.85576
11789440,6.1638436
17532756,4.199
19334237,4.2023087
15547793,4.391766
19532551,4.1618204
16851792,4.9953237
1875603,4.3186173
14756273,4.4938145
4436927,4.0858645
2619175,5.0640035
18605919,4.9325337
8247341,4.777691
1634003,4.0546
4853563,5.780915
3944200,4.990246
18195495,4.1399765
21010323,4.750387
12021281,5.95231
13427412,4.8333726
8924038,4.270103
15360917,4.4750834
7326365,4.5168643
9064042,4.991257
10039553,4.948658
15984201,5.5211167
1887206,4.995768
9922178,5.383404
10828381,4.228723
9806634,3.9798777
13265095,4.6887074
15885180,4.462862
12927565,4.118974
18041540,5.178936
7229828,4.4903092
13264910,4.1662087
20664367,5.342284
16244574,3.6667104
2165107,5.4986362
20325146,5.095435
6328394,4.192341
11593303,4.7320056
16727338,3.8614984
13558216,6.9210563
6800203,4.337324
13399619,4.7245626
20979466,4.4056854
13659816,4.7807007
3040394,5.118545
7484179,4.2695394
4584944,4.19438
15290253,4.660571
2477330,5.426323
17922561,5.1835628
13782569,3.7621894
15927846,5.6977515
16894974,4.0374427
244547,6.5412636
16756416,5.579909
19967900,4.082225
16824773,4.190286
19159,6.03581
16963535,4.6863456
19013594,4.540886
13360673,3.976614
11566601,4.3476157
1082406,6.3594675
13978746,4.5717945
9993116,5.2855754
1702109,4.915671
4607282,4.269879
1984486,4.8151236
16709754,5.5932827
3420384,4.036275
4164605,4.7522926
19861834,4.7991343
8225432,5.1078415
16113725,5.4447575
18224659,4.3179398
12068,4.9523935
11240774,5.1175895
4325502,5.6262574
11856912,4.3302884
18198900,4.1580143
4785716,4.317272
6853212,4.68239
16778954,4.8177104
16999837,5.3504314
8645254,6.277015
10811679,4.307973
3799598,4.8508625
6850540,4.183636
3644021,4.3981795
7246074,5.0834146
5308639,4.216803
19073548,4.6610217
9716316,4.3687105
13264690,4.925906
21124150,5.085457
851443,5.043348
5533420,5.294605
15790820,5.2016106
8483688,5.540865
8405551,5.1751337
18335071,4.6280065
15448882,4.4505954
17955462,4.982657
19402904,5.7140102
8592390,5.12997
10231714,4.2156
7896593,5.0902386
479334,4.6447263
16854051,5.173682
14184451,4.600479
18276993,4.6068773
9186042,4.9732804
9415192,5.3345566
10221640,5.993204
16456629,3.982847
991396,5.829511
16696832,4.5594544
2515452,4.850925
20827546,5.2343254
9029725,4.7606564
19912854,4.738995
662152,4.6758976
20755847,5.2678614
7743287,4.181187
2026087,4.6953173
18002506,3.835585
17023676,5.977773
1351364,4.289891
19010699,5.516722
16255107,4.613858
17076526,4.6373396
16282113,4.9519343
8504704,4.754084
5374712,5.0999784
2557922,5.2780194
10944402,4.289436
17143055,3.9889383
14106684,4.1818776
17450165,4.2167215
10411712,5.132312
8055508,4.705792
21150972,5.1618633
16351506,5.550071
5917876,4.230439
268544,4.655324
10922682,5.0156684
582372,5.6656685
12039317,5.4022727
16485273,4.5144625
229030,4.089795
15986775,4.1619225
11826673,4.9643416
18162944,5.3404274
18305559,4.9098315
17266737,4.6390495
936054,4.9883084
17424700,5.587734
3897252,4.953617
12444986,4.693048
15073315,5.3673735
11555243,4.721973
6080551,5.1026664
5521739,4.2525225
5977874,5.0472198
9248239,5.5410857
238669,5.076252
9737352,5.44323
11162397,4.519009
16687775,4.7282124
13313777,4.7696805
9446874,4.983629
8550801,5.098387
2872420,4.859315
3424962,5.348924
19949990,6.568616
17587377,4.6883054
6078212,4.19766
19065830,4.4108524
20600983,5.662253
8287824,5.1496277
17139280,4.3117056
9755409,4.591854
9545498,3.9507055
1443077,3.9510322
18436407,5.071994
6348983,3.8999944
13378438,5.0243454
16907576,5.7917128
6812179,4.830788
13387453,5.1544714
6389677,5.240344
13778951,4.7734637
13847262,4.0279474
1832120,6.29719
2030971,5.6411176
15173895,4.907437
10880153,4.6923466
7460848,4.7722864
6094708,4.376239
8307021,4.033146
3007020,5.187836
2783899,4.0249133
16441580,5.5104766
17188490,4.0843563
16001724,4.2467456
3290859,6.059166
17713990,4.184386
12627,5.59576
4015625,5.200614
2699338,4.3779693
13295757,4.014912
11875118,5.492338
7084621,5.836781
15017163,4.1827426
9320050,5.1346364
3859844,4.212384
10088544,4.374203
14592047,4.7184587
10152056,3.579306
18776908,4.1873283
7006494,4.1915565
3819656,4.380785
14125013,4.2217565
5727093,4.276937
4604322,4.925768
14899604,4.049548
14745383,5.849488
13348110,3.5700998
16423373,4.1183453
7986513,3.8221169
13586614,5.353248
1669123,5.5623875
18291821,4.793711
475528,4.107012
9561663,5.087988
14950213,3.1132247
18061548,4.809278
9577901,5.4731746
17791006,5.895259
12190495,4.969501
14109494,4.418786
13509392,4.769217
18782625,5.2194977
3248671,4.9526787
4218326,4.0925717
3225975,5.7544904
16909360,5.1183157
9902123,4.571221
6051856,6.6307216
18812926,3.7673128
18544831,4.6492143
18393312,3.846009
14095274,4.7615585
19569728,4.780277
18896540,4.6383824
14123351,5.91992
9413337,4.8684545
19073504,4.022922
6213273,5.34744
15616547,4.215004
14102863,4.32159
17299312,3.8592112
4410765,4.366126
2436595,4.650935
13710548,4.9559917
19436602,4.609249
7512116,5.346267
195989,4.123314
13529037,5.0959244
6957469,4.8801565
8479494,4.5765405
3728838,5.365627
3481025,4.55979
19712649,4.3388977
13862860,3.8766532
11497401,5.2145443
9216664,4.5001345
3800549,5.399303
6428913,5.488332
5508092,4.488263
6513924,4.5016537
2081408,5.183761
12071071,4.86745
106363,4.2653546
11938195,4.333142
13418779,4.2799115
8090232,4.5977926
14667844,4.5401406
1174830,4.186141
15334917,5.3045087
3292910,3.9942873
13733387,4.5212245
13720905,4.1905446
997382,4.815688
14774756,5.454592
1404034,5.7309155
9384981,3.8345506
1107293,4.792651
15295591,4.350174
7620413,4.608486
13099447,4.6769757
9942097,4.7650495
7939074,4.1621494
5532549,4.5679426
13539571,4.727746
17242168,5.13574
18310635,6.487816
13586296,4.224802
4849046,4.0124025
11762255,5.131118
14056095,5.5496774
20126616,3.9197845
501623,5.04503
17962323,4.600569
17728118,4.253708
12356183,4.944543
446289,5.143986
597544,4.0542145
11163491,4.6431856
20965,4.885189
7728674,5.276768
8926649,3.9517395
8971258,4.3676653
19533701,4.783109
8955487,4.145819
2337904,4.466871
4719292,4.8163667
20991143,5.0986176
13409850,4.238002
9012743,4.8952484
20028695,5.1501484
6291371,3.9322255
9506544,5.781093
223922,5.1912627
17176016,4.7414136
14888917,4.0047
5946163,4.7308807
15742303,5.8362226
16932846,4.3046145
7931456,4.5579615
13658522,4.714117
1817510,4.0367208
11271036,5.2709284
15445826,6.7963185
12208705,4.1773143
4774742,4.5224576
9571791,4.682866
13656752,4.104643
16719319,5.0514817
18088674,4.215949
11768316,5.0674415
6728537,5.074961
7739955,4.345602
14255786,5.860078
106457,4.0108414
16535785,4.6740026
8141318,4.2591786
15343661,4.2848134
16813200,4.903405
2246959,4.6688085
14671656,6.888344
9836966,3.9165773
10202496,4.1992044
14738636,5.0221434
4660633,4.7828593
6168050,4.565673
16039573,4.09017
5618341,3.9950757
9238169,4.808338
14573842,4.058212
19433585,5.086769
440139,4.337145
6959212,4.1767106
15384959,4.0584097
13592173,5.369056
5704758,4.180374
17346072,4.780737
17414709,6.372939
15319835,5.365089
15841070,4.259182
4967,5.6848583
16049905,3.8592207
18311288,5.141174
226869,4.6307735
9052529,4.603767
9394419,4.6104593
11060328,4.960376
11399852,5.3690286
11303918,4.8625517
1249415,4.6053057
14619235,5.1563506
13892310,4.5372024
19405757,4.373485
16313098,4.389714
5581442,4.499779
6403795,4.229329
770046,4.6979017
10128667,4.974027
16874402,4.6755843
18056292,4.8853583
9625826,5.7011056
16692709,4.6155124
17438902,5.3671856
13172196,4.881109
15954582,4.4651084
7603413,4.592256
18547695,4.497555
15770116,4.905018
12657754,4.539594
7854872,4.7282085
5919646,4.1500907
20110901,4.195375
13281443,4.39359
15074296,5.4031234
2178429,5.032764
15232309,3.9312353
484600,5.086742
19365007,4.585847
20588063,4.620512
19915617,4.9460397
18460898,4.767862
5773199,3.7186751
20830048,4.158904
17979088,6.246182
4824361,4.2148366
8519792,4.716935
10036445,4.0879636
18894532,4.199316
1781611,5.6784506
2613270,5.0224075
16085382,4.140267
4678943,5.1154385
16260618,5.2195144
195971,5.9133406
18872564,6.297372
11757998,4.9848924
10434883,5.0181484
13906623,3.771853
981534,5.6749053
7037585,5.0250864
13715977,4.541127
12758628,4.512769
9900120,4.691086
14339856,4.2620664
7825315,5.2292533
15406116,4.589369
4324832,5.61698
15554245,5.6805706
21160526,5.726018
12785123,4.9731154
10087364,4.194408
380416,4.867481
5037199,3.79595
1586608,4.1898246
15088024,5.1849113
15447965,4.9356084
18316118,3.9880311
3737180,4.249548
725509,4.204193
15299954,4.6476283
11440939,4.5031314
4884325,5.5801635
10783557,3.8893611
16925222,5.0736766
442605,5.015855
1361017,5.165039
8372574,4.9348307
15519679,4.6054473
2897358,3.8121314
12232737,6.188361
12011220,4.552945
17849427,5.1736345
13527164,5.693897
10337920,4.790723
655754,4.734683
17557796,4.9564834
19572503,4.448897
12175904,4.9369473
12155417,4.1731825
3980678,5.7781034
19374700,3.508902
16973858,4.737661
3850013,4.6489086
20933234,4.972807
1284749,5.102295
14746900,6.0071807
9187057,4.085527
10469962,5.7092133
17634322,4.904565
17933664,4.3256187
3870522,4.5093355
6571441,4.113955
384689,5.463532
14838160,4.3241744
7483092,5.479243
10227043,4.482049
13622056,5.201047
2197345,4.711794
44288,5.2863727
15834380,3.7734764
15735536,5.234504
1426888,5.2951384
10280549,6.191565
18307935,4.461557
883681,3.938416
10393552,4.0655794
15635376,4.451757
3989564,6.2686615
12571616,4.041542
12815192,4.9909205
11679582,6.9634814
10202365,4.2613463
4154959,5.161801
8888378,4.747194
17480730,4.3875833
16812848,4.0548897
8504150,4.6814356
20789361,4.038983
289020,5.348882
14006712,4.5426393
10096773,4.693382
19691954,4.833535
60940,5.2828035
16208029,4.883623
6885520,5.4579844
251792,4.284209
3220443,5.1522326
11943,5.222075
66251,4.923038
14625392,5.310735
7616651,4.8186145
7679697,4.6120105
3331429,4.3095036
20567712,5.832311
16964839,4.9629526
7345443,4.801749
6751453,5.606186
2524166,4.87798
6386586,4.380242
16251357,4.4679284
321136,4.073914
14311912,4.4721155
19133703,4.766447
14141746,5.158023
7332535,4.89908
17092,4.3360896
13953008,4.413311
1731969,4.3774137
14491004,4.1980352
17624190,4.685602
1417038,4.142247
1359513,4.6553955
21005576,4.3756323
18094971,4.1713815
5317315,3.9782033
21177194,5.0755234
16110293,4.7399344
18371243,5.2583227
6894734,4.5652313
9733406,5.226083
17994786,4.8225517
9432828,4.1895165
9365179,4.890605
19749024,4.77951
17861401,4.6856985
16477143,4.0308137
17299935,4.75349
3979844,4.8729057
9632372,4.290154
18080464,4.9414997
11525500,4.999347
17013137,4.113189
7709150,4.1904025
14015414,4.94517
15875731,3.9065619
16705624,4.5820007
16749538,4.007715
20745514,4.238958
17665851,5.225474
20927215,4.926017
16882568,5.8944416
10188093,3.5701125
2332907,5.672642
18880700,3.9778478
20728722,3.9356155
16602888,4.914166
13899875,5.2737727
16180024,5.1089277
15706863,4.821722
15360665,4.642151
607913,4.3488803
18394510,5.915469
11087273,5.5071335
2447827,4.8288155
16078757,5.247934
4284953,4.1355925
12585126,4.3039665
4574931,4.550033
16554488,5.1398883
13930860,4.120271
21155115,4.501632
17859114,4.891938
16699375,5.641611
15508045,4.0904565
5536454,4.5140376
15105984,4.477174
7473253,4.687578
13274366,4.752816
6777270,4.2822256
14552409,5.2481604
17158427,4.1310296
15447048,4.356736
7693124,4.9362493
6425712,4.0366917
16108194,4.733029
239733,5.6310673
15655208,4.661121
13633299,5.136064
17213866,4.0134096
17526235,3.408238
16011595,4.292185
17458077,5.591481
960741,5.419687
14419183,4.6614194
15129119,5.469076
19744076,4.871943
17604402,5.19042
776050,3.8367908
15662480,5.5290456
14606037,5.0193477
13485102,4.995014
8903147,4.1931047
16726094,3.541076
17333101,4.691496
16148494,4.1542506
8915246,4.853185
5384774,5.728147
17094136,5.559469
5509771,4.292793
9563436,5.622096
13713783,4.053227
18543009,4.799261
9882744,5.427585
16273164,4.5656805
9087514,4.8361173
2506089,4.698799
13024385,4.4619517
2368133,4.2515883
7242260,5.190469
9369519,4.6261597
16688200,4.103073
2437011,4.9286027
16635436,3.5686479
20300301,4.6568065
18442194,3.5090551
17027468,5.2147927
9129016,4.8312807
10773437,4.6842775
17151560,4.8959475
16772034,4.8767033
3401363,5.659498
10383412,4.1681914
2091153,5.053375
17702778,5.7233834
1104912,4.048489
17849354,4.8637376
13056839,4.409655
15311518,5.8728886
16465756,4.8618894
16379610,5.9074388
20968046,4.541196
14950307,4.6533194
4175303,4.7015424
1596603,4.513631
13452059,4.160829
8579806,6.216937
8268669,4.1820903
13002922,4.6300187
13751869,4.8408446
18851429,6.300358
1667080,4.431753
17269650,5.0613885
11379406,5.0915775
16652679,5.406641
16569974,5.7839828
20800988,5.072693
12155285,4.9203753
7622051,4.16744
12485999,4.91179
14374409,6.1716495
13813989,4.9361115
10117803,3.9573982
1869249,5.8360353
18322797,4.752128
17233150,4.4219894
8506757,5.299129
16693813,5.3865485
1056688,5.3372593
11139650,3.6780329
4695337,4.762004
2318126,5.0788536
14075195,5.5289426
13308107,3.945211
18591452,3.8707006
18649717,4.5865464
21013880,4.192967
16721137,4.734357
1071235,5.091958
19228956,4.308717
1678422,4.5909257
17434184,5.308979
16114257,7.0586915
3022207,5.1000094
3368308,4.8094897
7820664,4.9016867
21044959,4.5035825
19524092,5.4505763
13544430,5.477788
13141600,4.464049
10057031,4.867575
8631208,3.9991558
17825483,4.7248387
1920568,5.258405
10414783,4.2847877
14797232,5.2859197
13618794,5.0366015
12973500,4.282837
3917705,4.0740013
13247068,5.5410466
9323550,5.0591702
5885271,5.7029767
20136597,4.2768025
2539759,4.3207464
13943032,4.900388
4102049,4.495969
18934126,5.486716
15218699,4.1888366
10542066,4.9474864
12564580,6.4060526
13278748,4.532694
9978975,4.6075997
3952328,5.6478953
13511181,4.30298
20926888,5.534836
15343230,5.3460875
15665648,6.345628
17029094,6.7154245
8221796,5.409545
496809,5.038098
2933406,4.0918403
12630337,4.8295355
18871571,5.2824445
10156983,5.341065
2996555,4.4893637
180822,4.696699
15904159,5.3055124
4476954,4.7855687
16941825,4.2197614
8162168,3.6671073
2231932,5.936964
14608586,5.395575
6404873,4.96917
20189480,4.2521825
16559427,4.8151236
770729,5.6817484
6343619,4.4182973
18007404,4.451628
7763096,4.8176847
20276344,4.338889
1578597,4.8927526
13113422,4.286853
20552425,4.5556846
14841364,4.8651276
357551,4.535087
12264726,5.4743757
6209338,4.3926487
2889387,4.5650682
380923,5.752325
20631204,4.214724
13066886,4.607827
17889376,3.9878657
18095256,4.3033447
18823516,4.4056573
16376488,5.3989315
15346306,4.924186
19602922,4.70934
19551132,5.1630907
12627709,4.5874157
18035946,3.8678548
5737205,4.7806864
9387953,4.809654
6749243,4.2064877
18996206,6.5289145
14535646,5.091992
5319522,4.341536
12343026,3.5501552
10962068,4.8039055
19290841,4.476974
10948909,4.908951
4323271,5.0551896
11239068,4.4228606
10321100,4.076762
46858,4.164215
17958995,3.766843
1453377,4.8594103
12414012,4.2514706
4963511,4.2831674
14774365,5.158846
12145887,4.535844
1249523,4.6384845
21176357,5.027089
317261,4.814348
16202475,5.4861298
16232426,4.19181
14236091,3.8869948
6094471,4.9973845
17533314,6.1247044
18196261,4.1660647
16744433,4.3187017
982409,4.8820386
7754018,5.1762977
13148566,4.4126916
16627673,4.6353993
13359798,4.196461
4645841,4.52937
16739383,5.8243456
2088912,4.9652658
19903510,4.545894
20762662,4.5645614
3783090,5.0228777
16143285,5.1238494
21178032,4.346733
10576612,4.97982
16228940,5.2116103
1516154,5.150354
10886737,5.778058
9758021,4.725852
4007770,5.7105794
14238291,4.3949265
15160952,4.8176317
20898140,4.4677677
20982564,4.4340863
4070707,5.2948284
19661538,5.0179424
16688968,4.5833
18390143,4.8275847
3533741,4.9226685
18457814,4.2418747
16855224,3.8764493
14335935,5.7930965
19050865,6.1706066
7092179,5.4115443
6499870,4.2295227
15179182,5.5474763
2008122,5.065033
19157248,3.9946601
12511163,5.3615594
916514,3.460989
72454,6.303702
4187544,4.3772063
13736208,4.4723473
16132408,3.9513714
14822033,4.31208
18567881,4.330037
16041840,5.9628673
9477550,5.558595
1472262,5.0817494
17269775,4.792111
3093712,4.4885406
63373,4.230397
14882137,4.029593
12115597,4.7554812
20285252,5.1606765
11125206,5.229421
17666408,4.338718
9768642,5.104331
12649369,3.9815629
2032278,4.158885
18001363,6.2254767
3292367,3.6429482
12086157,4.203636
13984009,4.9286613
17654333,5.485162
17793452,4.9306083
11416030,4.997906
3272592,4.141096
19888404,5.7560987
14346963,4.215715
17753178,4.2190857
19452366,4.204097
12073528,4.275816
14322869,5.4306335
1233296,4.295926
32363,4.7482114
8614461,4.568801
13189690,4.3946614
17593461,5.1421638
75212,4.12282
2926247,4.053826
13528233,3.4610708
9181108,5.655588
16178260,5.003285
15791207,4.138832
6444554,5.3422647
12984506,4.591691
9575930,5.8959203
6338130,4.8351536
15818196,5.383228
14059276,4.3861322
15361808,4.45535
15523073,4.8110304
16429863,3.0786278
1339338,4.693599
21098505,4.4859114
5506592,5.510153
13674349,4.837037
20991057,4.4263015
7900119,4.8388143
13713743,3.7929485
19929723,4.704234
10822516,5.7159595
1798506,4.050819
16676068,5.208088
15577590,5.1668153
3229255,5.558855
4624070,5.710872
5077782,4.562162
4553903,4.6970754
16097701,4.2274203
320747,4.2677145
2764319,4.443857
824400,4.114273
12964676,4.8943777
9149797,4.730983
8284942,5.2947135
5899031,5.0183525
13945103,4.6504946
7950588,6.1950865
20942355,4.2398896
5309634,5.99372
5748954,4.663392
12916551,5.0749354
18239954,4.1964607
596462,4.541789
19986891,5.120704
16910165,5.939849
19364797,4.7167587
20689874,5.0413938
6397963,4.1541696
19590209,4.7847056
17584136,4.008084
13514193,5.2614326
16309873,4.4964867
14790550,5.422873
7010135,4.458644
1294421,4.8632703
20912723,5.249681
6706788,5.303235
19071002,4.0935745
16711973,3.954951
18473036,4.0668187
6034374,5.463076
13733309,5.0615935
10102292,4.6228576
7087528,4.567943
14840348,4.1878653
17325829,5.087003
16178088,5.270142
1847762,5.0689454
19894058,4.29404
18910240,4.744982
9414583,4.215847
18703732,4.5640154
17670884,6.2245755
8515356,4.2570357
8985316,4.3250837
18445898,5.68063
8925082,4.4010816
7973978,4.5696754
14281526,5.3050966
144793,5.012087
16497229,5.3437805
8133995,4.23168
14052303,5.022418
16827957,4.197461
1510097,4.357491
21220,4.468219
16507116,4.87212
6950477,4.2089305
523020,4.56152
18048473,6.249464
511733,4.0314984
21218973,5.850687
17223397,4.347106
14742285,4.2824316
16648712,4.368635
15857734,4.7981586
13654760,4.7335215
20001157,3.944532
9863045,3.894424
2496406,4.62152
5796374,5.152336
12382456,5.2755113
10839205,5.4696727
678709,5.127227
3534315,4.675014
7247746,3.7901812
3940301,3.7843513
7189370,4.2261167
1404355,4.5533285
16780932,5.7939844
16302024,5.565704
11148395,5.099723
1072071,5.1670823
18615903,4.7883496
2023357,3.9423783
310338,5.0908093
11473041,4.969971
16452808,4.2572403
16961415,5.649309
3462561,4.4187584
20942873,4.395257
5316662,5.8850236
2586905,4.19304
13810918,5.2157164
20191915,4.7944293
17776142,4.2230296
10985925,4.4178963
16518618,5.7668896
1637056,4.8832655
15054000,5.3353477
5864956,4.298329
15944237,4.8110647
1994548,5.688403
4377555,5.0840745
17716082,3.8419492
482704,3.8408988
7174196,4.837755
14317785,3.658431
12228859,5.339856
12917203,5.7808075
15255881,5.257342
3200198,4.8602495
9188704,4.0327973
15380637,4.086059
7229869,3.5797703
16915117,4.8404613
18619857,5.9615545
9541017,4.6854877
1214214,5.3555574
19162441,6.1113577
13300974,4.2831964
13510326,5.079752
10525022,3.85118
1669240,4.388675
9222165,5.2216864
7309129,4.5136456
14023316,4.244029
13066577,4.3907676
5282026,5.498569
87853,5.223497
3869398,4.6833935
18508579,4.0193014
433218,5.256031
16579301,4.1665535
9527949,4.05215
8016725,4.8303976
16078894,6.2428837
16369930,4.8306847
7225814,5.8330164
15553495,4.425487
15273631,4.167045
15115590,5.3987646
17035188,4.102063
15788402,5.565829
15566304,4.7426023
4469244,4.9689054
16640455,5.309144
19244511,4.87508
14858544,4.1502876
7402852,3.9997392
2398423,4.6650257
9081524,4.6942534
17749396,5.041245
14155991,4.6689425
19476986,6.1697645
923053,4.2690525
13961209,4.8192015
16086334,5.1729016
4163742,4.3488636
15181577,4.540226
18834905,5.030736
7798060,5.2642283
5211090,5.146679
20537222,4.37735
602453,5.412874
95453,5.342781
2994478,4.816556
15490251,5.056547
3928270,4.7841196
12521592,4.9591575
2856773,4.5859733
8740154,4.444083
3201019,4.1937146
19033320,5.0791903
13376196,4.3246665
12856864,3.859484
15494968,5.591276
14014109,4.93888
1721164,4.058762
3618479,5.604097
20915874,4.17135
13461314,4.4110746
63320,5.091958
8949372,4.72433
886415,4.953333
10709156,5.0535593
18474620,4.2172627
4386513,4.7412386
15989547,5.15695
15157053,4.8133903
7619219,3.6880357
14368653,4.885217
5021859,4.674953
3860464,5.075758
6958880,5.055023
18369643,4.5539455
4720707,5.556649
3320635,4.2046456
13187405,5.300566
16428028,3.8583293
12900373,4.9292293
14473097,4.962802
19413670,4.749263
17421739,4.2344375
21165138,5.539243
20946859,4.8349085
18584924,4.5260653
20738759,4.9572215
13080002,4.691569
4480520,5.033756
15716112,4.439322
16929407,4.880363
15141938,4.196253
13136915,5.0037827
19738104,4.044766
16437853,4.158917
1312618,4.4348063
9842363,4.9216905
10658111,5.165898
13058888,4.585786
19755450,4.358913
1228184,4.463635
7279024,4.6083093
6316145,3.7904794
70609,4.99785
1892956,3.536758
774972,4.0480814
19904931,6.047225
19138138,5.61496
6871468,5.109429
3667915,5.4927635
14487772,4.511064
15533858,4.339679
1046093,4.5780177
14915849,4.653218
20118387,5.7739305
16546932,4.4673495
15164324,4.383882
14399955,6.27925
13226398,4.007415
9117976,5.1119146
8029788,5.6348915
7149792,4.789495
7827648,5.2495723
6031195,5.158381
19227106,4.7351546
3264847,4.271485
5727786,5.2025714
19469522,4.90717
7798489,4.395835
20605345,6.1344924
12955943,4.223499
10115792,4.0800314
7837202,4.7452006
16822312,4.6022205
16157926,5.18955
17269632,3.9429398
6911905,5.1327143
20606453,5.7570786
8747,4.6170425
618836,5.556547
2738933,5.5353208
12867883,4.2520723
9843892,4.23653
15907942,4.30015
10687213,3.9584692
4438029,5.81389
1851496,4.8666124
17384750,5.212183
15684222,5.1421876
18888665,4.6670766
11038162,5.008731
19912332,5.1503835
13709543,4.84513
8204392,4.65399
4517871,4.211298
20154271,4.13846
12790458,4.3174906
3731871,5.42072
4662215,4.8235455
4776256,4.6494517
2612035,4.3592625
5377351,4.2400136
8739819,4.513403
18523285,4.9677796
16246049,4.1113224
7346941,5.6101813
8504231,5.8611608
1295312,4.753566
16517575,5.498516
17733153,4.5892015
3662827,4.092724
15340354,4.939886
17610765,3.2965813
7384040,4.9151397
11439076,5.4091682
230854,4.922212
7416214,4.9991283
7449388,5.557618
21021041,4.19304
957387,4.2506957
3167570,5.2450356
16144293,4.144247
5195252,4.507672
2446367,5.11376
17575812,5.0691175
13321861,5.590028
13810937,3.9261243
18055705,3.8518445
16859079,5.1835237
9316551,4.9195437
17778979,5.8094926
13622777,4.850834
12775106,4.0896077
10015137,4.6221867
10922736,5.502532
20073990,4.29735
18349074,5.366027
19266676,4.4289227
12523990,4.8925967
18356636,3.6407964
13281803,4.9962773
9696406,4.7656407
19013613,4.148209
4976354,4.872159
13908940,4.0924773
17093715,4.5928607
14273,5.2982197
13885682,5.1129084
19103843,5.333227
15822534,5.1430182
1446408,4.4814305
16325802,4.160506
17844130,5.933766
10986128,4.5185537
13799960,4.514082
13883262,4.3287606
1031302,5.137667
4302952,5.6985874
9693357,4.909784
5739031,4.0487304
3447448,5.247175
14339615,5.113184
16147644,4.2806373
13574374,5.2193027
8922378,3.774956
4358230,3.2569633
18076633,5.1773787
4748287,4.6674337
4987238,4.8276615
626348,4.4336557
17237486,4.6243267
10257476,4.7156997
159815,4.952289
9629923,4.1503243
14085322,5.043805
16185088,4.964625
17586632,3.4744887
11087176,4.9480567
5014683,5.39512
6663304,5.050546
4096559,5.142276
18127310,4.6747413
8817021,5.214571
9917115,5.9341583
18006768,4.1460366
8842185,4.590064
18125853,5.674966
12246823,4.0071864
19587503,4.043694
20581971,4.968178
6346224,5.252141
20502677,4.5978026
14824230,4.351162
15164954,5.611938
15417373,4.883288
328693,4.5574894
17963108,3.839813
20994256,4.6190524
18296407,5.2416887
990249,4.570106
13223932,4.7304764
10086969,5.034261
3522513,3.8546226
801699,4.174602
11972833,4.617508
12194415,4.757135
7160363,5.284757
4251260,5.1794047
17387709,4.389462
17609382,4.2146606
5955860,4.031234
15370140,4.3378615
16570490,4.1365623
16692720,5.057953
18154051,5.281019
9146854,3.8812263
7803828,4.3313756
15756238,5.1753607
926087,6.1422176
19408620,4.921383
16726970,4.1037316
9524033,4.406015
9897689,4.5679946
18181951,3.2380197
19416515,4.2380843
15889765,4.9463887
385853,4.175412
14774105,4.6223345
4120182,4.1662736
7125463,4.536422
15841135,5.4898896
19877847,4.9313393
5242017,4.202991
19011949,4.998659
16142154,4.9438396
4861422,5.2766075
17482585,4.833229
19981972,5.063047
3798874,5.3946605
11344750,5.0100627
14987334,4.233718
11626038,5.5252934
19359301,5.1297264
21010005,4.851541
16031786,4.670129
3961094,3.9466026
1390712,6.3623137
6724355,4.8767405
9704912,5.274725
18613150,5.459047
17075046,5.944243
5447434,4.1350393
8408326,3.945167
749979,4.6481156
4638442,3.6160078
8195409,6.1388702
13685093,6.238162
10289124,5.026942
13042129,4.570113
16288361,4.092079
14630055,6.21523
17617875,4.8931546
10459888,3.958363
15534374,5.392561
14773256,5.0278826
11800404,4.8917937
12115833,4.259385
12134920,4.966768
17922433,4.229298
4632128,5.4125566
11376382,4.2766247
14599247,6.443384
19590313,4.5294275
6870879,4.4958024
6729674,4.332792
5114143,4.4718924
2803981,4.7817497
14432032,3.7328799
2089370,4.125605
11966623,4.2558575
16184845,4.4492154
3394127,5.017318
134015,5.314392
1163946,5.2618423
4064397,4.4054775
13754002,5.474093
9249597,4.536392
13375177,4.222018
20786761,5.509541
12778383,5.595891
16290048,4.582833
13993046,4.1862936
16437118,4.334704
2257488,4.8227005
20162513,4.8591666
4986968,4.1830134
14420444,4.343179
12872197,4.213902
13476104,5.0828485
15979823,4.702593
7224028,5.2173705
13733766,5.1257257
14117917,4.975272
20673848,5.5778985
13410813,3.9533715
19223681,4.7214856
15289095,4.1236806
2101644,4.587628
6033498,3.936353
19078000,5.022531
19430239,4.608472
16015772,4.6020784
20931488,5.3464437
10411427,5.011876
1110787,5.0626607
6354166,4.464564
16720677,4.3403153
10542403,4.176584
16930371,5.932491
2102478,6.233969
4925003,4.7845564
15039381,5.1042366
14946692,4.6507626
7337646,5.5425115
7639841,5.634814
13669391,4.031356
16353562,4.678535
15657579,4.925235
13037692,4.898802
14843458,4.475558
18912958,5.551293
3978092,6.9695587
13911043,4.2525854
14821064,4.7110753
14670675,7.1483474
16393079,5.479486
284165,4.437676
20941420,4.987323
17000226,5.1033993
17296151,4.839175
11146878,4.95436
13494095,4.822372
18196200,4.584569
17534619,4.5147276
684707,5.8461404
9826081,4.9153605
20436075,5.275661
19910666,4.5756655
13586990,4.598208
103161,5.0328636
19936586,4.020777
1728497,4.3747435
20757371,4.0170145
16812602,6.192895
5642436,5.2134104
1869965,4.8350816
20195423,4.658495
6638446,4.8451204
15882438,4.8591704
5874837,4.708495
975453,5.018222
6264072,4.5098224
14028099,4.78359
20633679,5.23794
15114807,4.651728
18527304,5.137576
20708503,5.316778
3739167,4.3099294
10458716,6.4410405
2918764,4.762803
2516523,5.722917
13980926,5.445687
15161227,3.91337
17814532,5.1956167
18070387,5.5593963
12087785,5.4786983
11605983,4.294565
17314818,4.9769874
18841687,4.3502793
15723034,3.8994143
747344,5.5490427
13911984,5.2560143
3486122,4.25249
18476381,4.2319427
4122050,4.1723084
17318442,4.767979
11778351,5.0589385
14252531,4.2542434
18811582,4.990169
7698024,5.014203
17559874,4.9275365
5640606,4.4119
16646479,4.798302
20946637,4.2704897
4847977,6.7040176
17348982,3.3224018
15508085,5.380372
12674423,4.4773684
17047657,4.680927
10001629,4.649384
17515059,4.999797
4847312,4.112614
13956153,5.583049
7034354,4.160658
16382718,5.0668907
19101415,4.660649
9825387,4.256083
2105714,5.0816326
18926057,5.8123813
1515659,3.9680314
20134351,3.9480276
18737641,4.7466435
13962386,3.875636
6359812,4.197733
4746356,5.79352
3891093,4.4456162
610655,5.469219
11742647,4.122605
17939748,4.5106893
7217382,4.130571
19801466,4.701796
15780910,4.1641765
13655368,4.753795
16635660,4.985014
6544899,4.45389
19264842,6.0847282
17447886,5.5400753
16425837,5.0588727
2464673,5.404526
7124097,4.2516394
16381134,4.8676023
18180500,4.733273
1515678,4.8422556
18649210,5.0370865
14012748,5.9942183
18375925,4.8042893
9512419,5.2992935
16832046,5.1840034
12356779,4.69126
11422935,5.197755
7417270,4.2914686
18518270,4.2999067
20647654,4.860724
15998452,4.544931
10656597,6.4503098
16229583,4.7476363
16490903,5.6693044
236831,4.58426
15745269,5.006769
12169411,4.830596
8737068,4.562209
14669324,4.5352845
12849389,5.5793934
5218542,5.183008
15085512,3.5812552
17031843,4.1297927
18196150,4.5963173
4621618,3.8311276
8939111,4.8926215
16586315,5.3227277
700798,3.916985
14604989,4.3293037
9971487,4.31588
17281599,4.9881277
890855,4.0026646
15150460,4.9690146
16547425,4.704333
9030129,4.2573824
17718243,4.254008
20180282,3.940837
7159227,5.75566
7869617,3.6570132
13560820,3.7688222
1944976,4.8223367
5838962,4.0644364
11818137,5.5132184
2120072,5.205246
1523892,4.1742916
15615612,5.9498806
17554654,4.701261
12308291,4.0722866
5794047,4.3363366
9079538,4.39686
20833958,4.1320057
334339,4.186964
2396125,4.619806
13434493,4.2474813
11751916,4.908897
16918135,4.3105893
20983193,5.322112
12175297,4.1492596
14274809,5.374251
6032855,4.098482
13466842,4.573516
7741566,5.2281227
17210424,6.1748304
8520228,4.2417736
18180377,4.212427
523123,3.9925826
13222709,4.938799
13006671,4.869289
15454112,5.7358184
6200842,4.676144
4952989,4.0460377
11040458,5.1296096
15101514,4.34898
14321176,4.6352854
9575915,4.2664165
13019351,4.880579
13554710,4.2764077
14860004,5.531122
3859718,5.244392
16181636,6.441148
17639602,5.1604757
3908406,4.1250086
10130963,5.38263
16739176,4.528694
16405741,4.7404776
14013318,4.8172727
16155397,4.356535
867721,3.9905322
9597422,4.803988
4632906,5.7759695
6493288,5.030163
13880742,4.9527264
805312,4.326497
7405161,4.645556
3311821,4.642995
16727327,5.5039363
1006697,4.781346
15375254,5.611011
16442423,4.603693
197948,4.9102087
18413446,5.0592594
4815886,4.324447
8327078,4.6511626
13037953,4.429605
16269420,4.5724006
12709271,3.9717255
4872824,4.281416
18225085,4.9755974
19365066,3.4680827
6971926,4.038606
2670786,5.713789
5834173,4.614799
18562563,4.411165
10393663,4.28622
20330822,5.529285
2177264,6.1322026
9561630,4.9374084
4293361,4.3901534
3762842,5.4377403
6292261,4.660977
18190203,4.377509
14027110,4.172525
19531940,3.8359811
18141384,4.6487346
8291646,5.494811
16793442,4.9658256
6925594,5.364962
12184142,5.3860846
16498719,4.67165
760539,4.161141
2220431,4.8060203
6662241,5.3223844
16368228,5.1340656
13577416,4.4851108
7308857,4.9636364
13249788,5.7229776
8626799,5.1757603
17710717,5.2885895
1960752,3.9221826
7701360,4.3325963
219526,4.7212057
7003543,5.0612874
16040229,5.260321
1164237,4.6730366
16442324,4.7553644
21012137,5.1527076
7713437,4.595965
10116440,5.2150292
3079305,4.1903973
13167311,5.4374647
13639457,5.7990894
1502018,5.2686644
12011525,5.186963
18655815,4.178279
4736562,5.991712
14450634,3.972996
13923255,5.3375783
2071420,4.19931
15855624,4.2758813
5455293,3.972944
15469393,4.7241526
14857315,4.2542233
8438267,5.90927
12560110,5.686757
16568469,4.24521
11771598,6.240468
16236450,5.1693907
6973292,5.3065
1619942,5.320296
9766331,3.8746006
20443029,5.386981
3122731,4.5200315
9304861,5.079996
10453452,4.656914
20655709,4.7624454
13749865,4.185206
6328186,4.0319953
18668322,4.5087075
8941082,6.042259
8240762,4.294011
14943350,4.8032985
19226278,4.0503197
12024261,5.6199646
19261720,4.830156
8404499,5.0776143
16709261,4.477117
8571635,4.6357675
13432785,4.4030495
9728011,4.171089
12519903,5.0617914
16112663,5.656896
10771754,4.519404
8401997,4.331434
8014287,4.1063766
17820947,5.247689
18305649,4.913596
2320027,4.5541224
6514826,4.6966414
16476836,5.442504
10883053,4.2844696
4082293,4.379849
8118084,3.6475048
16310798,4.838979
7382085,5.110309
18138995,4.0506554
8941192,4.5696383
20981168,4.932846
16725012,4.1069646
4976848,4.7644935
5593679,4.3756876
10972560,4.3808584
12626567,4.779813
1614544,3.729778
17239490,4.976255
20073341,5.174865
6015995,5.1585236
141984,4.480259
13426752,5.7346463
4710315,5.036645
4917748,4.7376137
6871221,4.206153
1115394,5.2602215
17242854,5.8971043
4393563,4.1606355
19014000,3.7880824
17794427,4.8285303
18421212,5.142433
2909298,4.5668306
14424793,4.420021
17551632,4.091601
8922938,6.1222105
9737390,4.1471233
9072072,4.6804686
8034942,5.63497
8521307,5.029445
337708,5.0345793
1157084,4.392122
686485,5.7239466
11530884,6.0980177
16191197,4.4320674
4301222,4.9311604
7801269,4.7924986
14931156,6.089153
15935211,5.235269
15098189,5.062179
11223247,6.7241364
17638339,3.7134655
4082823,5.1985517
12436342,5.360817
4802374,5.088858
9541921,4.976995
14822234,4.571224
14947793,4.1448298
17445055,5.1093225
4984869,5.5687656
12742256,4.601255
12008019,4.8686314
15161725,4.5460997
18124218,5.3856974
9813708,4.1162367
8720710,4.591834
10579388,5.783461
911156,5.7724276
14228589,4.3190527
1969383,3.865021
19624109,3.9872525
1879762,4.818782
15900226,5.069462
4233705,4.6050916
16120533,4.7392855
3692566,4.364653
7805188,4.537872
16690490,4.4365745
16019409,4.7400746
912721,5.2202854
12947439,5.949139
3644037,4.0330954
16780398,4.732948
11833497,3.8649423
7406984,4.7828655
15084905,5.125936
18617774,4.5824375
15988695,5.4081473
9511120,6.068953
505231,4.106097
9958442,5.266532
20625135,5.0415688
9260590,4.8257275
16570682,4.2905335
17650615,6.8836617
2801140,5.1023874
1173115,4.655491
212202,4.693069
246351,5.0566196
3103596,4.2177124
11575586,4.3455195
13418256,6.0017734
721762,5.3996396
3377100,4.311695
2263105,4.843465
10015050,4.0311675
7717785,6.3641257
2677798,4.4355936
13201628,4.2736087
16065247,4.1916313
17318814,4.240412
12812461,4.6656795
4807244,4.451309
5569302,5.374562
6412221,4.6856594
18521414,4.8397326
10889013,3.9268262
15721376,4.2103457
7665374,4.494209
6480967,5.1688046
261259,5.328383
16985521,4.6426625
5695566,5.2655063
20164290,4.381916
16036654,4.139713
18504861,4.3485985
15904176,4.684399
4792748,4.4844127
172193,4.7500377
17603782,5.8850965
1806966,4.0593667
18343134,5.179519
1209959,4.813886
15486470,4.182567
19781588,5.0291452
18176258,4.301421
3894691,4.7338185
19001284,4.0258217
20364240,5.2157483
19270254,4.2789555
12829864,5.0077786
12972378,4.9429398
787593,4.178156
6475031,4.563889
19101115,5.090135
10748094,5.3427706
7280690,4.1351156
7969111,5.837869
6443330,5.4822626
11830682,4.216049
16805654,4.6866293
14947188,4.2426085
18096865,5.3394704
17153588,4.299218
15735794,4.4633665
19117488,4.129811
7547783,4.7958446
10040506,4.4436617
16310732,6.062583
16928186,5.150164
9281947,4.6326294
18733017,4.7010655
16781244,4.8457036
16998200,5.7291274
4662638,4.299508
12231254,5.5831823
1087638,4.094318
18960988,4.6263475
10390370,4.2161064
106052,5.0258975
16407022,4.9509993
18228187,4.384638
16310046,5.888516
16066805,4.1515694
1665692,4.145585
14074139,4.334044
15799526,4.7422924
8881728,5.1243157
10212686,5.023292
16814933,5.1327825
4291654,4.24675
9954642,4.7255263
13249213,3.7957563
16705194,4.0989103
15832630,4.1178412
11297242,5.3224845
4387429,4.7574844
19946354,4.344089
21066611,5.477513
16418356,4.924764
4152366,3.9137373
14059200,3.8789737
14170332,4.8522944
18226835,5.426429
1223533,5.0143437
7463586,4.602808
1141888,4.678139
21127460,4.668546
28342,4.4866786
14362227,4.8393607
8133672,4.642458
7983761,4.775667
16813360,5.884053
6288784,4.575495
16813891,4.2295604
16190672,4.201269
17732551,4.1565347
16427473,4.2452292
13130744,4.131223
13298163,4.7827554
20195711,5.8915224
18137221,5.6448593
964630,3.6332972
14948905,3.6365113
5004959,4.8981333
8505781,4.004065
199480,4.314274
7664809,4.572871
17348379,4.164874
12932198,4.1348815
10729454,4.391063
19111535,5.6583056
1356200,4.279386
9825135,4.171128
378790,4.5942183
15857150,4.2703056
20151381,4.4532914
11301550,4.046202
20523515,3.9959507
16793577,4.061004
2485482,5.17412
13771957,4.776065
7022643,4.32366
8013780,5.0628567
5277021,5.787502
14553446,5.350806
11769309,5.684941
15525006,5.605675
8325720,4.8196406
13700820,5.6249504
641439,4.2506723
17882217,5.17413
15346127,4.6418786
15969162,4.485227
5105516,4.50117
20234791,4.226933
12567482,5.3211565
13772008,4.767059
7665210,4.755848
15363677,5.057647
14535504,4.9480076
7913699,5.3522596
16882315,5.971285
10469388,4.8969755
13855063,5.406777
10413838,4.9450574
20235301,5.4653006
6690605,4.63948
4440059,4.1360373
20827698,4.747486
15923366,4.9566584
8761451,4.9657393
221502,3.9399645
13961676,3.8938706
16283324,4.2759886
1240726,3.7521555
3710436,5.2026567
15790644,5.0079637
13076823,4.1820345
19005408,4.4534316
4516791,5.281774
18262906,4.3406615
8966869,5.672421
2166670,5.7029347
20901170,4.278437
18738590,4.7396655
6145605,4.7995625
16095270,5.1620636
8684344,4.2734823
9911083,5.1058183
16726170,3.6702616
20383096,5.596303
6469136,4.2870574
19912256,4.260712
757797,4.204183
18194986,4.6124263
14209537,4.8922205
6317446,5.1679907
15662488,5.400719
6268525,4.3549047
14038339,4.2798424
11190675,5.2072453
10035950,4.690882
7665764,4.8410177
19071982,4.5251036
6885816,5.3585544
12928093,4.738042
20324780,5.332515
17760334,4.5356846
7968983,4.903075
17340703,4.926057
7149332,4.7791595
15868949,4.3477893
15742847,4.0826397
7729074,4.156656
17554794,4.616278
19290091,5.0325565
988249,4.1583686
18488815,5.479598
16756920,5.0447493
382524,4.2550955
18196860,4.097166
4497935,3.7594392
13151270,3.7772603
3861083,5.292543
14502437,4.0249233
9301041,5.7446556
15951821,3.9397097
15494288,4.6283445
13891088,4.028029
6509338,5.2799487
5785467,5.383048
1340982,4.468896
15662178,5.371219
18567800,4.174606
8308630,4.9646096
14263297,4.9835596
6867325,4.9282155
13328559,4.7353806
14000048,4.092673
18547083,3.8596158
4105803,4.5225844
16315379,4.3340063
15747500,4.460353
1716626,4.868266
14944917,4.6649947
15815620,5.3210692
13991050,4.124094
13808,4.54663
13863034,4.5853443
12815173,5.144175
20722716,4.9054656
16083534,4.6236076
463755,5.241713
15394983,5.0122776
13250660,4.5731864
15072673,4.505879
15904469,4.9079595
483353,6.0363526
6436433,4.6918416
2072697,5.0336695
3987599,4.0748544
18499074,3.9291973
54694,5.454219
5396325,4.474555
21139997,5.1157403
4395384,4.2014775
18464150,5.1568327
20483621,5.2763243
8055371,5.053685
16331292,4.17881
15052112,5.809294
17652172,5.688797
14050721,4.079418
20742767,4.872901
14051865,5.251113
17846937,4.839495
6389715,4.217416
4351015,5.899942
13450321,5.5032406
4861497,3.971165
6199643,4.7068486
2268549,5.6569877
14709182,5.0161915
11159558,4.2659254
14672035,4.4392376
18639278,4.9611526
3642325,4.904105
7928979,3.6246886
1294894,4.3968725
1086168,5.9275956
19099720,6.6281343
17865137,4.263806
17711926,4.104422
19385288,4.6716433
19413966,4.399977
12937,4.3381057
16707813,5.950007
13298008,4.644426
8084290,6.2339416
3028924,5.666858
4269254,4.40119
5604005,3.8569937
6493325,4.8540683
16191967,5.031028
14959164,3.9224772
14627950,5.0402813
16150215,5.346636
4824631,4.7003217
12714144,4.972004
18491286,5.414041
285691,4.1092677
18840848,4.1351647
8813968,4.221209
10415142,4.6361246
12135829,4.428102
20225422,4.2501945
18975570,5.728989
7697256,4.5319943
16507988,4.23673
4407026,5.231414
15717864,5.407293
5512274,4.3517575
228277,4.221739
9282872,3.9270513
13313562,4.758612
1154506,5.8434243
15986856,4.9455624
13824546,5.036061
11912326,4.7699704
19101306,4.22877
15287023,4.1860323
14620578,4.977437
12346131,4.591473
4109600,4.533614
7086539,5.555995
10788165,3.9862773
13659914,4.294923
19902776,5.1341686
8632393,4.94915
17236500,4.544159
11591497,5.176665
4823291,5.375306
18025060,4.319104
9677034,5.1134996
14571451,4.695869
14300168,4.7826924
21009219,4.4445424
4983264,5.3467774
91758,4.7670712
11127439,4.5803366
15868258,4.0582457
15246976,4.8232627
16792016,6.4295893
651375,4.886649
6379109,5.4550285
10676471,4.373357
10100923,4.2123737
2412916,4.8964233
15127414,5.1000276
3932334,5.3105645
16312536,5.1798434
2368419,4.562761
10801360,5.198122
1323042,4.7234707
3832932,5.059575
20269656,4.083206
15618172,5.2011995
12682935,5.0034556
9601880,5.2720766
427971,4.7316456
16032811,4.8532443
8763643,4.408958
9504043,6.0170746
6577229,6.3671746
16999518,5.761918
18025200,5.245991
5592797,4.96989
3662153,4.4857807
8507219,5.2244353
12497140,4.4430256
18377950,5.311909
17278544,4.8642697
12704353,4.753321
13811034,5.132457
138681,4.3332696
11701611,5.251979
7482448,4.2355976
7435945,5.9831266
11016541,4.724333
4973520,4.3980513
9817796,3.9299686
11088008,4.5837297
13134263,4.37365
14421605,3.771971
15194332,6.842465
8419348,4.838153
992596,5.332445
1518302,4.142425
18342707,4.9785914
6582117,5.8053803
2663296,4.072789
18036367,3.7845912
20218214,3.9769237
4403891,5.2892036
20450486,5.0237303
8683685,5.498119
21174623,3.9494603
2314406,4.779617
19715921,4.5512514
5512548,4.9146347
15162586,6.227068
6141561,4.893489
6033311,6.0793977
11300567,5.5651464
1130855,4.881876
7603074,4.1894
10729951,5.5222726
14733932,4.4698596
4173017,5.176716
17978147,4.480801
15165071,6.0111704
20283169,4.537053
15697739,4.606945
19592719,4.718287
13622454,4.538441
19930485,4.3285446
4053258,4.679066
6940354,5.7852716
242643,3.6069999
6121300,5.6854615
14109485,4.4000854
1281023,4.670809
10561603,4.6544175
798957,4.880885
19589824,4.6536837
19844473,4.294975
4261784,4.4859586
11146432,5.4260087
15376619,5.5548253
7219121,4.2403364
16114034,5.0008783
700916,5.501744
3133266,4.61534
16971992,4.497766
3476263,3.9609256
17596634,4.9809036
14429754,5.2353354
10098262,6.197943
5236904,4.3710856
4002,4.3305135
13623671,4.85247
7548596,5.962071
9887585,4.897122
11478990,3.6846848
16498014,4.232671
1818214,4.2745275
16425115,5.4398804
15861653,4.335665
13247565,5.8189974
4820071,5.5259404
9563873,4.593893
7547439,4.9442267
8088720,4.5443707
18649976,4.4427166
6626810,5.0911417
12602408,5.091466
8712682,4.7914233
16181039,4.67008
2057326,5.7204866
15604860,5.8838844
3424106,4.486706
5160242,5.569374
13446124,4.857845
20333200,4.386999
9951590,5.4180317
12287958,4.826647
15058384,5.155178
3517645,4.7753906
7397155,4.4241076
5561046,5.9592237
268549,3.8008106
9256506,5.393662
20204802,3.9444435
19823445,4.4126043
10754087,5.2475624
9770249,4.588487
17637140,4.4394684
19842407,5.2315083
11508033,4.7808294
20480983,5.4008265
5638447,4.314479
16077352,4.570816
11436834,3.815571
17979600,4.5650644
16122617,4.5623727
7718075,4.9570575
2117415,4.5312133
18805227,4.639882
7618925,5.028101
19803437,4.900988
13168302,6.4996853
13220720,4.632095
17421659,4.273004
16334946,4.9188623
13863927,4.352475
15508035,4.930738
17238472,4.898275
1423375,5.21851
15138243,4.5092535
13428574,5.060812
5228280,6.769619
15018646,4.2357645
5992989,4.7440333
4785521,4.854763
11294566,5.377973
13674854,4.8127766
7940010,4.806335
13031854,5.965623
84417,5.3671837
19141506,4.351377
19544404,4.430849
17084304,4.203266
15266764,3.9457853
17187969,4.9073277
843712,5.181959
19484105,4.704636
12864158,3.792951
18784575,4.198983
6399885,4.7667317
18411595,4.040093
15053949,5.948222
20571653,5.266317
9277581,5.025839
14123638,4.558647
10515317,4.750811
21040000,5.2860293
16154699,5.324668
20300137,4.361745
8604838,4.7230124
14902428,4.7920694
14789270,5.4593754
8014683,3.9546359
20960666,4.6528635
17117146,4.283383
6246010,4.1047754
13547722,4.2121453
15181071,3.9617972
1728853,4.9355526
6956327,5.1297164
20552372,5.5222297
17544692,5.271694
14730093,4.1356416
10108385,4.4844575
115678,5.2655
4902365,4.1682343
5851586,6.4819703
2479036,4.3826675
1781697,4.9188843
10344740,4.294124
8401088,3.8980422
18396070,4.7951174
14369177,4.7858152
13729862,4.755479
18122550,4.709657
3831,5.307352
6993958,6.3698497
8144992,4.882238
10865192,4.0859876
20067,3.813185
13788610,6.2591724
14773215,4.7354617
16738648,4.5128684
7180020,4.2798038
15999289,4.551673
778520,4.315094
18181848,4.6420107
14595984,3.9274473
15769652,4.6104927
4725251,4.540389
9540114,6.0596538
15156627,4.525509
1928961,5.250481
962045,4.5455985
4567815,4.591538
13621242,5.2200546
13398011,5.126835
15420623,4.5226645
19440004,4.9599137
15266217,4.264207
1475631,5.571
10231294,4.145541
10514879,5.94097
2533733,4.2034264
7659968,3.9092414
6005910,4.9976807
17780857,4.3294024
12147636,5.4163837
10090801,5.1881
5211190,4.5224943
1065682,6.3825607
8069112,4.557345
9043885,5.310651
19803002,5.134022
9122590,4.421553
13372219,6.547565
4897595,5.6862545
9950115,4.631579
15771327,4.376976
16004081,5.790571
13327656,4.7156754
11373407,4.446788
14094485,5.187391
18544745,4.0723715
18778262,4.049502
7636406,4.7087326
4704939,5.657376
21039910,4.868723
20979364,4.208021
18091991,4.3209834
12541764,4.0985446
16671880,5.351597
7245413,5.0502057
18474596,4.4189577
16706877,4.746417
13494185,4.5646973
6748124,5.206742
5801640,4.7578297
18609316,3.7095566
3112872,4.7078576
3712689,5.760134
3874870,4.6244226
4076809,4.3534913
19154108,5.2332525
15114493,4.6908774
16190811,3.6895092
6611380,4.766106
14353375,4.5108213
15232909,3.995231
12971215,5.183858
4624582,4.6871142
4025357,4.2222137
13899012,4.9534826
4070025,5.0746765
7327833,4.0384417
8739642,4.6168113
7842397,4.6504717
13226896,5.323284
13957499,4.7511997
20147886,4.2590857
20503443,4.1137905
4803406,4.5579996
17252944,4.3363132
16694573,4.821305
17287731,4.537494
7912908,4.1995535
18737235,5.205009
14450268,4.075254
9609246,5.864274
54453,5.002691
3143838,4.478866
6635849,5.4256186
18159292,5.1177444
18311504,4.5044727
18717913,3.954477
284855,4.4395766
14651268,5.0950174
13883093,4.2210827
19883952,5.206013
16405789,5.010035
15453452,4.845871
8201629,5.5375257
8664248,4.1188345
37466,6.0232925
17992509,4.68868
14883431,4.2796645
10789325,4.8134956
14538023,5.9213295
9146709,4.3884635
10193005,4.408997
479402,5.216008
19696952,5.0114274
17604859,4.9935102
19980277,4.213747
17096623,4.577774
18959328,4.6503954
17028480,5.595308
6979021,4.195463
10407748,4.5011616
9495238,3.9540765
13726629,4.532898
20873575,4.8545656
16400753,3.8936226
19847012,4.1961594
19093566,5.0894637
16810544,4.1883388
13436258,4.4319425
8864262,4.515477
14668276,3.8663325
11345707,5.6521316
15784150,5.1666365
2018602,5.104064
4924590,5.3184743
4869988,4.938811
10967698,4.4340982
16429385,5.6552815
19017889,5.574697
14040844,4.886866
1534717,4.6574974
7664939,3.6248333
12685643,3.379056
6155072,5.3255386
16324217,4.2666616
20957905,4.9863133
5317789,4.432585
15836515,4.1689286
10293480,5.23081
2197673,4.2003922
2685701,4.357357
10364566,4.2225575
21094349,5.4946866
10368509,4.6750307
18489510,5.209469
12365899,5.078607
14507693,5.0630093
11283386,5.770478
19190170,5.638551
966104,4.6139555
7887979,5.255704
10186688,5.2733574
11740802,5.744461
16685246,5.726662
9758378,4.4264503
4985299,5.3483124
12569216,4.7430687
10937904,4.619409
3474011,5.0042224
5110224,4.8743944
13961352,4.378777
15376744,4.1315527
18077828,5.458488
12399984,5.7235785
17303808,6.1324983
19713169,5.1710443
4901020,4.6010222
16339175,4.698316
10300392,4.332678
16312874,5.307301
18488648,4.743885
8071687,4.3540144
13495459,5.094437
19429202,5.1614637
11756364,6.112337
13914785,5.7331185
7470216,5.0583615
14314562,4.6669745
9078998,4.032959
12950979,4.5027204
18431451,4.1486106
20816621,4.845657
15957549,5.244897
521516,5.2151203
3708548,5.017123
20320290,4.098899
19332287,4.1004367
10905801,4.7995467
4520661,4.74709
4157431,4.2202005
17096028,6.6104994
2128052,5.3336267
16177678,3.8704252
16858141,4.954041
16111651,5.149387
19192689,5.570807
4077744,5.631298
20321714,5.0109415
17593467,5.0046144
11531324,4.1263547
10186477,4.29695
17510907,5.061577
8907617,4.363187
2440020,3.9008374
2282085,4.7621536
4280118,4.079136
5919184,4.675942
17300316,5.481111
18636064,5.93475
9542976,5.141447
8987462,5.3143334
18649786,4.1162157
11256610,4.149517
15196542,4.311156
14948032,4.3418345
10151174,4.2364116
34000,4.8033104
4907206,5.3662295
12712570,5.261568
728585,4.4920087
7914129,4.8129334
3242622,5.420903
18928562,4.5185604
20848752,5.0791087
2708262,5.320252
12249461,4.3730826
6316976,4.9671907
3661168,4.651281
17592825,4.020939
4050765,4.9237146
3651300,4.429792
19122134,4.809486
19266147,4.420716
15532499,5.246876
13590080,4.3181386
13749278,4.9962134
12851607,4.199461
10024269,3.273738
6402712,5.402502
6799539,4.367506
12709938,4.6835465
18330871,5.577824
9487937,5.0822186
16580175,6.156859
16135748,4.5923376
15124883,4.179434
14139082,6.5746455
19953532,4.325073
18007671,5.1652684
6072767,4.574161
12826361,5.7141285
6054194,4.342817
1107299,3.884677
14242888,4.599919
13648548,5.287639
4967272,4.484343
14396094,4.335307
15196704,4.2743516
10516044,4.95011
5201068,6.1190815
20785273,6.338265
3182652,4.3396573
16086759,4.327301
12324758,3.9560528
13247463,4.059309
16556579,5.459853
13770780,4.1823997
8352853,4.870619
11662212,5.972173
18611565,4.87046
11692704,3.9544563
3361558,4.3428464
10886532,4.7147
3986991,4.858696
14041036,4.700099
1277955,4.474237
1510906,4.51326
17271427,4.2702866
17554656,4.5992026
16572428,4.448115
1270324,4.6622605
9921886,4.649672
1939655,4.296854
12345672,5.458861
13617047,5.344257
3102139,4.4494853
15701479,5.4143763
8420533,5.337704
4277846,5.3082967
18719421,3.259707
10930490,5.1230793
6730602,4.8955274
4165278,4.6001544
12135691,4.2100315
1863279,4.306455
13445027,4.170355
8099249,4.857803
753761,4.187207
6822921,5.1059456
17191052,4.0288963
7275273,4.4773574
14221294,5.0844083
13169181,5.931892
89427,4.3623047
14359799,4.5281987
17384377,5.278485
1280412,4.4109564
18274764,4.032754
13901477,3.9078267
18543400,4.529137
17975014,5.1338305
17665148,4.3983235
4423814,4.8681664
13055000,4.1555324
1824965,5.3496475
19656924,4.899149
7244258,5.1744184
652882,4.181278
16087679,4.7291155
6033970,3.9677978
1370927,4.2511225
9339734,4.5866776
16191241,4.9259396
19453533,3.777534
917102,4.5701303
18560321,4.815201
8539956,5.0080523
15584456,5.3079414
20237485,5.136469
10014571,4.7132273
15203372,4.711934
10920578,6.231609
19242128,5.140369
14089748,4.458558
13562013,4.8552833
12356873,3.6652424
15509470,4.6142206
16004977,6.22995
16340798,5.663527
7696843,5.184148
2356562,4.41876
6884509,3.9579995
15484398,4.96961
18617586,4.695948
15644644,4.8290615
420001,5.2674623
20073427,4.890206
16322481,4.750746
14714645,4.13232
18076117,4.3017
11861063,5.877322
10107155,4.2096095
17558802,5.7763333
18025927,4.586358
11373510,4.3532524
5152321,4.719037
20670534,4.223673
3664953,4.035047
8648818,4.6627812
13580835,5.424999
2094250,5.1886806
16398079,4.535209
6091945,6.4465137
17900683,4.33092
12094266,5.0602818
15784918,3.8265538
11335847,5.2235684
8646903,5.1098795
16275886,4.8757124
15501889,4.535305
16813000,4.4295654
9753165,5.828345
23363,5.8669696
18476252,6.5318108
2366509,4.4712973
13644370,4.593628
14024180,4.426987
11608489,4.169968
14219541,3.6750886
14961073,5.235062
20009856,6.0596642
18892465,4.9544225
14574198,4.626029
18080117,4.12977
16900951,6.045058
9243093,4.983874
18037270,5.1499743
7361763,4.5383706
16043202,5.129577
19655359,5.453757
568874,4.196695
4879727,3.9916596
12864508,4.290236
17320280,6.1891603
13940713,5.83129
18520554,6.1793685
399946,5.066849
15522134,5.6568274
16314114,4.180966
8148031,4.4618754
10749998,5.228639
16724525,3.3217103
604204,4.0732
1465335,6.7394195
12253343,4.0526547
602036,4.433654
13770680,5.717983
15148551,4.8094225
14870364,6.1754804
9030119,4.51637
1138052,4.0907545
20285715,4.2723737
14946599,4.496819
9597031,4.0224967
16364879,4.6058445
14322678,4.0719795
13427044,5.0567265
4593609,4.6222067
1324467,4.7965283
5627396,4.754556
15874299,4.809302
20875857,6.619381
2082328,5.3208985
18213280,4.748382
13282180,5.052839
11800968,4.7424808
7535788,4.626736
7435577,4.511968
16379917,5.118387
11680306,4.1619873
16351045,6.1659265
6225968,5.4083643
18796195,5.095824
9277635,4.1747026
14767159,4.5409217
16453238,4.8166385
4436703,4.7237535
9532048,5.6818223
15437506,4.8064804
11922333,4.2486305
6435498,4.0479565
16693638,4.7870126
12230289,4.9588523
3586141,4.461536
5278739,6.194303
12271247,4.7295628
17809649,4.6047273
2203154,4.783477
8941317,4.20472
6577697,4.123182
5153022,5.07941
14946743,5.9085417
20406627,5.0124736
328988,4.9251695
13031663,4.12086
20277675,4.205688
6260442,4.5550942
5049541,4.5379567
13491473,5.268642
16040602,5.015588
13731015,4.4607573
51533,4.229817
10222998,4.408818
12969857,5.310901
11188059,4.7720766
2154686,5.2876635
14869306,5.0237975
16465534,4.3676114
11046443,4.672596
12135364,4.2036176
14744425,5.0272098
14713170,5.107846
8308059,5.4098225
12522024,5.5440884
9376,4.7419844
16964513,4.961167
1763699,4.533489
1083256,3.796447
19386444,5.476013
17367151,4.5979977
13567393,4.659661
1205516,4.599706
16086949,4.5011144
5750298,5.1495366
15399516,4.4383183
14661973,4.264442
618477,5.6293306
15009556,4.6501927
133910,5.270276
14872031,4.5367665
3771845,4.225357
16847127,4.0450797
13204320,5.1424813
17978765,4.846765
16163323,4.1035156
3308460,5.167755
15884479,4.9015684
4243896,5.72438
3751630,4.7557764
5432930,5.4571915
5558823,4.389922
10052920,4.18133
8922699,4.101193
5205377,4.2426634
561769,4.3956323
18053271,6.108888
8701573,3.8144286
16352966,5.498693
14469747,4.7481246
19980048,5.4018536
16838101,5.3097315
5328459,4.1307607
14485372,6.0420017
142069,4.469934
6578356,4.5236936
16491507,5.5065413
11802754,5.3935986
10501572,4.627894
14991454,5.0193706
5041165,5.413631
18923308,4.234917
3219614,5.179882
16230169,4.232847
13870622,4.444199
17070849,5.273202
5606587,4.65029
801387,5.0365133
13437296,4.2268534
16058787,5.130229
12884194,5.3059936
5465360,3.6170456
8272749,4.996188
20582993,5.44381
4586065,4.814606
16629299,5.281283
8953625,4.0893145
20533260,5.032253
18784150,4.6848445
8797061,3.898159
4100790,4.5362124
2546363,3.901138
15021484,4.135434
5631470,5.612799
5126039,4.44981
13652374,4.2029514
4446003,5.0102973
685364,4.63727
20264910,7.0878553
20421944,5.9625206
12854821,4.807649
20847913,5.237953
17547336,5.0922074
12904061,4.222507
9430983,4.064399
1328186,5.2247186
16125912,4.2364206
18227785,6.35561
6895270,4.974088
8798499,4.6125317
16162521,4.160358
2660658,5.009252
14121040,4.7973027
14967881,4.208638
19981374,3.890402
116551,4.288789
14321560,4.594697
15360914,4.952776
8109503,5.903124
17290622,4.2736564
17609785,4.830539
17193005,5.010248
13319605,7.0568886
3979194,4.7847214
16335101,5.2933254
10969673,3.7698934
17951580,4.8669643
6188399,4.1498923
12026577,4.8518314
15756479,5.2496
3011569,4.3737154
9028070,4.5523605
19073405,4.269595
9171955,5.0563006
11753116,4.506859
15323157,4.541469
14856378,5.1871243
19019187,6.0135036
13289834,6.0524135
18210752,5.4359183
15059273,6.2722964
16056317,5.095062
4767719,5.6798563
15982730,4.7479577
1053945,5.068256
16803176,4.4135995
15338005,5.242368
21119264,5.0459185
14297043,5.8766537
7356030,4.1807017
9318504,4.249067
8503628,4.893076
1137093,5.0175643
19603759,4.956235
13884992,4.0264926
10693146,5.2805095
654279,4.749597
19333253,5.8898253
12953158,4.1904526
13927922,5.468393
16613167,4.219132
8488781,4.9165626
3933311,4.2646427
14610718,4.994653
18997233,4.2698855
3946288,4.2063456
14235390,5.143304
17962862,4.6157646
11647490,4.136066
4775737,5.6706104
16001441,5.140665
421431,4.9334736
13825107,4.275562
8878997,5.526765
10753495,4.188234
10236389,6.4061384
9261523,5.091539
2326253,4.762543
18469099,4.666017
11980852,4.142016
13478903,4.8448005
1142034,4.3385415
932277,3.993535
7858498,5.0148487
15872946,4.1900754
16796076,4.2439847
4183810,4.7308106
4930683,4.144324
2560546,4.495435
17547347,4.162115
14071817,4.7455654
11722833,4.6355114
1204755,4.189519
16853677,4.7346025
21124198,4.202719
9048374,5.4743733
9735841,4.712316
15385,4.966591
4465420,4.322007
5364137,4.646681
14718960,4.67281
9511685,5.1201315
196010,4.6667647
13126399,4.5804005
4160105,4.2500033
4550747,3.8803167
11895033,3.9036386
17347651,4.1763773
7008961,4.4484625
4589379,4.1576347
5231014,5.4781666
20853,4.186055
1646838,5.401192
18433449,4.831909
499092,4.426169
14827566,5.416125
4098085,5.291335
385657,5.187063
10165313,4.8628864
8975044,6.0433583
596576,5.03564
17304849,4.600661
463042,4.89521
14338690,4.7823086
11968056,5.2686553
915372,4.72839
21172762,4.2064414
20864878,4.79092
6138423,5.074107
13529171,4.7890697
15486942,5.019826
13127603,5.2345705
12566165,6.2311482
13928916,4.8427277
6434105,4.693936
183334,5.16522
15799391,6.336978
8672280,4.40606
2514272,4.643007
1980197,4.3451486
17585869,4.5433865
6692014,4.9183946
6610244,4.1777864
4012933,5.141494
8304582,4.411123
16416330,4.517942
17583036,4.663463
4358956,4.8910756
12606724,5.1519785
6444303,5.039688
3591388,4.014011
16424378,4.4772124
16722520,4.448602
19100807,6.6284776
9900885,5.23464
12866207,5.712976
8757980,4.965725
10904518,3.6948605
13864861,6.0231276
21163530,4.463825
10155150,5.0765924
14106917,4.5730243
13660207,4.765002
15630557,5.5114565
11737524,4.079683
15650583,4.3248224
6491002,6.061384
19348868,5.424803
8918362,4.7398224
17284676,5.2952065
17210925,4.8487296
6403198,4.3988814
9922289,5.801337
5384643,5.0710325
17700561,4.179996
10947455,4.471879
16068953,5.6712713
1569396,4.752477
17685791,5.48213
13246042,4.204849
3577167,5.0614786
7248110,3.606191
5173986,5.618436
15952447,4.254676
13952861,5.137532
21042151,4.6843596
15256150,3.9380622
6729568,4.7208867
9776134,4.801694
14400814,5.511465
20412298,5.0490427
8668701,4.4485955
17312365,4.1900005
9549280,4.7876205
4787213,4.0342083
6882689,4.356623
6738524,5.1728516
5164213,4.001406
16855762,3.9976518
9092903,4.1096997
1649760,5.2022853
18561252,4.7299843
10226626,4.0542226
15992078,5.691618
12185367,4.681767
9388045,3.8420694
12904318,4.723234
13315375,4.7656116
18055862,5.742568
4241558,4.558439
15242218,4.5441685
5874326,5.0575256
16443343,4.204296
5655763,4.148478
13848930,5.897792
16542227,4.765025
13688278,4.597952
10228749,5.0144224
14239626,4.0978856
66456,5.726388
13813916,6.2921505
4982969,4.9611583
1966631,4.6125207
9995828,4.2612453
1212045,5.236124
7632312,4.678179
17532571,4.1400795
1150084,5.67329
13200447,4.9333053
11412913,4.513964
19366533,5.5024652
9043290,4.744729
20423624,5.585328
152263,5.034431
8469716,4.459313
17775465,5.151099
18790004,4.497734
16477061,5.170989
6400272,4.9741297
5397017,4.64378
15788373,4.084312
12275281,3.9559844
5093352,4.20398
4085362,3.889581
19622320,4.5341225
5384971,4.82132
3262842,4.5692806
18656798,4.2351217
15718146,4.2608747
11679128,5.5130377
20889423,5.2583
11649561,5.5458746
13769795,4.622898
16085238,4.7292376
17388024,4.3610325
14152618,6.6652174
6553185,4.8103147
16635769,5.140279
1935826,4.012227
7864877,4.4925346
66340,5.9765477
16829821,4.695066
9310867,4.555675
15146992,4.5246415
16443898,3.9275868
17892643,4.0679045
14996256,4.947099
4286181,4.7374125
9924172,5.4839625
8829761,3.518274
8132679,5.233422
7341529,4.2768726
4386598,4.8506584
12627769,4.2004256
14165050,5.88911
8848064,5.071959
900503,5.508616
16414140,5.3908653
7986398,5.1032014
18840369,5.3495846
6011730,4.74828
18812493,5.7470536
17748433,5.5845456
18652148,4.611628
6000894,4.4118123
4502834,5.440306
17447635,5.515203
14234291,4.9172745
13623188,5.0706086
20488907,5.1093917
82885,4.5421233
17419253,4.5817904
5649623,5.984867
20085540,5.0685406
3783197,4.3303127
8317914,4.9614987
14614422,4.8639674
12999869,5.140163
16675965,4.1592655
7837952,4.7453675
5395116,4.684205
18004512,4.5519905
9522895,4.236592
17991480,6.1252837
12272478,4.522902
13859707,5.357752
6767248,5.241856
17125057,5.072349
5769162,5.457886
4189551,4.0420556
8673754,5.083132
1467474,4.6404123
3697224,5.8245206
19720613,5.4080033
7280999,4.4605236
6885767,5.0210886
8921938,4.636666
19172876,3.9502048
13005013,5.3907204
18794243,4.3742466
10236473,4.9176846
18059853,4.4345937
13152858,4.5620794
15867304,5.792898
19455395,5.4791265
18459919,4.547951
15392868,4.9753733
8222831,4.908305
18179248,4.68325
644464,4.2483544
17376200,5.115211
18246550,5.0870137
6798322,5.194449
13732035,5.372502
4891441,5.09707
16310744,5.8324585
8844402,4.9266186
10988680,4.6177545
16026033,4.9095907
17944219,5.0295224
10819587,4.9084682
16331944,5.8852506
15256528,5.7952676
10252217,4.5906153
893720,4.3188076
8274931,4.912531
2629046,4.772661
7386838,4.422632
258865,3.8048372
7032396,4.983697
11825175,4.1510983
20308654,5.794761
14945527,5.259325
6776711,4.61136
3624905,4.5465117
13047673,5.1746163
13953906,4.2800164
13577375,4.142678
21162200,4.399369
3808230,5.271244
13312982,5.6863728
7728279,4.0966415
20607519,3.8375437
2361652,4.223014
8898240,4.2438583
3256419,4.6337366
14821263,4.853226
12174879,4.8022532
7988156,5.768423
13756069,4.2227554
3946018,4.1806755
13252464,4.0580606
9874794,4.5155435
15843955,4.4483085
2707819,5.9262094
794427,4.408577
11225664,5.2623935
7871516,5.503109
6051847,3.940371
16600533,4.873775
15059730,5.760983
270231,4.3594375
18476809,4.188498
14745471,4.6722503
3897387,3.9671586
2272343,4.993553
14459626,4.3263893
433641,6.1563663
12254958,3.811211
6939638,4.9325566
241538,4.773526
12252035,6.959911
12651220,5.3851857
3945882,5.6206
14633049,4.696635
2842766,5.531558
11774332,4.705284
17455952,4.737532
17281922,5.2091107
11680375,4.1044745
14732833,3.8790002
19788253,4.5594034
791452,4.707737
919955,5.333164
19652739,3.8700016
15237360,6.267133
13351616,4.6056423
9811296,5.0705514
9623722,3.8357987
18092175,5.106631
1676649,4.833346
10595000,4.6003175
16490116,4.5525303
11167381,5.228704
4430318,5.4406695
15086385,6.4716644
16782568,4.0841346
16025710,5.096077
13675917,4.6413336
5647069,4.495913
3907279,4.639956
6484651,5.784084
13172868,5.4995284
21005699,4.1303306
17376723,4.9551935
13717006,6.018058
13585591,4.7316465
17253265,4.6498237
9145242,4.2868943
14806604,4.5804796
18159875,5.0192804
5433287,7.0968013
16666789,5.1702995
9935949,5.2349825
20478011,4.898305
15116599,4.4055285
21024792,4.1908903
16219235,4.3924065
4013668,4.1468534
16311513,4.2385926
15521939,4.6908555
13275334,4.2677417
15356889,4.188634
13779343,5.9548635
8126679,4.9062715
3618480,4.120746
1646368,6.136319
732779,4.4392505
15859987,4.750613
13654048,5.995932
16486789,5.5204825
15299349,4.1402855
15255044,4.754056
20119983,4.0189924
15256248,5.1322002
13684217,4.504893
2481127,4.542521
13100579,5.66251
15142809,4.9409523
10124858,5.4468865
6482335,4.537517
15950510,4.7371383
1126710,5.000806
9393616,4.3765893
18239395,5.3536577
17876145,6.0415034
17922793,4.3127203
19745952,4.2526603
12832437,4.6869226
9909279,5.319558
14556501,4.6882863
13844104,4.0105743
11178509,4.9182944
18094452,3.9429426
1804705,5.6324725
4789751,4.82677
19415743,4.1843395
18061341,5.895794
6317750,4.690258
6557100,5.2531233
9652365,4.499582
4350120,4.2520084
3237529,4.209582
19831050,5.116501
9349110,4.9791985
15102029,4.906845
3866538,4.326405
6198321,4.301753
14185380,4.7979245
11774365,5.0942526
14301490,4.6366363
20015002,4.269265
12961890,4.490635
13901683,4.5070753
9452124,2.8252926
13742690,4.7225347
1957302,4.1964955
2835292,4.5480566
349265,4.6576815
17295495,5.1995397
7637363,4.7436204
16178930,5.099964
20201891,4.5088844
19472906,5.294217
9472009,4.877875
14570670,4.2146506
17653084,4.910313
14933057,5.075406
15927121,3.990818
16826862,5.043056
14950089,4.753906
9749320,4.573832
20055667,3.9416518
6292833,4.0662627
18111098,4.562285
6603830,5.0532346
4663371,4.4738007
5892794,4.3642135
5294546,4.2622623
20991704,4.4880137
7819704,5.066161
17380787,5.029366
13045944,5.302451
15841733,4.651912
11317703,3.8819752
18212415,3.7473302
13127985,5.3580933
14583482,4.658987
14290,4.998888
8772654,4.8154016
8727973,3.9203515
17626598,5.1898527
593292,4.1227746
14596236,5.261411
16079478,3.9745793
9496176,4.5676575
20191258,5.065793
20244867,4.4211626
5916234,5.1046777
522089,4.475775
18822021,5.5856714
7366839,4.940195
12989766,6.0465636
9365259,4.6080713
6690014,4.2726607
14278303,5.131426
1648624,4.8184733
15852228,4.2732763
2719792,4.510594
11677358,5.8507566
3835633,3.2496214
4174951,4.906605
6821346,4.592411
12836245,4.0956106
19642407,4.599985
6661358,5.0174646
15517755,5.425878
19736961,4.1096044
17131099,3.6743948
730842,5.752612
67672,4.8322883
566016,4.3303137
5933532,4.664531
17845659,5.54895
5857515,5.264962
20943640,4.8757324
17777189,4.7799945
20937163,4.7808886
7024474,4.7179747
1178231,5.021559
12599820,5.2129116
5970112,5.540708
18431338,4.7041726
18180304,4.7495856
3506751,5.2136493
19038174,5.4918494
16618613,4.1503835
18288469,5.492623
15282690,5.2992415
15962240,5.7806263
13814087,4.799756
20813737,4.6004086
15112976,4.4749956
6657691,4.6920505
8878181,4.669129
13326731,4.1460176
16811881,6.1557755
13282354,4.11763
19807164,4.477327
19859697,4.7968106
13295386,4.2733803
17703050,5.3048515
13466172,4.5523705
9022972,4.968919
17174524,5.319852
17366682,5.2752
4463795,5.0987077
13637050,4.252337
8719005,4.5841975
1878642,4.254068
16707718,5.145952
21045857,4.2813005
13329001,5.6699266
14107069,5.252729
14315100,5.2284436
19364007,4.6856303
12804379,3.6420753
17364530,4.5485525
409293,5.9039593
15478415,6.2056518
8906263,4.3085575
11907664,4.7989974
19291776,4.188999
1831227,3.8627503
19947892,5.0359526
13743298,5.0768867
4499340,4.09459
114401,4.3607335
16724393,5.2653327
2501531,4.077007
11038415,4.1687126
453315,5.7067394
9548756,4.6320558
5136242,5.315713
13903497,4.971495
19610265,4.9158955
5172775,4.978641
10054217,5.177193
20630578,4.550559
12359191,5.2140703
2476761,5.266977
4004242,3.964434
18052374,4.1534605
17764431,5.2782483
20947811,5.040728
4831691,5.4146767
15057599,4.8858786
18880325,4.8035374
18239316,4.153749
19672975,4.4245086
16740058,4.4462376
6845926,4.0517716
9766228,4.36485
13209514,5.0026784
14655328,4.667467
12965538,5.414022
16556794,4.909691
6388667,4.353245
12496118,4.664128
12863594,4.6863995
17667427,4.0710125
6536719,4.2227974
9901614,4.0881243
18154971,4.5584483
11743564,4.2087536
164946,5.5697823
16376122,5.68633
1740537,4.8339047
19659874,5.1461496
18564012,4.8744154
2008966,4.160112
8814166,4.4582973
1421671,4.602089
17892622,4.3024683
1219615,5.5481105
18979278,4.654115
3670,6.267219
1484031,4.3406434
16810190,4.8954916
17766955,5.790371
18838712,4.588458
21122097,3.28821
16164802,4.106827
12913879,4.9212813
2017397,5.083878
14518405,4.109027
12932748,4.2009563
323635,4.701139
3240016,4.7230597
3012660,4.479363
160952,4.379516
644835,4.1078496
19800814,5.5274196
166541,4.1029816
867220,4.103216
15025291,3.7861648
6410167,4.1721697
7895157,5.273226
17529751,4.4262304
18312523,4.776387
13883020,4.544979
950208,4.8681703
13393650,5.2746034
16805644,3.5079205
15989526,4.792864
12218935,5.094707
9594568,5.8332977
8740534,5.0843267
16974771,4.708365
6886174,4.3457828
11437378,4.0998435
3251148,4.4125066
13884161,4.3845716
850943,4.811739
695216,5.181506
13117034,5.107891
15899550,4.367514
1633420,4.296315
1521318,5.617668
16709795,4.708788
17731452,5.0991616
4594699,4.304951
18178745,4.918178
14359256,5.4933224
14693456,4.496926
16439763,5.307047
3433356,4.128157
15853679,6.171917
9777669,4.995864
10809412,4.615436
540131,4.936475
606555,4.5897017
20600357,5.3863196
13467518,4.138033
1878529,4.0380554
8050601,3.9020805
9414160,5.1335726
15520566,3.804884
7534891,5.599112
16321028,5.1267204
13142351,4.609838
11067143,4.4730334
702166,5.085471
808705,4.7452807
18637999,4.0374947
6764653,7.3355827
15830578,5.2144647
6446115,4.168309
13728259,4.64047
19183698,4.7141695
5860503,3.9311244
9853884,4.140939
2738331,4.6947613
4127402,4.2250204
649878,4.7729588
9300693,4.496018
7183072,4.119307
18485393,5.226656
62891,5.936506
7204547,3.7241678
10862065,4.42348
18960888,5.1194096
20542510,5.2564774
20746481,5.008139
8311923,4.216854
17404093,5.617471
2412813,4.26187
16147597,5.1378155
20540204,4.553573
4634946,4.166598
3249317,4.2200375
11871206,6.2996736
113092,3.945089
10881719,5.0278354
627505,5.586043
14313481,4.971302
14914810,4.137346
3509280,4.986946
11261796,5.8874874
18875814,4.361688
10148581,5.4605246
9277671,5.0019884
13424903,4.4140444
21093522,6.3865175
13192574,5.54225
858223,4.6762114
20493930,5.7935696
20187293,5.4805584
15327483,4.992471
11714338,5.201589
17718891,4.6614294
16387780,5.8213673
13270663,4.5209203
20558461,5.012561
17477721,7.2157664
16447567,4.2282453
14805001,5.1611753
21162873,4.2684984
13431995,4.1281548
1624933,5.566893
11520561,4.521905
20635939,5.2993326
4845155,4.246319
20774531,4.7072515
1865121,4.5782948
13098348,4.677514
6278513,4.9419146
15361994,4.5773044
3263219,4.2549086
6555586,4.4862533
20084490,4.654632
6134867,6.2482195
14825146,4.598518
1056430,4.39464
2170618,4.638624
13879965,4.8335633
3721927,5.933891
16965097,4.017256
11157580,4.5402
19057018,4.3860664
15006226,4.603271
17078010,3.855485
7785952,3.7737176
12282345,4.1752615
1847389,4.7050524
8868554,4.699257
18174966,4.7609897
6516295,5.6322966
13794174,4.4108505
8793569,4.925487
13685771,5.294045
1612702,6.0938196
15208293,3.9993646
16383008,5.1365705
7650787,3.9462984
9685085,4.2210636
17826411,5.036612
15552245,4.6227536
6799999,4.944445
17430696,5.2705092
7149657,3.6101515
581118,4.983144
1026531,5.3483768
5319003,4.581979
20815590,4.295666
20398739,4.768174
3343907,4.5632005
9048538,4.88915
7214586,4.098949
1819115,3.9574335
2171504,4.6525903
16227540,5.5642996
10124343,5.262557
18060123,5.066069
18505469,4.5584917
5069803,4.603278
19746513,5.9429913
248799,4.8613935
18585546,4.0385613
6591408,3.444055
19788473,4.6515207
4208547,5.1375294
19878234,5.2030077
12324124,5.772779
5098674,4.3733416
704025,5.294174
13332363,5.8621335
20654216,4.2539573
19982327,4.7977767
8596320,4.9695287
624301,5.3475523
3765357,5.0153394
20173955,3.902368
1854375,4.209461
9213338,5.7722373
15099669,4.6159387
3467175,4.562941
3970755,4.23058
19530066,5.5183954
11676920,4.5758314
12696236,4.825714
4867092,4.741071
20279823,4.683563
1994574,4.189151
14238941,5.225589
61333,5.301323
10785957,5.3376374
12129295,5.36542
4442539,4.1156526
19609919,5.223629
15178156,4.4206266
7819250,5.4898405
18676030,5.942185
10789339,4.700057
20663443,4.7363024
18506460,4.571464
6142960,3.7589707
13744765,4.2020345
653865,4.7495317
15408986,4.684961
6184887,4.309435
6414342,3.8423622
4082062,5.411371
6031638,5.3527303
9318115,4.995777
17463419,5.5297956
1398969,4.682632
4208641,5.4435234
7770735,5.3430805
13842166,4.266725
13111973,5.159054
5049575,4.5002832
6316666,4.3065047
18770614,4.181959
15808176,4.33983
14610183,4.666776
14254319,5.266595
9594397,4.781534
7760545,6.092688
17755473,4.5878487
11399637,5.31261
17669450,4.960411
10033976,4.6646285
9810237,5.044933
18489018,4.5457926
7843345,5.0541015
7827072,5.1499014
15742423,4.9157724
4296391,4.420427
2000156,5.5138054
15719302,5.1354504
16929328,4.782169
8722853,4.3907804
17720095,5.370925
14058929,5.005001
802498,5.6086
198135,5.4030495
16587707,5.3298473
1914160,5.3799324
5984767,4.972417
4716349,4.178304
3624653,4.930461
20523304,4.8723135
3534897,4.246802
7987209,6.2928424
166006,5.3055778
7733862,5.0247464
7048195,4.1463075
630062,4.759416
8663947,4.817895
15553730,4.1726813
16587610,4.1835127
10435379,3.001226
20750965,4.796638
2256519,5.1849575
19387941,5.1904635
16438613,4.2859526
16904896,5.3824515
14231792,4.088726
15252636,5.037858
20525761,4.9358106
21023888,5.571318
3563679,5.522146
14423626,4.5097027
19364590,5.707883
8155037,4.594514
3083951,4.294996
658366,4.9443607
17764680,4.8886566
19134150,4.8628283
1114466,5.500248
400984,5.093261
14389026,4.7042027
8390906,4.283752
16120067,4.495677
15649031,5.0614653
16457514,5.8034883
912663,5.014027
1089293,5.43074
1726243,5.461049
12455401,3.9757857
17520753,4.7723584
5116726,5.7025437
14919883,5.5876784
11754673,4.5574617
7321054,3.83651
9022119,3.8237178
13654352,4.1474986
13412207,4.78504
8351923,4.777743
7048331,5.42839
16098282,5.3269434
19907678,4.2145805
12693640,4.9863296
5726103,4.444197
2268203,5.084086
14926698,4.1576
17830985,4.5247054
14473036,4.4210067
13575747,4.27139
17827996,5.254487
16322236,4.8316426
12159390,4.761426
15432445,5.313438
6397592,5.9228354
9238840,5.2107882
9300708,5.29095
16558799,4.480385
17421771,5.2663
16177666,4.7383437
808841,4.7002096
8633878,5.1778207
8071757,5.466759
9091944,5.1336145
11556005,4.2058325
4482913,5.159423
16122441,5.7834406
2823227,4.5076013
9092270,4.64373
287539,4.5303864
4088890,4.359048
3042598,4.189815
20812387,4.6195655
10850008,4.5142527
19271500,4.7672367
16189987,5.0776625
4859903,5.1369734
20919726,4.318846
13891181,5.538132
11891142,4.8173766
14095224,5.092506
795769,4.9643283
13604805,5.256621
10477793,4.6520476
8719948,5.1779313
17321172,5.4582887
7348248,4.7549577
3174730,5.100849
14839830,4.5504007
15479598,4.103453
20555538,4.1549845
12365502,5.1763487
6018589,5.5262427
4204367,4.461995
6836332,4.218353
455828,5.1426535
1170157,4.4869285
13689384,5.2017326
7306633,3.6356602
772892,4.210376
18111577,5.0212297
12606676,5.0743074
1408588,4.428577
1330056,3.918331
17989836,6.2053256
17331725,4.6975822
10106768,4.8545957
12906552,4.279576
5423486,4.6521506
4339453,4.3105636
17142400,4.84765
12428533,4.792481
3104167,4.3346286
14217987,4.756206
16311616,5.670776
15673487,4.1194344
19777412,4.111685
3666709,5.1978865
6391569,4.7832065
12918424,4.8224773
17226607,5.902912
20451669,5.657546
13337377,5.3151574
7938594,4.75136
10053592,4.27516
20667471,5.023831
619122,5.1665597
3360707,4.7164626
14806134,5.7186437
16415297,4.040398
17113174,4.1698465
14299472,5.3958097
9562343,5.022
19251655,4.7131824
20302205,5.4431214
3237052,4.6641574
20064794,5.5382314
12871708,3.9152837
2152612,4.49914
18913001,4.949664
8704429,4.275892
17994900,4.748916
4822057,5.203418
15894343,4.00863
20722794,4.6185894
1107730,6.3833275
16124987,4.214025
3722574,5.3717375
21030077,5.8634243
18484976,4.273788
16597324,4.2939577
11345105,4.739492
6671805,4.6921053
17493147,3.3472655
3820516,4.4208164
4051584,4.0810432
1143727,6.3649745
20624372,3.493159
9133627,4.4108205
17593796,4.254465
5213767,4.470386
16385586,5.703639
5124772,4.1756854
15772473,6.4445124
9425087,5.02127
19190476,5.0453324
17733528,4.930894
14182963,4.7965984
18942870,4.9215775
64365,5.4235325
15955577,5.3274813
12243431,5.0843854
9136041,4.883791
258803,5.9387116
17746766,4.193698
4840841,4.381591
15313510,5.8827357
16316451,3.7324066
9390565,4.997721
14070967,4.5471435
17457160,4.1021013
6677839,4.8723674
9614922,4.555476
18489581,4.312657
14233670,4.706608
18793901,4.5601625
16254327,4.0437098
908911,4.506783
15162716,4.396462
17656891,5.808611
17762733,4.8144956
9411562,4.505991
13770768,5.1201396
9684366,3.9970694
15121740,4.8872485
17539967,4.563877
10127022,4.4574356
14094082,4.130527
17828130,4.368157
8921611,3.9770098
298909,4.666939
7067466,4.8922706
15207202,4.715599
7358905,4.0659304
12295920,4.603879
484297,5.1527114
20211217,4.8628087
732944,4.033705
17416712,5.1991606
18898296,4.065004
16859716,4.69285
12855005,4.165229
13060476,4.9796863
17945075,4.391921
11100490,3.8629746
16114159,4.3789783
18614596,4.4948497
6656441,4.393134
725300,5.2012386
16594414,5.943558
16468919,5.1167336
6789459,5.148917
7499848,5.5146422
17140554,4.440758
8115938,3.911715
5692492,5.212212
5433367,5.449833
13393782,5.1817436
7843320,3.649794
7747636,5.2960176
15230846,4.9692283
4936627,4.7349434
2483191,4.490897
7291036,3.9910707
14935064,5.1051097
12605864,4.8005347
1466627,4.153953
7321150,3.8973846
11542467,3.7863605
16479217,4.940664
12020409,4.2758737
6349146,4.9385953
18655886,4.472081
13573310,4.3193564
21138554,3.8886392
3751832,4.8464026
12073174,5.318165
15902352,4.958731
13185882,4.738259
6987792,4.3985624
15454216,4.768804
9493324,4.599961
11202286,4.6302247
12678105,5.0877266
6116718,4.338024
2284454,4.7739096
9646874,4.870033
13652157,4.7557836
7599096,5.46819
17972689,4.2760687
18238501,4.148667
13376968,5.310244
13656318,5.2571616
11868315,4.8539934
16580,4.9089646
19674542,3.8461626
4431776,3.8628783
8043854,6.234973
16367261,4.4836755
19309355,5.189661
15098476,5.804735
20124537,5.072061
1259671,4.666023
8486946,4.839566
11902812,5.6466236
14254221,4.186391
4729165,5.293116
15061032,5.3599815
8846781,4.318407
4789130,4.383661
16742855,5.080605
12490111,4.2765117
17382281,4.370561
15821240,6.1890416
19376491,5.1895275
12902467,5.0388126
15858046,4.6170325
3042315,4.8200564
5979675,4.586429
17173280,4.6937
13640771,5.0587263
16002841,5.0588813
16143253,4.5803537
15274477,4.7062373
11885653,5.4533105
18094438,5.0985556
18580167,5.673882
12366845,4.5656223
16528086,4.033332
20141920,4.665469
7402303,5.05271
15085230,4.2576165
14522062,4.654504
10497886,4.840345
10676501,4.843387
9189459,3.878718
4916080,5.490914
15037754,4.641942
14506323,4.7848873
2543231,6.255791
14216909,4.6216173
719329,5.2154136
5688839,4.27852
7726969,4.812942
16844259,4.7968082
2310050,4.2223115
10056082,3.8016317
12174430,4.412596
18907588,5.703602
16013636,5.103316
19873067,4.5095253
16725978,5.324517
1144316,6.1678367
6993846,3.9283264
16377238,4.689915
15273279,4.360604
10631203,4.20497
20353738,4.84661
13560179,4.60488
13466210,5.3782315
14203955,4.1503215
11009529,4.1543694
17545676,3.9416065
4121947,4.461437
11742451,4.2410593
13251869,4.78278
8906797,3.9860487
20947287,4.861787
3953954,4.0760274
8514448,4.235647
15396683,4.0959754
10721986,4.2584276
18183157,5.430135
17287635,5.281663
6262536,4.866941
753446,4.27108
10295857,4.71328
13312655,4.4628625
9853100,4.132436
13914201,5.3589125
9426406,4.7101226
13164658,4.7203355
6466935,4.2675014
9596985,5.7227755
20319073,4.179462
8886292,5.3321567
11757376,5.3017054
13694692,4.302417
5785980,4.3300653
4785941,5.7891355
7252607,4.5232415
20601868,4.7622924
7837072,4.4603095
15770540,4.365194
6660461,5.0104733
18596546,4.260976
6154274,5.9370437
1256778,5.1343865
9281146,4.2807126
7328712,4.973819
11141265,4.5312943
3079929,4.2278047
4737529,4.1779504
20548992,5.057044
19503134,4.707097
17346013,4.8731427
10391455,4.7931185
4449489,5.0889893
12169862,5.0643845
14658952,4.7494736
16976980,4.5579925
13398879,4.1084623
18528497,4.1837335
14370839,4.799568
18854380,6.1213284
2391204,5.049543
20944775,4.8387237
18094571,4.5149503
5725154,4.322714
7329068,4.959767
13020279,3.9465175
1080947,4.1476707
10959278,4.3605294
16219145,4.610037
9255728,4.760206
17737925,3.9287944
17365580,4.380983
4086328,4.3514166
13997792,4.4450536
15605948,5.979746
9921249,5.100667
13117253,4.7643414
13374172,4.303204
19954872,4.2743006
13751380,5.4596157
5638991,4.980494
16285937,5.402954
2115777,5.3507514
706347,4.5961823
17863879,4.4007382
11947606,4.88455
3011412,6.820595
1885826,4.372582
20260218,4.7511783
6901401,4.247103
4637928,4.3598695
11034368,4.7252593
15885355,3.9863667
1448298,5.190294
503529,5.477859
2238030,4.011014
9864749,4.451276
489979,4.646621
19412631,4.783743
12345325,5.056092
6975132,5.823797
17406465,4.5897927
16231265,4.3571253
14198486,4.3459926
4875342,4.363874
21015697,4.3757863
13048403,4.279201
13264012,4.8172126
1377478,4.9461823
13122161,4.4368424
14416275,5.0265875
9393134,4.420709
19475815,3.994937
11244921,4.183458
3937134,6.7028756
4550557,5.7199883
8635964,5.3370357
6810199,4.6621304
3783099,6.1270485
9049034,5.821562
7024342,5.2821393
8241088,5.4455485
1622172,4.993234
8581778,4.8294444
19593942,4.3373895
13594977,5.2764783
7386558,4.8779044
12404646,5.240679
15086497,4.536376
20737730,4.0547285
7748135,4.866245
11753167,3.9611566
11390664,4.511713
17997772,4.410786
202273,5.1927366
20562619,4.168656
4302970,4.5488143
10911819,5.597686
8133752,5.14138
14111390,5.283442
13927971,5.173965
11568447,5.138578
2237495,3.9179108
13070157,4.48783
11875575,4.5980415
7072363,4.071296
18715053,4.4077754
1598403,4.7456603
20426620,4.335601
862947,4.004465
10633441,4.5601325
969940,5.438735
8325147,4.5677524
16792257,4.944322
1774026,4.7424865
11024040,4.546916
5632961,4.5113726
14503905,5.1563506
18586421,5.53782
15665725,4.536907
15511681,5.076745
20174503,4.707965
311343,4.104621
4464418,4.776822
9786046,4.8962693
17498697,3.8011744
15303092,5.1659
20364129,6.2250886
13154696,4.9991217
21090200,5.152047
21048346,5.349761
19964852,4.1095014
4482726,4.4876075
16379081,4.3154764
2966685,6.6792407
16417391,5.464261
18110859,5.1282463
16052484,3.9148319
17944754,5.0747905
3642576,4.171892
1442450,4.645828
16971870,4.7396665
18961528,4.036683
16213557,4.100391
836870,5.2909894
5028112,4.9685388
855150,4.485865
8683482,4.989318
10116601,4.7013907
16586462,4.5217166
17237935,4.905811
7828549,4.995456
14921395,4.597257
8847542,4.627716
1125114,4.4320784
4812995,4.466754
13958990,4.753148
20976974,5.2144527
6215391,5.491166
1030583,5.1302347
15511129,4.3614116
5705067,4.462351
9006949,4.576989
13856793,4.616849
4752020,5.324945
16571972,5.9088216
17876281,3.8056333
11444515,4.629542
9174553,4.6953187
13667099,4.538151
6314972,5.823531
7090042,3.786071
7206007,5.2056375
11563219,5.252974
17477755,4.8481307
18399873,4.4308853
7478647,4.5602927
20420751,4.5234203
8992714,4.1319146
17015790,4.70792
8814479,4.2745953
506041,5.5334177
148201,4.1683364
17326525,5.7753277
19481649,5.419626
20038725,5.09037
19927877,4.344974
20247628,4.6986384
13715919,4.2126236
10666196,5.952688
9311761,5.225281
15954509,4.821768
140195,3.6854644
10858096,5.0958476
14122678,5.191499
11080278,4.2179985
10861804,4.1174
9461699,4.8487167
20754873,5.9263644
4317188,4.075559
13375531,4.367471
11476206,5.0504923
16899285,5.078184
14401326,5.2378907
7601652,5.11398
355527,5.702617
2194382,5.079643
9332324,3.9622056
18059800,3.8312142
11344203,4.162212
8035109,5.1675096
1906604,4.5287147
13494532,4.6395774
14049192,4.9830003
18225319,5.4052005
13687313,4.8446693
3006853,4.1241565
12864942,4.507739
17944042,6.002512
18450117,5.6543264
2459132,4.689732
3281853,4.950106
1901823,4.710343
13662370,4.688802
9778002,5.5193496
8499631,4.0863304
7197783,4.993922
14186170,4.654858
6784406,4.295429
18088856,4.9499316
17810208,5.273128
13436132,4.469597
1045052,4.171325
16844263,4.6214404
14836958,5.3693333
867555,4.6407876
14501921,5.0667872
12151651,5.424916
4587554,5.029555
9333675,4.2586846
17863283,4.776371
19876501,4.38298
3614773,4.380404
8089812,4.3222404
11343196,4.259023
4849266,3.6523747
4735600,5.6309996
10072750,4.1901107
1542571,4.54096
17476750,4.1596055
17528071,5.999331
10070422,4.6839604
4556564,4.0403657
12412817,3.8695095
9679278,5.5433836
14010670,4.6725407
12814672,4.3396974
859336,4.6744156
15954073,4.897955
5738018,4.1994123
14992259,5.637491
9737759,4.7614665
20829520,4.8520937
8866447,4.6673017
6225357,4.3773713
14570064,4.9350963
17303084,4.805541
269371,4.236313
1900901,5.203302
20646650,4.0979433
7690729,4.314198
19870249,5.1096115
14419512,4.562597
10344027,5.154007
10515185,3.4154027
5019371,4.156238
9603611,4.6537156
15859847,4.2743683
20935141,4.8585014
5783014,3.9374323
15444845,4.873641
6326767,4.7174435
18175476,3.416575
6759439,5.082108
2189119,5.4254103
18021286,4.808977
6438519,4.5643563
1098058,4.2317467
16175830,4.111376
3238355,5.8739853
761630,4.4610157
6793767,4.729353
461635,5.7466664
7324108,5.051624
19841164,4.6791973
3755474,4.8743653
17513537,5.4719496
2499596,4.462313
901797,4.966025
10720392,4.1738334
16146239,4.3510604
15148714,6.028519
16664979,4.340878
10563752,5.0724435
13487852,5.2761374
17106423,4.7445874
553862,5.4001055
16346288,4.653567
17843922,4.780897
16438473,4.705082
13226220,4.3855577
13084740,5.5480137
16269161,4.786567
2594714,4.461166
5629216,4.581974
20096166,4.823487
13140602,6.4038
13341570,4.4918957
13675956,5.88157
14219095,4.715406
14450829,5.1594896
16514018,4.6175723
6934249,4.7308955
14754222,3.2467895
4251439,5.6448755
14055052,5.7055225
1333431,5.757655
8496069,5.1212564
3600108,4.503327
16141267,4.0771203
4377221,4.9628134
15787190,5.360506
1091582,4.1305056
5883655,5.5467167
1132215,4.9573245
20583769,4.1029058
11909308,5.814948
3478624,5.214172
11397501,5.562098
4729854,5.1940813
424796,5.0951767
17700841,4.1992393
18196760,4.721756
14341006,4.02629
14302316,4.3321357
13609556,4.1713376
10829503,4.2181506
14094264,3.4477437
1843674,4.1284733
15889919,4.2376366
5126657,4.67584
8001293,6.548381
20961950,5.2345386
16135347,5.754795
14804950,4.799296
17048391,5.008801
9585020,4.937397
18286322,5.516392
4317681,5.1516714
11261146,4.3158355
13801290,4.1307607
17174433,4.542025
8628430,4.7853794
21110408,4.868548
18162935,4.516857
168263,4.328929
7917878,4.613302
15618325,4.69995
450905,5.203271
16000465,5.725974
9915643,5.765725
14237735,4.418966
10596131,5.27096
13704898,6.2025766
16353539,5.673414
13031882,5.4404507
8734601,3.9316418
1732805,5.3692317
20810517,5.25486
2501088,4.0659657
17702246,4.2333913
13802701,4.812466
3728640,4.860556
9366080,5.3967447
13772817,5.7505946
7094737,4.310911
14124,5.776705
15344934,3.8648279
2232649,4.727357
6100283,6.952259
13231678,4.96687
10537150,4.849426
846854,4.49535
2291457,4.51123
11568637,5.029654
7839972,4.2771654
16194375,4.053312
2895820,5.8954277
1732428,4.603779
16365915,4.9334545
12923989,4.590832
16837405,4.1233354
10083973,4.9348493
15419574,6.2960086
13762797,5.062048
11803756,5.75014
1797692,4.23903
14595567,4.6795382
17944817,5.1755114
7258864,4.1617336
2189522,4.34573
6912869,6.226036
15219146,4.640778
9175410,5.0716686
758815,4.397478
16242691,5.5009494
267652,4.660101
842231,3.892563
13800652,4.090248
15941309,4.1609287
3414607,4.545112
7328721,6.054997
4795029,5.396864
4419090,3.8037035
14593569,4.6711683
1970723,4.8399887
4388398,4.6847777
13651958,4.4516597
1606395,4.341588
18948947,5.3510823
12067883,4.4049025
13398442,6.034929
763600,4.8321304
3822048,4.2533216
12054152,4.232699
6462593,4.2010393
20350976,5.788672
20431834,4.407356
18043457,4.8932953
18387835,3.5839431
13275308,6.5154886
14264822,3.7856336
15908994,5.024096
7806682,4.7300386
17980507,4.6389956
7998947,5.5638537
13433817,5.1899896
16506199,4.7596555
20799220,5.5184216
9475648,5.772388
12678074,4.9677124
10907472,4.434177
7419159,4.781309
2101899,4.375112
12464982,4.648914
690349,5.5478473
55565,5.338186
16389801,5.909803
17829693,5.273416
13448114,5.2136583
16471274,5.237634
12760005,4.699588
198478,4.1063523
13355002,3.9126697
10799408,5.217651
14966583,4.67153
11755000,5.270365
1048688,5.118811
20624559,4.2342587
10683306,3.801788
17638871,5.781522
16003303,4.5644255
3354853,5.396819
14672201,4.3425093
18442196,4.7794976
17996373,4.849374
1407208,4.36994
1716843,5.1098027
9558425,3.8280082
4661383,6.0730705
14183139,5.52917
14043418,5.3253465
322800,4.1289062
13602723,4.810588
15563732,4.7944636
14656094,5.404013
185478,5.0008445
16616410,4.8709383
19471202,4.619522
1397997,5.08498
6373795,4.958025
18278857,4.446053
17996462,4.7443967
20310991,4.7635026
16258822,4.8875494
15602984,4.872317
1456153,4.8324294
9944788,4.863609
13550629,5.154032
8130913,5.325918
10083580,4.1589227
6102109,4.4814024
8583978,4.095285
4650123,5.042896
17384137,4.3828826
10311634,3.9028769
11613141,4.875499
5447420,5.0113335
13881787,6.014423
159811,5.933264
423300,4.257606
8811090,5.183951
13715075,6.5735145
18294238,4.1008496
18296232,5.0527453
3818815,5.162531
13190453,4.01093
8228206,4.783413
13417029,6.5770855
7227631,4.083167
11230266,4.841577
15469963,4.923781
7965068,5.3415384
1936620,4.7004743
3890435,4.9420276
9865901,3.4344451
4629211,4.1725745
15599023,5.0235853
19745324,4.6314464
1080980,5.099238
7015094,4.648133
19700561,4.486416
10469455,5.1548333
1759690,5.676305
2447634,4.883388
16392758,4.8006215
18210590,4.644465
19594536,4.2192807
725462,5.422146
16734212,5.3993883
1759060,4.6510563
11481639,5.211111
17213645,4.646315
16337106,5.0763197
8973156,4.8937807
722359,3.9544468
1417398,4.3543677
12176339,4.735028
9943776,4.264709
2074985,4.9130616
12957575,4.2477555
10654319,4.9163284
9168908,4.6893845
17610056,4.5199103
5191331,4.6466417
13619333,5.2560105
20381341,4.5739846
10859498,6.6848435
18791875,5.15645
16071149,5.620103
19608056,4.7251277
12173507,5.336804
7874552,4.4066153
7421361,5.521015
5002496,4.342631
15773903,4.230674
17481087,5.1958904
9691716,5.131131
14748244,4.4176264
16163352,4.4426284
9153575,4.386991
9807059,4.547196
25927,5.148563
16767257,5.267497
9049607,5.5249352
16475789,5.675467
9239987,3.865647
6694986,4.3075356
14795734,5.4054427
20641274,4.142734
15116366,4.226267
17826986,4.103424
8907433,4.3877864
19219988,4.0866847
12583093,4.484973
18403248,4.0003924
3969494,5.559922
14939943,5.530165
4137756,5.1329803
4881420,5.1380944
14139226,4.5453196
18024380,5.1434817
16353485,5.5399427
14836763,4.896804
699195,5.039644
13373997,4.4999046
14948932,5.804609
11844315,4.6819806
8388457,4.5868897
19575372,5.612865
13390780,4.198448
16943233,6.23532
1213991,5.9813704
10883063,4.1969914
20509523,4.9072948
17676493,4.6584306
8316068,4.339412
4873463,4.734021
17306086,5.099114
14042284,3.38802
4948327,4.590534
2075008,4.5885406
13806046,4.6310554
6020044,4.8130155
16848792,4.3065314
17593141,4.159042
14222061,4.0024843
7872617,4.571235
11830697,4.1219625
18565172,4.318049
1813962,4.163915
8238828,4.5348897
3147684,4.3527017
7151959,5.326174
14555547,4.587856
11620541,4.135607
7301460,4.930255
14109445,5.822869
412180,5.146532
2023847,4.5517917
9855876,3.9841251
5508558,4.4436417
6375988,4.044069
3116245,5.836638
15632663,4.277712
4323031,4.607949
16736722,4.328467
20873536,4.761174
13116327,4.5122952
10053032,4.9080725
8743712,4.673947
13064033,4.7610955
13493430,4.909302
15964171,5.344569
6277018,4.7112303
17255198,5.053415
14768563,4.0232925
5667261,5.1072483
640685,4.172435
13222796,5.664561
21170173,4.823365
6084012,4.346985
644666,4.1875505
13396509,4.4014597
854397,4.84018
12325075,4.4904656
21228356,4.004102
16597451,5.260266
2519255,4.535997
16173484,5.185256
19825552,4.733063
16050505,5.1035166
1544702,5.1228037
14680277,5.041709
2125999,4.576109
12647524,5.2938647
14058375,5.08996
17543053,5.4034495
18329122,4.642846
6633179,4.216105
9924449,5.2733574
8613935,4.655983
12170504,5.0839286
851927,5.5194874
18690750,4.028516
1821633,4.4323325
6168663,4.9955244
13951702,4.402842
10273251,3.835033
3368750,4.349917
1498852,4.175748
13397738,5.054102
13080617,6.541253
9234409,5.182518
4854768,3.8791595
7535342,4.01142
8257198,5.306891
12588383,4.843746
12388148,4.56996
17721005,3.9073992
15617231,5.1544538
3743036,5.6607647
7651400,4.716368
9391509,4.520417
1011449,4.603372
6748848,5.2544003
16704758,4.5214725
15805390,5.064736
823618,4.949291
14055082,4.6683273
5058010,6.125973
16719453,3.9769828
15086729,4.4040685
15585231,3.9727097
16476681,4.729416
13600935,5.2387204
17938180,4.0264344
13208233,4.579033
21056266,5.1259947
14330789,4.1493053
7027583,5.07327
7562552,5.478453
8011960,4.538271
16947399,3.9802623
14093225,5.073927
14880301,4.66709
9303700,4.5631657
1767215,5.407833
13761271,5.1061206
11923551,4.5139766
898833,4.666459
9775397,4.771418
14464699,5.2025437
11324531,4.7122645
6825131,4.1867533
9841191,4.6541195
4905337,5.0867796
3282248,4.360358
2757138,4.1215706
10022062,4.3709135
9561650,4.6194477
16259714,4.760344
16497347,4.39405
19037029,4.7980776
17849804,5.7720013
6506449,4.224274
5782032,4.804741
2314038,6.061937
14885536,4.8820558
12322999,3.8769097
16366956,5.648261
16259155,5.0704694
4775245,5.8147416
17762727,4.895518
9698678,6.015205
5548977,5.4000273
11922285,3.978102
10908309,4.3835773
12807929,4.718562
98724,4.3899536
20267690,4.072792
4586680,4.1059055
14911619,4.4966235
6450106,4.740974
17240976,4.997453
14037145,5.1883364
434792,4.7661557
13701805,4.342737
18253374,5.0652328
4474843,5.4314013
17862117,5.502752
3929317,4.8041773
21202475,4.259977
18543371,4.1701446
1448735,4.1274624
5242960,4.561673
10069795,6.416449
20897348,4.835052
8738711,4.0517797
17075403,5.1981974
2025452,4.6824327
17073633,4.5261736
13081900,5.1935124
20120920,4.9904494
6006768,4.2053947
16587678,4.753932
14071063,4.362953
13803910,4.820955
16658215,4.432817
18012316,5.5288057
765563,4.0103946
16243243,4.2067876
15890048,5.2281327
5164045,5.013334
17433994,3.9925518
7982304,4.9351482
14416791,3.8731453
15421041,4.878604
178740,3.9830406
18170996,5.150414
15998592,5.9376526
11006149,4.2406974
9854420,3.73066
17070796,6.0379004
14149127,4.186954
20617625,4.4960785
641012,3.9245577
20953307,4.497973
1984254,4.5212617
13057808,4.212013
3768726,4.8155084
13466633,5.3930154
20901715,5.0905294
18091037,4.244489
19543863,4.808971
18151860,5.265933
4339189,5.310755
11820938,4.633702
14358134,4.6390667
12363598,4.8405204
8897822,5.123534
1326514,5.1739974
13520598,4.0689745
2778030,6.2500386
14138800,4.6512213
12629694,4.7255654
3506410,5.167419
2262298,4.7283244
1956467,4.517699
18036371,4.959215
14533013,4.4506326
6689909,4.177517
10437887,4.120389
20033730,4.4948926
242479,5.2374797
8518486,6.103868
1899076,4.2786517
20010930,5.495063
14369923,7.0970716
15345,4.9578176
10765795,6.4006877
14388899,3.8011646
10906958,4.925188
18586264,4.267955
15238971,4.511524
16160721,4.8263683
18389825,4.21629
18071541,4.885898
1738415,4.318027
15497568,5.0575514
28907,6.440062
15463154,5.8028474
1557271,4.77246
10809063,5.0205774
4581577,4.972001
15937364,4.437448
9259176,4.405724
6850880,4.747742
2917203,6.012393
18450267,4.174632
16148036,5.8887086
4074248,4.556667
18472114,4.3190823
16639486,4.67048
8482324,3.813844
16663058,6.156342
17717465,4.1675563
6972163,4.484354
6575827,4.1246657
1875734,3.8352299
147876,4.581559
13955160,4.8546057
15728962,5.6705565
5308844,4.805955
4923718,4.01382
1742654,4.382384
20623854,4.640014
8013382,4.3876376
10575738,5.4870157
15852298,4.9924626
9645964,4.6704464
3095023,5.1665726
3721380,4.606243
20619087,4.438221
6808628,4.3384027
19243465,5.538189
14696518,5.1107745
2817315,4.090916
10107568,5.5374875
9129357,3.5452187
11224972,6.2383657
8983609,4.2994986
13031523,5.270828
8266871,5.4559093
18330069,4.3148894
3241858,4.5488167
12543338,5.0131555
15565610,5.700839
3703091,5.7882934
9199513,4.780414
5318346,4.1047196
6844436,5.150611
13184726,4.657872
19695639,4.937987
12007456,4.7924857
10383284,4.1381154
16899574,4.9906
18563913,4.9449716
5106044,3.3655055
11554255,4.5683765
18212287,5.4960384
19574415,4.1014333
17282945,5.3769755
5547802,4.4638743
12244218,4.4891534
13208683,4.233507
17801044,4.753594
11542455,4.007222
10747156,4.3413825
20070342,4.5396185
7389958,4.8719063
6411787,4.045755
6729054,5.05237
15501664,3.7616184
63573,4.1656013
8337838,3.918563
8994423,5.046596
12581749,5.7251306
9325979,4.259877
8647773,5.174215
640855,4.978185
5579147,4.082421
6402807,4.510635
4476302,4.221531
10037486,5.472412
2431838,5.352315
16337294,4.935924
20189858,3.9203985
15207013,4.6367626
20188787,5.6725645
14540453,4.298577
11506193,4.1316953
16528739,4.137574
19014320,3.9939358
12994130,4.577889
10527642,3.960317
673133,4.633871
14337001,3.7573833
15041272,3.6012032
1332249,5.1584272
703986,5.34667
3354484,4.54225
9395119,4.4083595
6151079,4.813596
20421589,4.3205986
11417694,4.085343
16573537,4.7098274
16053784,5.0686984
7207198,4.7660875
11356941,4.343079
5404410,4.7232203
13065518,4.645803
350525,4.3116245
20710110,4.8356566
17131494,4.1884513
19379201,5.2276406
16208166,4.18441
15620563,4.753217
14219515,5.0100884
10020199,5.629601
7728222,6.402384
13943674,4.981634
507800,4.0850053
11853416,4.213642
13789648,5.2928557
27141,4.404433
3493833,4.159111
17267707,4.5292406
14625676,4.919811
20292066,5.240348
14484206,5.687663
9530137,5.337118
9632737,5.4279337
978386,5.887474
9706199,3.9128034
4644828,4.1389003
4596475,4.504976
2888818,5.8273826
8809578,4.6054587
15125599,5.340493
13379147,3.7579732
9685102,4.3390737
11276504,4.1647367
6345881,4.3515286
14822248,4.5440297
2481836,4.4991794
20713415,5.019804
9822032,5.1950316
2941614,5.050882
11760822,5.9464607
18597279,3.7599018
6182828,3.7625778
9410580,4.63638
5592866,4.3892074
16570610,5.2281694
20136828,4.8124123
3291524,5.551014
9096938,5.2893295
12811961,4.874193
9783,5.1570344
19923377,4.7175436
7570475,4.791869
14031389,3.9863179
14898029,4.079652
8368708,5.71747
9603991,4.6156034
16677891,5.8350916
7756711,4.5602303
6527142,4.9385314
3206708,6.1403127
6198543,4.6063876
17601533,4.9621863
15486188,4.5643816
19661183,4.121576
16533749,4.30177
13623891,5.3361197
10658305,4.7496057
14667220,4.6103826
10526712,4.3531504
17593445,5.8207316
14964172,4.325573
15769814,4.647919
17622706,4.598417
15843531,4.9906507
3605651,5.400172
18332685,3.8693452
10554306,4.6900935
479002,3.8380127
14899378,4.4016986
14992192,5.0932307
17828861,5.216256
19297819,4.832316
3497198,4.294556
374997,5.0827
18407399,4.864658
14153636,3.9570355
14111670,4.672292
8311492,5.485765
16635429,5.1393676
9955770,5.2043867
12829681,5.200249
3710661,4.4132085
14654573,4.1406674
17097239,6.591946
11567275,4.2795205
16910935,5.294964
18110642,4.626467
4917308,5.1941767
4396465,5.3675203
16830790,5.119801
15788113,4.9736
13399569,4.8401604
10554784,4.682782
20183458,5.136343
5619463,4.0785174
18843545,4.788981
18127637,3.8447409
2939650,5.74266
14984250,4.8601003
18105285,4.9470315
2958412,4.4090915
8656164,4.994064
1022360,4.472027
14075103,4.7001324
18023759,4.4223995
9435931,4.5910234
6640662,4.4789863
16899058,5.0147967
18905088,4.8631625
16872847,5.1290774
1590214,5.11757
16444824,4.5447617
18227775,4.742326
10996466,5.27877
3373030,5.027476
19379397,5.34825
12968407,4.6118746
3752035,4.7187495
19892526,4.5728703
3644809,4.068537
6492690,5.6493187
9884258,4.011942
14148905,5.2558746
8475974,4.9027486
7301517,5.664022
18613994,4.973309
20441901,4.8893733
12270048,5.2715225
12112236,6.0767283
16227075,4.827773
16796296,5.227195
16099486,4.659922
5105632,6.7942615
13101837,6.073707
7806482,4.5462236
7837690,5.5120945
14020260,5.8416743
15552671,6.4708385
9918651,4.4376206
13290006,5.6017227
21165330,4.300823
684324,4.265728
10771375,4.062028
10387137,5.2174287
6445656,4.660515
21159830,4.2061777
18109102,4.686239
18054278,5.3290677
9905231,5.258753
9654155,4.3472986
1284659,5.0443215
11296173,4.195979
3220365,5.90339
14159853,4.1351633
17763769,4.244249
10452,6.0787134
151127,5.2529593
12230073,4.419313
12952753,4.86681
20155838,6.095238
13331609,5.15063
10528170,4.6134605
6348972,4.770702
832288,4.5837116
13189564,4.1336813
1097669,5.2672505
1733479,4.2775273
6468226,4.525142
5136833,4.585797
13637109,4.460542
6605017,4.510797
15964061,4.5531974
18310169,4.827433
11284170,5.205052
18614940,6.1754313
13905833,5.7920365
16504000,3.9803703
15299255,5.21799
6239753,5.346586
12613095,4.6712604
17620157,4.761826
18393875,5.491367
10770909,5.279884
16599778,5.031346
18462568,5.0525436
3946518,5.0868387
1588156,4.8650775
6271152,4.5164485
17257049,4.541368
16243974,6.255049
17510868,4.140188
10132073,4.689661
2105971,4.6660156
15275238,3.9945936
13605174,5.2074924
1369384,4.488456
13278654,4.973549
1954514,4.980221
2608483,4.054851
2760968,5.042845
12130620,4.5421457
19749927,4.5723763
14041617,5.751406
225306,4.2273254
21081875,6.051311
7842406,4.8579926
14043646,5.263943
6350468,4.3823547
4868653,4.035122
3576160,3.528578
115936,5.465894
862949,3.7904198
4887569,4.5482903
17604613,5.7267494
13737916,4.8909154
9369426,5.4551353
12380717,4.846805
4008443,4.6292124
7713639,5.4050083
5978595,4.27145
5673742,5.825239
19247305,5.398072
13942286,4.59461
19625831,5.5973916
4588212,4.39349
4268286,4.4975467
15663543,4.319122
16001688,5.3292375
20901417,4.1486664
1355192,4.923372
16413061,4.7533236
1264732,5.2718034
17876137,4.497324
20228788,5.2248
4446178,5.0404434
5832638,4.8172097
365635,5.2809553
21200929,5.2595086
17625275,4.2636647
223203,5.0050793
18546552,4.675142
20969455,4.0192375
10365516,4.621441
8869288,4.1839685
10786488,4.849913
12366290,5.647553
1727923,5.425923
13927747,4.282688
16000365,4.587019
1949761,5.9489083
19468739,5.137299
12709106,4.200071
17111959,5.4182096
14107184,6.1869807
6763899,4.9829626
12041220,4.06931
10253116,4.6906776
5249479,4.3064523
16985600,5.1775618
9997050,4.6220703
20626299,4.2549186
5858,3.8484542
20655934,4.523136
16873536,3.9188964
19555795,4.14973
6728250,5.234731
3498038,6.0521708
16767194,5.4092064
13669402,5.220102
62804,4.5584564
19702232,4.9897685
15015764,4.5842466
4417470,4.9319587
14655368,5.2531104
16156771,4.933342
7519448,4.2226205
7222354,4.704308
16070116,4.2495165
20573766,3.9044943
479127,5.07818
8143588,5.1739874
8941232,4.6303573
12368139,4.8605022
4541416,5.986114
20549139,5.3578186
4105283,4.8140345
1336998,5.639698
5181386,6.568204
6362947,5.2448425
11014562,5.234832
242571,4.8571186
15359178,5.4434285
17842205,5.0830045
1056139,4.237875
14732341,6.3898215
14783267,5.802363
17023406,4.511712
4232530,4.732927
9697749,4.3307
44506,4.12374
10440163,4.8342013
4020773,5.069469
20619286,4.3264017
13451698,4.324356
14775913,4.242516
10138047,4.321475
3174881,4.100974
723457,5.1680245
9505268,5.174242
4731523,4.201055
619457,5.0639067
14563049,4.445911
973652,4.5134997
9188964,4.2139907
2071941,5.500113
234034,4.0339394
4494588,5.061505
11821628,5.5479126
20575053,4.770361
11421796,5.767687
20253964,4.3757825
4668639,4.168796
19769496,4.1646395
8193837,4.905738
1689118,4.5597067
18508731,4.6605406
1821896,5.039463
15454207,3.9942527
90426,4.160087
18584180,6.309228
306974,5.1168027
17652560,5.8569875
3343476,4.624857
18822569,4.164721
15097281,5.2110233
16629180,5.284504
10231834,5.2468634
7054695,5.920212
10970070,5.285829
16326286,4.075227
10944099,4.4182887
13741686,5.3319297
62119,4.70932
13847987,4.667544
10880829,5.0788693
20782981,4.9372344
17157943,4.2398467
5048385,4.341623
13493040,6.173502
13379153,4.039588
10353495,4.6629105
16694463,6.22489
7857465,5.824044
14240346,4.699379
14168692,5.1609383
7619082,5.876069
14181476,5.6163063
19907826,4.107218
19224202,4.9871883
13723404,3.8472912
19573572,3.7507129
13784393,4.9695096
11490167,4.4328504
16123398,3.9299395
1631938,4.7064705
9458704,5.065077
15898519,4.7048173
1355468,4.8922815
15629616,5.352825
13766593,4.727864
2903204,6.2191796
3376665,4.9420776
8719472,5.954018
15510747,4.2584834
16254609,4.4177117
17171691,5.104755
8411395,5.9441123
4934098,4.670484
3979360,3.974454
17681190,5.004344
3112180,4.7305603
15596221,4.212749
7833824,4.631243
10409669,5.720221
7725030,4.616932
19372011,5.3349776
19349497,5.483543
1880358,4.26859
11553697,4.1446443
21077856,4.724363
9771001,4.086049
283791,5.327504
17122814,3.817739
4060155,4.2954073
16722762,5.385463
2185668,5.1766753
15984863,5.3590083
1365610,5.2582874
10912351,4.163822
18362533,4.752042
1925714,4.310365
18521586,4.4939613
16767775,5.055358
20990901,5.71658
5127571,4.1627192
15223114,4.0198393
17592480,5.7440295
15954650,4.8123827
15435110,5.0154524
530576,4.769345
3758015,4.689229
13208065,4.660637
19096176,4.0933514
17322617,4.815453
19248947,4.834634
2636396,3.7360094
6501477,4.64553
3664717,4.397135
10107634,5.035679
880642,5.153471
14575040,4.7488623
3852472,5.1162615
6836647,5.456937
6869890,4.668648
17678455,4.894069
1304068,4.6447406
15870027,5.548927
17606766,4.690705
5174171,5.433133
14355422,4.3517513
13278181,4.598356
13077562,4.675106
17343338,4.771243
9905129,4.2008495
2487728,4.353698
13051085,5.2009425
6837110,4.6543374
10477123,4.172921
17845060,3.7823324
8114685,3.4445474
11952796,5.326814
18023362,4.118689
17480784,4.2707844
16984588,4.609344
13263750,5.2227225
11336922,3.9618902
16769787,4.647938
12949807,4.7198114
1212822,4.887883
7874136,4.494807
13514690,3.7299836
8366781,4.8851933
16362336,3.9182012
18619750,4.116684
14711125,5.0393653
14948506,4.8647795
13375627,4.9441733
3791325,3.4647913
14372300,4.657545
17649690,4.1712317
11259847,4.8370976
17386330,5.102424
1910270,5.2640605
12905157,5.7921824
13021103,6.051769
4401445,4.1324472
92481,5.589002
17586323,4.466408
16256112,4.507136
7629993,4.7964787
15706693,6.0491004
14994313,4.3429384
17844682,4.188653
10377445,5.3830996
10370748,5.209552
1881556,4.9662204
17964285,4.7314043
3821364,4.7174797
8704710,5.3274527
8431794,4.4420485
65019,4.416595
8608064,4.4672246
17157438,5.0400033
6955143,4.634471
14050156,4.6709833
9885309,4.024812
12809925,4.5797973
9256418,4.2260933
10232354,5.5330706
17638752,4.485788
312192,5.2630196
6505881,4.3534975
4446024,3.9667892
14013142,4.6205645
10071511,4.5484786
15722377,4.438553
123354,5.512522
185536,6.047814
951927,4.2764115
16464123,5.146088
20013291,4.704484
20253237,4.733623
9133278,3.9496074
7883220,4.6398706
1236964,4.1090207
10504508,5.02967
16652950,6.491931
5870855,4.8120456
4305143,5.2677126
17953753,5.074981
8590893,5.204962
10813133,4.512607
5224210,5.670295
11700127,4.97838
16068518,4.118118
16811770,4.9107256
2202752,4.9712405
16734253,5.0876327
9107692,4.529026
813793,4.228293
12321227,4.4804435
10366219,5.2825923
14281166,4.297638
214917,4.682308
18057285,4.7036366
9405895,4.8349853
20405090,4.2357783
17190525,5.1203
17335926,4.9455624
15482102,4.189408
8548577,5.6346846
13754267,4.5326686
10864452,5.2069135
3324943,4.568884
11162475,4.257093
2339884,4.7369657
4181006,5.5030527
12999537,3.8303287
4526825,5.325834
16106701,5.493939
17039783,4.6508155
2062630,5.8724813
14486192,4.708143
9594976,5.8447614
11604307,5.50299
9478370,5.0913987
20978029,5.275705
104010,4.550683
13866843,5.2786436
17111788,4.4728246
16414506,4.8440337
14337176,4.7146764
1332343,5.3998704
20040078,6.082945
7367484,4.1311684
966167,4.8776855
3666653,4.001419
3960855,4.60343
5206830,3.903697
1213582,4.9543915
15003721,4.668085
5728500,4.194881
21057757,3.861441
7759598,4.345407
19157762,5.061195
4412185,4.136238
11399265,4.431611
20565481,4.39079
2713887,4.508538
4244248,4.9678297
6714921,4.8235183
5259425,4.953383
15149002,4.67279
19829879,5.5293117
1539723,4.956558
4754285,4.3652086
11822282,4.1700206
1613419,4.6621304
10314411,4.0261827
2737590,4.1120377
20459100,5.23913
14421841,6.345746
8924552,5.4442677
4471358,5.9888434
13164770,5.092496
18498466,5.242453
1520938,5.487486
6914642,5.818167
1284776,4.285898
16828438,4.04255
20390763,3.7635796
16068604,5.2574577
7729217,4.473886
20694273,3.9838066
8442053,5.6653676
17191476,3.779103
14446278,4.7868037
16741471,4.784034
14535422,4.254806
3939412,5.8357587
4410636,4.06824
20591714,4.5987654
6084475,4.27034
9698823,4.8349657
7475573,3.8859088
17641277,4.5848
21046393,4.900611
19621939,5.0020504
2637299,4.5501533
18790146,4.941489
17143079,4.2074604
4093759,5.0606627
2069709,3.6074035
18090441,4.665772
14807814,4.1520734
17750413,5.0791745
16175237,5.721061
11841709,5.001382
15310285,5.150556
11482656,5.1215262
5454050,4.7402935
17719353,4.7938604
12051090,5.2332296
16917500,4.93662
9969226,6.3561397
18054742,4.1535993
7579556,5.4870963
11462944,5.004709
15560258,5.629441
6244013,4.1412992
14388651,4.3054156
7519076,5.630051
7807401,4.2509294
12188768,3.817071
303725,4.9297185
15665400,4.566508
3449071,4.752067
9447099,4.159666
16412449,4.8783693
13913156,4.648125
17778521,5.412713
15377293,5.600987
14395668,4.1681795
19532898,4.054629
16572187,5.7261467
8019077,4.735229
15797986,5.3778067
20581096,4.165191
15967589,4.9158497
19349973,5.9385905
15499079,5.1004453
3425054,3.8992062
15453985,5.084752
14839927,4.0726066
7052026,4.1189084
12005036,4.436339
14839639,4.5640426
1984816,5.4106374
15859982,4.1870904
6480445,4.9553413
9846468,4.3928432
8370959,4.3097634
4677469,4.354164
13379635,4.574957
14168012,4.1241703
14698446,4.1368656
3330,5.166722
21119725,5.938232
17383953,4.525067
12857707,5.0650387
16402728,5.7266784
16410729,4.9049253
11357182,4.843989
18143197,4.7498407
8683610,4.951899
14962746,4.4889183
640352,4.4210296
10041589,5.454416
15498193,5.0819774
18312297,4.6512284
11799923,4.135344
11181138,4.5453205
4510968,3.9323053
14918541,4.9807754
12169389,5.5725746
8077469,4.8001575
17499457,6.0823817
7388254,5.2409377
1337148,4.438467
5070255,4.090613
19545605,5.7477794
4709882,4.32537
79502,3.9383073
17119886,4.118037
17857110,5.609301
13668906,4.3621078
8485093,5.1806884
17069743,4.610294
471845,4.644872
18074138,4.608455
17827953,4.3628387
371138,4.810165
13240084,5.1667113
18179684,5.694882
17498696,4.578917
12431405,3.676167
14370360,5.5876055
16735755,4.574916
20636650,5.1976438
3783156,4.334208
2176866,4.398596
15055709,5.0063066
13479741,4.2411695
2739707,4.3854938
10049040,4.782228
18734568,4.8370967
225926,4.4501405
8581153,4.899675
5704852,4.5837235
12202521,4.39162
6643952,4.4355884
16496723,5.281546
594627,4.980169
4377929,4.8570533
6625283,5.4409637
6767011,5.653869
6601194,4.5000367
13587724,4.00864
2196756,5.7801557
16134075,5.251224
4653987,5.9704943
7272680,4.313372
18108814,6.0729704
7909229,4.718
3139623,4.097335
4137681,4.85275
16942000,4.424036
8193538,3.938917
9509014,4.5398808
7901715,6.17808
3052275,4.9888806
20433388,3.6505618
11927300,5.3907075
9350779,4.8444614
2446430,5.1637435
16651430,3.9765358
301991,4.6461883
17547188,5.190013
9447397,5.297644
10535847,4.438048
17992341,5.2908325
11830503,4.939554
4210004,3.8984168
13532946,5.3059936
7093109,5.602673
16026815,4.845187
6574333,4.2278767
18462090,4.500473
7544831,4.381584
2146019,5.232564
7328260,5.098496
1096326,5.422884
10788568,4.1052423
286662,4.891983
20541408,4.559833
10100177,4.671512
3986579,4.998608
20408325,5.079779
6652755,5.569265
4431247,4.7926645
18008313,5.7431216
4439461,4.5874205
13004037,4.696267
20439931,4.1351466
17268890,4.9199204
16230083,4.93025
3258040,5.1681223
20236311,4.481499
2123079,5.129807
12095529,5.131263
27546,4.381344
20482335,4.372517
19242246,4.893768
8290197,4.416316
6704897,4.64125
7009809,4.1652246
1164101,6.0898395
2432545,4.3845177
18345659,4.2489586
16029183,4.9932485
5647453,4.3690834
4379313,4.7242627
6926689,4.3249617
3905190,5.527032
17419087,3.9703064
12882001,5.0822325
17226,5.244989
13649060,4.5096297
914594,4.9098544
13497305,3.8309093
6718545,5.4988947
16189905,4.8087406
20411915,5.10522
17481554,3.9895205
17797691,4.2407055
17233693,4.2015276
5040653,5.303364
1056256,5.5075426
875606,5.1856003
10841170,4.086145
8794624,4.760153
12412503,5.335419
445437,4.8082895
20958162,6.053709
19448302,5.09577
4753419,5.290243
15536769,4.303796
9533157,4.1720614
1096966,5.8671365
6731170,5.2525845
11191899,4.615448
12610990,5.1188507
12703904,4.4409614
16698848,4.439888
12247867,4.031295
15535351,4.2900286
20094965,4.124504
12143823,4.132354
13079204,5.1776342
19655651,4.95352
13714214,5.436892
9373544,5.014763
20744654,5.3069954
20516379,3.985967
14165919,4.975141
17716523,4.989271
17539341,5.107098
20679181,4.9704075
5013797,3.870974
13356616,5.844779
20309455,4.626715
18490918,4.905506
17070664,5.4032097
9736164,5.0162096
15766723,4.2840986
16705163,5.0352
1313472,5.844464
15719599,6.4575977
3883996,4.540165
9457818,4.6753893
12933678,4.1468077
14313285,4.1583886
13883509,5.6199713
19611699,4.9839454
1569791,4.4439826
18290495,4.3557262
13924403,5.055643
6930501,4.631837
10161361,4.3062015
4738356,5.112255
16142220,4.277135
2846662,5.3652134
6337257,4.7037034
17329569,4.335746
13576960,5.0371842
17209548,4.3708143
20638452,4.196368
16061802,5.039058
13312135,6.17441
6170699,4.411091
5447255,4.6694226
14030807,4.789352
20817037,4.2157426
13263878,4.727346
7691534,4.994075
10296953,4.8481355
16406492,5.490431
19114447,5.3307486
16202104,4.671433
14314240,4.909879
20437891,4.863726
15799361,4.6898184
16439110,4.9086256
20223912,4.5891385
11045870,4.207213
16127009,4.051251
3505386,3.8752882
10121380,4.1431527
8799100,4.7940946
8268849,5.257674
16016181,4.3131638
46900,4.9003344
21041067,4.3818502
4663804,5.097704
19057230,4.836905
16577223,5.353822
7825695,4.3061376
14501010,3.8270996
17152840,4.8107085
10413927,5.7558956
7499674,5.655601
14556661,5.1747885
8482907,4.764776
9027426,4.174032
19728476,4.5177603
20432170,4.2195964
9198565,3.6338222
16362002,5.0220237
4939779,5.2585516
15917855,4.406717
293837,4.646916
7990302,4.162468
7804414,5.152789
20014969,5.25094
18221172,4.699592
9186666,5.176183
11850083,5.0920463
17927481,4.835429
9857967,4.175261
841484,4.778052
15716232,5.5512958
4842895,4.2139606
3751110,5.189044
325429,5.2514305
13356508,5.2956266
17281347,4.5423975
6542208,5.04428
9182754,4.3231645
623476,4.282011
8426694,5.7766623
7679314,5.209638
787973,5.4932566
20320428,5.0427384
308885,5.2475533
20871446,3.9175897
15599666,4.891701
626140,4.0121875
19712270,4.310683
10588715,4.949706
591710,4.173057
4537389,5.673064
16314655,4.548692
16403388,5.4304104
15058811,5.27002
9954831,4.327897
1177438,4.8063154
6847631,5.293251
176129,5.318545
25185,5.3135347
9343634,4.411459
12054286,4.5710955
16187145,5.5075455
20171018,4.450895
13670446,4.8650856
9725178,5.018746
16382509,4.2982807
4498370,5.309408
20679072,4.2512565
6112367,5.081978
19312686,4.5901074
8567694,4.780115
15100210,4.175759
13233113,4.1395874
3591359,4.0957327
4423782,4.364493
17420295,4.0217547
11602642,5.001054
8507816,5.478059
14110392,4.9997096
12132022,6.146486
15980715,4.1770706
6292490,6.263382
6645224,4.3149204
12339067,6.081743
17594315,4.4999456
6289478,5.050831
21015032,4.565719
17543073,4.740511
15232287,4.134284
10015258,4.8288245
7601839,5.085703
17174405,5.4443326
9228112,4.150211
16289001,5.219494
15888785,4.727869
9050343,5.035303
14382618,4.3857203
9831813,4.877809
8355204,4.1314545
14092055,5.3621225
12388944,5.270752
6992725,4.3752584
975229,5.405701
16225687,4.183908
10365374,4.722191
20531744,5.547479
12654226,5.6505437
12011114,5.5331507
13689374,5.0577087
16808544,4.3247175
15498370,4.6195054
1535607,4.6293554
4520702,3.9468079
10996772,4.2196136
845501,4.699752
20931566,4.4251757
16755202,4.1441584
9508975,4.0436196
17389936,4.6620793
17405257,7.0793304
20051114,4.3476405
12889395,4.8324113
17514636,5.642617
6401500,3.8959794
19927772,5.9640403
17691162,4.2494626
3048343,4.2762003
18054867,5.1828165
17907281,5.0013704
1667732,3.5679605
16274814,5.2511196
17079313,4.7084107
3954071,3.951672
12174019,4.1239686
11574762,4.882668
9476449,4.5165114
12379674,4.785848
12011629,4.534733
18734633,3.9885147
13605600,5.0741634
17016258,4.009106
20828838,5.236969
2658094,4.3327837
14612857,4.7055426
10053602,5.3527255
13300992,3.8746521
14963458,3.971284
9448893,5.9962454
13267036,5.1149864
8753649,5.1624875
1101546,4.586897
18776123,5.2092896
16243197,5.3631463
3944291,4.917479
13188856,4.853385
2346712,5.8901296
16469349,3.8099184
13673023,5.4648542
3562875,3.846276
13880697,6.4758935
9348111,4.44542
17254691,4.8925056
13113064,4.1324706
12035341,4.8557935
8690773,5.593779
3043473,4.6033664
11547967,5.377862
6513021,3.786749
12039617,5.284696
15598895,4.570053
17031131,4.7209272
20953661,4.24683
3594417,5.7080183
18368639,5.2166176
4625112,5.4440923
18039538,4.362576
14032944,5.038751
17666846,5.26819
13735687,5.3156295
15298236,5.685684
20981968,5.3382463
13912725,4.193466
7087223,5.4568305
11594052,5.4141984
16883679,4.270866
16041764,6.4483747
19177659,5.4202895
60864,5.825891
12338954,4.1588326
7957152,4.3799763
20263109,4.1604123
19336730,4.7565722
16253874,4.557602
4263694,4.840291
19441240,4.9599295
9236394,5.5594172
15160693,4.351987
15340854,4.769536
4037522,4.3457594
5781926,4.517369
2249282,4.782539
3584703,4.7828326
18487655,4.5577087
9478328,5.2129507
18560515,5.931113
16147260,3.9561853
18339897,4.229447
16443432,5.55239
19642017,4.8115454
18310624,4.173629
19609347,4.8490186
2591213,3.5079205
13046643,4.647095
19812097,5.6099224
13530562,4.8321276
2331154,4.9212337
11371974,4.1233344
8596387,4.940553
82550,4.5055346
5010729,5.3630614
16974219,4.4530377
7688481,4.912566
16018007,3.8105295
1408665,4.951618
17048154,5.2439766
15409556,3.9118114
16042741,5.576068
14223556,4.8333607
20235849,4.236852
12796742,6.090564
6192999,5.67861
13319010,5.3219376
3835052,3.831234
5520934,4.5728154
11624915,5.5148606
13043566,6.764244
19694265,4.140943
12955262,3.9410315
14919718,5.66122
1821543,5.8650985
11752116,4.6781263
5268432,4.3307695
6758462,5.65388
15068390,3.2056937
3394768,4.584613
1403549,5.2925935
6573055,4.3494906
13194699,5.7869887
2818471,4.823067
20914604,4.217514
18857134,4.2787714
2682830,4.668389
1489289,4.61469
15206061,5.475932
16560443,5.2561255
6121052,4.872311
15097340,4.9652615
4765123,4.896187
9684617,4.4897127
51546,3.8148224
583067,4.6917086
2091367,4.670345
15092999,5.521305
17371416,5.0340643
13654063,3.9535217
13362486,4.8407426
9079564,5.4868255
19737116,4.905367
14733778,4.2734523
18356312,5.9851775
11694884,4.915481
13684012,5.419358
13534311,3.9403687
14521243,3.3063915
1747848,4.889133
17365005,4.610932
7858023,5.274468
1144707,4.215474
4263802,5.128252
13508243,5.711723
16239774,5.6735063
6460914,5.0299845
14856790,4.520994
11087002,5.0829396
923042,4.953246
18154150,4.3401003
8972002,3.6286352
1421694,3.8332486
10597035,4.031125
7144129,4.9336967
14355639,5.570135
11143902,5.130743
14553190,4.574069
16740732,4.4264846
17529524,5.172058
16546108,5.3001285
17268759,5.38633
854033,4.9792705
4846345,4.0983686
10520825,5.5467215
10855464,4.3011556
16944182,4.175506
11044453,3.976177
15183996,4.089572
15765466,4.5353227
18314877,5.221591
4473239,4.4491773
18997986,4.5645785
17463985,4.3525686
1706103,4.412215
11024212,4.5268903
19158777,5.035741
15806592,3.373706
15707188,5.246832
19102527,5.1845145
15888973,5.486191
13509135,5.0147734
16193865,4.2686367
17508923,4.4597387
10319747,4.4307923
13878777,4.3968797
14299164,4.193901
4485074,3.8985548
21067451,5.2720504
18521455,5.9817004
15787411,4.6496005
15659611,5.27938
2934109,5.156311
3861529,4.489926
16054869,4.719836
20013095,4.960614
7369846,4.3892736
18895509,5.564938
14575157,5.5534754
12735610,4.6799445
13641011,4.5548277
2967561,4.9786716
14689935,4.643666
12929866,3.9803512
8865745,4.2760544
5384310,4.4566665
14911027,5.7689114
14885026,5.157905
7358222,4.8558125
265506,6.3092422
13656544,5.143224
14254606,5.714289
15844134,4.105278
11983535,4.7624016
8418067,4.737825
10499789,7.3248215
990352,5.3180766
13232952,5.9669313
16498479,4.727462
12413038,5.1598935
19593585,4.1516623
25672,3.0263617
18410318,4.752015
3950774,4.5616035
9573876,4.763928
14275691,4.1968026
2495596,6.1319323
9759559,4.7724676
11183089,4.1289654
5045734,4.3756223
19102281,5.2296834
3832444,5.2496724
15157138,4.4877925
9976190,4.6372423
839019,5.3229
20646959,4.555517
18995054,4.475732
15222853,4.8959165
20125722,5.4216666
163786,4.749469
13641826,4.992838
17904266,5.6202536
16585655,4.087925
13879420,5.5739284
7476299,4.748491
18109744,4.956643
13632649,4.6105785
16383381,4.60935
6821978,4.4352536
15884269,4.68095
4258443,3.7986622
15329136,4.8715324
2390214,4.896802
2373864,6.6564856
17979029,4.848413
17667188,5.797567
11280479,5.316336
3727861,4.561071
16705377,4.879937
1598872,5.063823
6601839,5.0364337
5735447,4.509733
16846167,5.2161865
13045567,5.7831883
18333674,4.219014
16227719,6.307139
9511842,4.4249983
9886729,4.977179
13464781,4.477885
14649563,4.615194
8882347,5.244528
16910596,4.292434
8270883,4.8600373
3751008,5.768511
8206536,5.199095
31902,4.374422
9810235,4.860421
16545332,4.50565
6376734,4.6537094
17789443,4.885664
8754204,5.2706695
18272770,4.8844733
18962326,4.2409787
14608919,3.7559702
9970788,4.3283033
12974077,5.6844
18208652,6.052745
17250684,6.4018173
7952396,4.4613647
4636240,4.4611745
15256527,4.104963
11418326,4.955914
15027024,5.766606
18306425,5.6472487
20722165,5.184869
13586284,5.035692
515552,4.2103024
16413074,4.800852
13900901,5.207143
524134,5.664749
8170072,4.254686
12680281,4.6859937
5445714,5.3690386
306919,5.338126
5101552,4.281124
14465415,4.2979918
10126560,4.363074
20756922,4.97639
1156934,4.141389
17648830,4.047567
16137800,5.749001
7626430,3.977007
11680025,4.4219785
13565376,4.2369056
19653866,5.5133376
10836645,5.245959
3850839,5.0870357
21014202,5.4734025
7595431,5.222017
7051085,5.2922516
18076570,4.081081
2304847,4.1376524
3646059,5.1420135
1613321,4.157011
16405914,4.845455
5727850,5.1813183
15314646,4.933919
14756023,5.392556
15611908,5.006653
12025168,4.706322
6916912,7.004044
18374099,4.7264304
14731268,4.8469934
6919797,4.7456055
4288256,4.7075605
9372981,5.108501
8083295,4.7884355
13600761,4.288801
11414235,3.952514
7035556,5.161555
4482158,4.727703
17904732,4.741015
8267176,4.286944
1198433,4.501626
15714823,4.1065345
20303001,4.5132213
14301020,5.193206
17771811,5.9949255
10060952,5.7775784
15073826,5.100031
1307228,4.1808743
19272671,4.905426
19901516,4.850944
16619804,5.0416517
9461126,4.8035946
8595359,5.5214944
12930278,4.711408
14452503,5.480676
17980726,6.139582
16301294,5.4535027
14278687,4.904492
7077220,4.5226426
16545819,4.647585
2453855,4.646954
12175341,4.6472645
12523239,3.9964113
10999421,5.079883
12891037,4.4607797
16797849,3.876814
13239272,5.976019
18122830,4.664426
16694158,4.5365176
15783216,5.133552
11987834,5.1536784
9343466,5.621374
16524446,5.2511935
17300196,4.9951224
20433673,4.5187907
10265376,4.935708
791223,4.880429
15216905,4.6348085
16490359,4.477117
12984553,4.7612295
17608765,4.6428356
18510087,5.240217
19346045,4.5232377
19309279,5.5301294
8099577,5.0795894
3679179,4.834338
17384873,4.1034355
19784085,4.2054653
5875474,4.0811543
13634496,4.9298234
17830470,5.130382
16617409,4.280087
12221012,5.485264
12828541,4.1950016
18992032,4.0475607
7399805,4.6861134
16809682,4.4510903
14115855,5.342493
5807161,4.7026954
14983986,5.178938
5999786,4.604594
4565015,5.0715513
15195304,4.337507
13183158,5.2154093
17568889,4.9107924
15991936,5.09766
13237830,4.369754
11573049,4.485542
4595506,4.070455
3156111,5.96629
19848951,4.3506923
14200210,4.3609066
15572133,5.0009785
15967961,3.9142246
12130093,5.3858595
10021499,4.0033126
17606753,4.568246
15771352,4.5598907
16070008,4.876688
17939175,4.743873
12229083,5.0251346
3946162,3.9304368
4266667,4.2529955
15695838,5.8571563
4558898,4.2220197
6895123,5.9794073
489018,5.8597484
20971457,5.2118583
7861157,4.930603
16227532,4.1062994
2764202,4.4901085
17809310,4.5514426
67890,4.5743847
19454702,4.3015504
2265943,4.607211
19348168,4.6532145
842772,5.1129193
7765579,5.2157164
6986207,4.710143
487536,4.3832116
16276691,5.285636
8266287,3.8477223
5465270,5.9445634
19951696,4.8000555
17761193,5.000092
5393414,3.8599524
15466847,4.8175893
20582484,4.020423
14085597,5.618044
16630594,4.1736784
15363266,4.66583
13614960,5.500859
17007971,4.95972
616290,3.990223
7053737,6.033107
14091281,5.7301044
13359526,3.6930528
12096098,6.2568636
12957423,5.0107746
8487382,4.6736264
7564295,3.8662248
14237391,4.881513
5159990,4.616782
13995455,5.6938686
11162527,4.7972918
17368095,4.4674
13830107,5.9302487
16872492,4.3900814
16570975,4.991848
1702032,4.7532587
12209652,3.9754689
15843642,4.7411623
14946749,4.0582757
5594409,5.3752947
8389603,5.192314
13113604,3.975239
12054723,4.9000044
9664537,4.7209373
14311755,4.933766
3946115,4.5730247
3464553,4.211915
10835029,4.6254196
20321120,3.8822684
16541635,5.664198
13927527,5.5655656
160148,4.291229
19716643,4.9379916
2947662,4.3946505
11990388,4.719251
3511934,4.500827
12995569,4.9467254
6757929,4.6319957
9856598,5.066928
19770285,5.745636
12737335,4.5187664
14901006,4.94469
20759924,4.9248385
13301229,5.0062923
13301943,5.1356473
1669149,4.3540816
18444232,3.5845544
20971571,3.9476154
9514772,4.6796684
12934059,5.0480766
18158847,4.7900286
15603261,5.3463273
1514927,4.9560475
9133330,5.43205
172616,5.363904
9968750,4.986665
6014853,5.1421905
16071145,4.589227
15677881,4.756831
14593211,5.585571
19141833,6.1882024
9822983,4.117236
9401601,4.729265
16634474,4.246245
17720469,4.72881
4680566,4.8044734
19611015,4.135167
21152473,4.1492057
16758832,5.7704253
2611276,5.1624446
7480520,4.716775
2311031,4.57042
15915176,5.0468507
19780093,4.680514
10353094,4.464803
561602,5.007371
17860272,3.976644
9999252,4.28473
6290290,3.88031
1737255,4.0209413
2636744,5.402594
18875512,3.8505828
9844459,4.7860074
10297582,4.9123893
7970811,5.4027147
1540236,4.515248
20407323,5.118921
8792217,4.1381474
12864707,4.007463
5344465,4.0450816
19691987,5.040165
10115419,4.1363745
13845710,4.9707646
12433404,4.0755973
9661919,4.906975
9214165,5.8601675
8336228,4.409724
7651474,5.2933583
12757706,4.5432568
21065101,5.564066
1499730,5.302494
19654970,5.864734
13801046,4.154604
4270516,4.640991
15218217,4.145458
728498,4.745769
7358354,5.509961
16661873,4.6903534
4793988,3.928804
6478803,5.054711
18014072,5.828222
17401985,4.148815
17824882,5.065861
11440182,5.071265
9760014,4.710711
3139749,4.8383956
17268003,3.9873362
8409465,4.767701
288726,5.1784763
14569881,4.3696585
5179647,4.094396
7688530,3.9888952
6216272,3.763154
16568427,5.207166
7630675,3.8636975
4555241,5.592557
5466630,4.339848
9886811,4.056582
18583351,4.5405407
14008953,4.0827003
4969358,3.9221945
14556629,5.286099
12427275,4.204265
15775732,6.2412276
5519865,4.6832037
15046001,4.525029
10553276,6.0542374
17177641,4.220514
4993968,4.2507706
21118999,4.7131376
3379914,5.055401
5549470,4.1327133
5196399,5.1977334
10332001,5.651629
13325368,4.13533
11378131,4.5332212
14029563,4.2808785
2371946,4.322192
15734713,4.3703156
14473668,4.134076
16570249,4.112283
3005261,4.4649806
9019915,4.1691384
9322621,5.1396976
15980559,5.000347
19983644,4.6124177
13829563,3.9509676
5005798,4.7176476
14726699,4.9792614
16416015,5.0763497
18163535,4.318297
1516472,4.562057
4503472,4.345186
14771671,5.7584887
7260826,4.0211463
12000617,4.056295
12676400,5.6909347
9012348,4.177803
19518434,4.7138214
6452188,4.2453856
2737566,5.876091
7388497,4.0315785
16394790,5.0247393
6400649,5.1923137
13079077,4.3425064
18273184,6.2979245
12026856,4.921778
3613494,3.7812793
5616845,3.8316088
5969483,4.1610928
18198439,4.226875
2032727,5.8748302
14947276,4.092711
9731855,4.101619
17716307,5.5038657
18812330,4.4164586
8341021,4.0827427
2094213,4.163921
10177726,5.1488495
10423083,5.1007757
13652639,4.706064
18672625,5.115042
4121691,6.0094438
15547485,5.383316
9642864,4.997689
4550084,4.720035
16112832,4.198056
21038410,4.3794837
6326257,5.5431867
1061337,4.316756
9492864,5.0894623
9758406,4.2674303
11033590,3.8113508
6688865,4.8857603
17848125,4.7764626
3968434,3.7704096
2092611,4.530195
12871578,5.5789657
2123526,5.1535463
14418783,4.856418
18823584,6.218878
14570017,4.6775656
16073158,3.4889555
11527162,5.364811
15223612,4.7479157
16862946,4.916988
13150667,3.745221
11184153,5.1389894
7053933,5.6869326
2107429,4.151884
11456374,4.8999114
13318448,5.562845
9346080,4.2774906
3060766,4.9926
2038614,4.80945
17466670,4.766587
552216,5.115828
15191738,4.7220497
15731924,3.7257855
17251398,5.297042
21148758,4.8135962
13519630,4.869125
19838251,4.910132
457555,4.855397
16391620,4.125342
16301809,4.4396896
10502323,4.339935
6914268,4.25967
14352845,6.826634
9281018,5.286913
16684913,4.3347774
16677792,4.709048
58467,5.876199
16533016,5.393515
19896613,4.7437625
20309353,4.8297625
8034908,5.1525874
19500920,5.40233
14590098,4.885221
14122244,4.471338
4069164,4.6256742
7531700,4.9592214
20491669,4.6521225
8781592,4.316664
12410264,4.742781
18197137,6.369991
2994536,5.493679
16290524,6.3774667
18163727,4.5834627
15094729,5.0933404
4244174,4.4912314
17821524,4.9287505
2477836,5.434792
16561123,6.1944275
18406772,5.26042
15250975,3.9957933
10860611,4.2151275
17249297,5.2667785
13463310,4.751744
12532453,4.8334436
8520094,5.0450654
307844,4.414196
13786151,4.664456
3066976,4.3433304
8580860,4.83634
364397,5.1967726
3143254,4.5614114
18073479,5.491555
20552265,4.767335
11885044,4.5522847
13925193,4.1937246
18601252,4.9842043
16407461,5.8993273
9606832,5.0148883
5928742,4.322789
14614309,4.6186757
9812290,3.6951828
16294525,4.68081
17191124,4.271042
3303497,4.95867
1857464,5.2337775
504362,4.7425957
9999220,5.0408382
2361250,4.9233003
5013137,4.9017186
7383380,4.6833844
4387067,6.0716763
17012331,5.505314
18865501,4.6171756
12781270,5.41162
14322962,4.5289354
20786456,5.2349677
17500053,5.585058
20805457,4.6388693
2925398,4.7183976
10137628,3.9240234
19199391,3.988419
17654410,4.3928056
848508,4.502198
12433422,5.339163
19459006,5.154529
13638108,4.075638
19455656,5.358222
16498229,5.5069647
4377247,5.1072288
20828460,4.8939075
14761835,5.7181416
10035314,4.728866
14169914,4.962344
16740870,4.5776577
17653273,5.0857797
14967356,4.010322
18706127,5.9524946
1915172,4.1701818
3539510,4.7424026
15790423,4.3767796
10902750,4.7317076
20620600,4.7861123
19529421,4.6035123
15287242,5.18072
3616001,4.902719
13020053,4.721575
778974,5.428148
3157330,5.25636
6135414,5.450547
454026,5.1421404
17214283,5.229088
20203454,3.747773
14360516,6.30547
3939307,4.0563965
12308210,4.3256083
19280513,5.2035394
16310180,5.5705056
17141081,3.995719
6846209,5.2492557
11474754,4.56563
9047417,5.1175785
18567322,4.6710534
16506121,5.447234
19069702,5.059634
20941849,4.7613263
9479582,4.1563478
17826477,4.1423464
8988074,4.599542
10523988,4.2300863
13509450,4.467468
12835579,4.1568747
21026071,5.845464
21090350,5.0776014
653166,5.6361485
3923538,4.71202
13379824,5.9519057
16943395,4.0954247
14057363,4.1265316
21154702,4.451093
18086406,4.9162745
8645165,4.231881
5958080,4.564823
10598766,4.154594
10247549,4.080275
5260322,5.261864
15888493,4.751087
6688513,4.161558
5719742,4.3005447
11132775,4.8128066
17424816,4.2715373
20087240,6.3129983
5056421,4.6189985
7690408,4.8785486
1429687,5.087186
4632444,3.7886903
18376729,5.232809
18077983,4.760092
7750936,5.32329
1737891,5.7810335
17934447,4.9143376
12156817,4.3401318
13077627,5.3577776
13187006,4.6214333
3394696,3.9156814
15451702,5.0343933
14463226,4.2654014
15857916,5.0890803
8088445,3.9313467
16930585,6.0645275
5135,4.059269
3549067,4.467564
16962800,4.28187
20979310,5.22319
14820254,4.0831947
6196000,4.539172
2569108,4.181208
18308056,4.2647743
19163361,4.769345
3463914,4.8007817
21040889,4.9419475
17157247,4.309672
13997168,5.7496552
18071399,6.5118847
14127027,4.229791
7998351,5.2127514
10174662,4.6125617
14139651,4.122237
20091561,4.389498
6515813,4.4306746
3877987,4.9023128
8653463,4.5253534
13061881,5.1720448
4842507,5.4297295
19602515,5.2275085
18647180,4.7274265
13769222,5.772103
21150668,4.674771
8169923,5.312772
17604305,5.672683
7631233,4.1761346
600295,4.4119897
13576818,4.79475
12956122,5.772268
3277849,5.3414445
12154870,4.3541512
16481615,5.889822
10142499,4.223079
17447161,5.0641212
18585549,4.4209824
654612,3.993858
8673679,4.3769474
4183886,4.1421146
8072118,3.9029098
18016980,4.2936416
9466894,5.0403614
7801394,4.135917
6527596,5.970543
3344631,4.585543
14163352,5.1393895
9344096,5.654035
10381948,4.438632
3603426,4.3154225
9347368,4.439115
19019919,5.569696
19737311,4.6683755
16367184,5.155622
14490262,5.042213
19069018,4.838983
15990488,4.8880024
19503354,4.616939
1107780,4.9265447
13999812,4.837639
12470430,4.920711
20054293,5.196715
3116428,5.316585
9393744,4.4631305
12956310,5.2627645
233528,4.6650243
12758498,4.746657
5487455,5.2283187
17015036,4.6849265
9075545,5.361697
15471909,4.0083885
15658379,4.8973503
18161113,5.8469305
15631853,4.509315
19709281,4.278682
2264035,4.377216
16265669,4.28593
17517651,4.206432
10042135,5.1669974
14966692,3.6202724
20607362,4.763434
13033144,4.7883162
17657991,5.5493026
585140,5.1181107
16331645,4.3523684
13495558,4.6698546
12133711,4.2881613
1840255,4.152556
20828518,4.234588
18962382,4.0439334
15271483,4.2808547
10411383,5.1705704
15037085,6.3774476
11345911,4.887677
16160189,5.689297
14640039,5.144338
17303429,4.587627
9728739,4.3387074
4518365,3.931622
7621766,5.369931
4227554,4.196435
3005143,6.2972555
1566969,4.85676
17968140,5.275685
19035560,5.072005
17527059,4.052339
4737949,5.313103
1817821,4.2746444
12950890,5.0213346
18064322,4.08196
16164151,4.628653
21026272,4.0169187
16795983,4.720314
17589436,4.0434103
1827491,5.7653666
17072434,4.655527
4067324,5.1884036
666636,5.40636
9976908,4.5043283
12365206,5.0670304
14438918,5.9076195
13653116,4.457517
1042806,4.3570266
15807827,3.5869346
18608130,4.2922177
7919636,4.002848
17669033,5.8716636
4809457,4.9718404
16366744,6.2664194
15407999,5.3363113
9856425,3.892631
20972251,4.5881715
9523431,5.845079
9026479,6.2882195
17593977,5.033985
15644051,3.9892867
6731564,5.440319
17864993,5.3467193
16603222,5.0442624
9578639,5.8187475
669825,4.9106536
16001494,5.8859186
9327046,4.6812353
8685857,4.3232584
1055337,5.1657043
20214044,4.1981387
6475981,5.522626
9493335,5.100203
15738758,6.338222
17830058,4.398941
17978574,4.455589
7807234,4.9759016
11521447,5.128153
14057466,5.1993256
15436479,5.475076
1920205,5.0572996
14454364,4.815883
15499376,4.1065025
4040900,4.0410376
18466229,4.7042084
1608220,4.730426
11759713,5.533795
6823518,4.1248693
1640268,5.1077714
10329769,4.6524563
9920607,4.836485
9103402,5.393472
10497657,4.876601
3227002,5.5233674
4821786,4.0871496
8496897,5.1983533
19809056,4.75426
17848406,4.372169
10019587,4.634029
8569534,4.1475673
12782772,4.94212
10134298,4.7639422
2824012,3.6910784
16321714,4.67719
6820210,4.864312
9045876,4.9024405
16503995,4.5844836
221473,4.1384764
18256349,4.5012197
319844,5.536766
18991523,5.5796647
11101987,4.8158603
19822088,3.892519
8459687,3.612636
12325869,4.554515
4175829,4.1619067
14655574,5.202655
1885386,3.7932136
10586052,4.491615
7649299,4.9306474
1827709,5.7939496
2424342,4.7000957
5039786,5.9635677
6970441,4.4766912
18136792,5.096495
15284907,4.1328506
1099893,4.7534547
15984856,4.335566
5874408,4.922105
8200729,5.5411954
3139646,4.1102037
14476185,4.360521
18703078,4.6606874
4365156,4.2110624
6044166,5.036149
13512040,5.2586994
17922600,3.9721577
10989683,5.187365
14744592,4.6837196
20096412,4.640691
21087317,4.0913754
20233849,4.4517255
15070636,5.640776
14102563,4.2193904
15461706,5.900534
15655260,6.1032453
5068972,5.23775
13614193,4.3312354
4680505,4.352475
14696542,4.8973584
7401048,6.2223086
9523488,5.100698
13992113,4.1194773
18025794,4.748443
4024085,4.997541
12267522,5.2894793
11944404,4.305502
14077991,5.0952024
16496476,5.6745605
18314981,5.613764
10124430,4.5227633
19965299,5.8556147
11497060,4.49423
14993571,4.94787
9217488,4.6495953
182083,4.22925
10810,4.324381
560867,4.43812
16131680,4.4698944
414801,4.5009556
14139488,4.3544855
7698593,5.099773
15857905,4.869262
15149591,4.8160996
2231814,5.5091896
19841837,4.628958
15634920,5.1553245
19069223,5.267987
10165064,4.3211913
16960781,5.2507324
11908036,6.7512813
18949091,4.7604017
15028279,3.9426262
15037640,3.8544135
16363175,5.149814
16845141,4.0836844
12088252,4.907631
18330716,5.300068
14205033,4.662013
2023577,4.2721596
6261958,4.767538
17844059,4.13577
6064632,3.937203
17013008,4.5352955
515430,4.1684337
6246305,4.162384
16635855,4.41328
898544,5.720404
18225851,5.264361
15336355,5.4027762
4786526,5.222941
946130,4.6094623
16040291,5.2971973
6237475,3.9776058
7359878,4.3226676
10235526,4.345683
14071802,4.351983
20693035,4.002063
9349010,5.492882
18929965,3.7866797
13764058,4.760363
20909252,4.6628947
1559951,4.179713
14961824,4.124031
16532147,4.5131836
18059231,5.3787966
14579397,5.47133
1441275,4.528409
13129321,4.667773
18158123,4.6816173
15176149,4.888939
16190668,4.880784
60084,5.108026
3869779,4.1977353
19744503,4.4026976
18157393,5.365441
17772521,4.6857543
481334,5.742818
17382679,3.9343534
13822434,4.286096
4417774,4.349867
6249334,4.2933083
16892955,5.4923596
18434133,4.2275877
14666464,4.240017
14428321,4.312079
17528875,4.648663
8607856,4.853368
14239534,4.3207345
6119703,5.6344447
5480080,5.071118
14627307,4.969936
6359673,5.136389
16408821,4.831931
20409484,5.5026536
16491557,6.060881
16443279,3.9956102
16221732,6.8256636
18123048,4.809692
1223543,5.9074903
4976033,4.193208
8547627,5.0334215
20493398,3.2970123
3944737,4.746106
14027756,3.8566644
4379181,3.6468205
12918829,5.607416
18460137,5.758877
9331520,4.380632
15620627,5.2574215
8539505,4.365492
7574515,4.9554634
13999043,3.7663505
18656003,5.457163
3522119,6.1734033
15546739,4.9258375
10383291,5.0601964
9754608,5.2576733
16897227,4.9285464
18203651,4.2143908
8196388,4.583228
4098271,4.167963
863225,4.5765595
12492509,4.7224197
15149169,5.3424106
20732926,4.9763017
18873106,4.279858
14265327,5.021861
9064714,4.6182103
15084304,5.0171666
17508585,5.0650616
7582520,4.51356
20817403,5.199156
9231791,5.032864
21102682,4.3122087
14654471,5.2054462
13729180,4.9101567
11950632,4.9358907
14416126,5.534348
19673878,5.16615
18378400,4.801877
15289863,4.1177073
11607924,4.1211634
14760435,4.266904
11851356,5.338981
13900837,3.7981856
2410846,4.2990775
19156841,3.6817706
12515067,5.0517898
12233830,4.1017933
13787577,4.6122437
13547280,5.037607
7035117,4.200093
2243769,4.5620093
14357579,4.726958
15985315,6.406198
12125998,5.2080836
18908490,6.538624
11491175,4.5494294
21026891,3.9488459
8686167,4.137158
11435529,5.0012445
6673960,5.107311
7638083,4.3781033
17283456,3.9720447
14051814,4.791384
18670285,4.922602
7713274,4.1663537
14611204,6.463515
379471,4.186369
16213483,4.653119
16284165,5.2916675
17270884,4.0115128
7310887,4.7487826
13170825,4.422383
4685521,5.2376037
16097244,5.183927
40039,5.4113016
10887948,5.5019603
18124889,4.6563625
15924820,5.036721
8255301,4.1825233
15542097,4.5950317
787968,4.1019254
6881101,3.6138136
12664893,4.2087674
13082717,5.6139226
17909558,5.662826
20514740,4.8511925
1945299,4.9664946
16362094,6.1075473
13279735,4.8446026
20210279,4.4928803
16928523,4.4244933
14899860,4.1459603
9445192,4.847411
8940685,4.171367
14015279,5.721304
17269814,5.5066457
7275108,5.0586753
17078095,4.502118
11496841,4.28982
834961,4.135344
11169761,4.402812
6416247,4.8461013
13528873,4.354712
19908178,6.3751507
14139656,4.9435782
10498427,5.0034246
9346505,4.5765705
19387438,4.670999
12055249,5.8760157
6885692,5.4342365
455864,4.8506804
247000,4.9685955
14743440,4.3450074
7856323,4.269452
19888622,3.6735098
9078894,4.943066
10489240,4.0837393
21163133,5.382775
16913696,5.063448
14725304,5.084691
14264040,6.193364
3036188,5.222528
16314585,4.0667977
16288205,3.8588314
4195677,4.7502446
5059370,4.412369
6771374,4.251388
18433747,4.182414
11583678,4.7606273
16541048,5.2030153
17569245,4.8492613
251615,4.5346045
17778664,6.1372533
12814469,4.714022
16218288,4.6972466
18062462,5.6063576
14012340,5.042963
4760076,5.028459
16885819,4.358183
17296025,4.7063355
6476242,5.576359
15055300,5.3427024
886342,4.836384
9108990,5.9155345
16006323,4.293348
2943009,5.0648384
15522011,4.2160487
10173271,5.215985
7009152,4.388851
13606847,4.65897
781313,4.1930966
622134,4.4650803
14843660,4.8737965
15760518,4.098245
15476718,4.8858633
3376895,4.985268
6324589,5.0332747
9716437,4.5014024
18755777,5.098947
4283060,6.1449347
16395825,5.3171244
13787785,4.662587
18025671,4.7409754
12656575,5.1574864
1048410,4.767935
18005909,4.9900103
14722271,6.190944
16996894,5.102534
3983379,5.2541156
13956600,5.3357463
12796034,4.568995
12889876,4.015436
16777820,4.33145
8058693,4.161389
15273936,6.567511
8273260,4.569686
7598367,3.7150393
11965767,4.8541822
6424227,4.2490497
17615783,4.786351
9910133,4.5460315
784124,5.0817833
18026732,4.652695
542016,4.2845364
14869440,4.2437105
11326272,4.782663
14449133,5.2880015
18605469,4.3037705
15146865,4.9239793
20642056,4.7111597
4199156,5.171352
7676386,4.5213976
8975201,4.5411305
16148667,3.9229822
13125270,4.1570272
1185566,4.9030485
356723,4.228606
4637470,4.5812526
17638709,5.3236217
16172686,5.0885725
1716922,4.1273246
2939888,4.2942224
3627430,4.5107374
1159751,3.6146533
9747399,6.0980573
19818444,4.622282
14948410,4.426766
298259,5.6122413
9937535,4.6840305
16269470,4.326327
10075301,4.652252
13843301,5.488464
15701848,4.370865
18077238,4.102429
1230137,4.601464
187671,4.5242653
18869812,4.1291428
3265191,6.5673647
9029370,5.9399233
9184050,6.0427656
18668594,4.8320217
12169612,4.5939193
8541991,5.4920487
7260012,5.1511493
17206815,4.5498776
11755881,5.860086
798008,4.53647
11069629,4.812728
13811836,6.111631
9707732,5.634717
9645768,3.7359657
17419508,5.1763225
19736984,4.7830863
1347170,4.087047
16165225,5.040104
11168007,4.7330594
12027959,4.808462
20164718,3.8394604
8570560,4.9317794
2028360,7.4846053
17702303,4.8220434
19459929,5.1416287
6723207,4.6846642
7360214,5.5815396
10271792,5.621856
13748600,3.8668494
15202893,4.6725626
15943164,6.184404
13824740,4.5558467
8634792,4.6109223
4783809,4.6769276
16964771,4.072527
12396888,5.1374254
7854011,4.1095424
6611126,5.6003976
13167538,5.5365157
15338402,4.7942686
19843832,5.5298915
19588937,4.0701785
20759226,4.1341257
1673338,3.9323533
5478359,5.2273703
11065571,3.8510375
608127,4.373624
18229718,5.238852
18354443,5.144709
9495383,4.695508
12834140,4.8293858
16071011,4.998523
13192808,4.4758487
18191381,5.4932766
14934534,5.168416
3283405,4.5837903
4392914,3.996996
11544575,4.2838798
2345783,4.8114624
8833630,5.114457
2114274,5.317229
9905474,5.3125052
5617847,4.865133
19198831,4.344981
13613812,5.0949717
14835909,4.66399
13551275,4.75774
14334888,4.979799
19839113,5.008516
12871404,4.5893216
530184,4.8224607
1944783,4.542569
10810494,4.047431
13528649,5.1532693
583236,5.2285995
10828944,4.7641683
20996620,5.1898556
10035942,4.5619197
8164953,4.1174603
14666190,5.480199
11939561,3.900483
20680431,5.405576
17495286,5.399476
12132772,4.0979624
1584323,4.9375896
6029497,5.142534
20001006,5.2644534
782970,5.2366095
20970771,4.233325
6337725,4.240172
20730899,4.555831
15379923,4.81701
13881481,4.676961
9383406,4.932211
15072307,4.7719183
16449357,4.951906
2261018,4.3038244
18414972,4.2370853
9867808,5.3007164
16755381,5.211402
11239481,5.4084916
17332371,5.5466013
20409395,5.1186132
1589248,4.6428347
12497464,5.47347
2240661,5.149067
16559120,5.3219438
2553391,4.990411
1488883,6.083673
4359718,4.7526574
19847464,4.874198
20039254,5.740883
16338301,4.415832
9840456,5.2244315
4962537,4.9657774
15400398,5.0291286
16883813,5.787593
1850260,5.7663574
4196767,5.587872
9953024,4.391954
11206330,4.640146
7700503,5.180694
2240196,4.240568
13114164,4.6716676
16456318,4.507543
6843452,3.8009622
15700520,4.620411
6655763,4.1703544
18464882,5.2954626
20634950,4.275894
17557565,4.1505933
16395468,4.16433
10208745,5.862709
728613,5.108658
12764378,4.6157193
4830154,5.1253614
7790214,4.031727
728708,4.4298644
7693611,5.1464524
8409459,4.1662183
19239208,4.527539
10040593,4.7498784
9545027,4.7296395
9713116,4.2952647
19289515,4.5449286
18891018,5.1418247
9807494,4.5264688
15553733,4.20072
15721847,6.827576
7859448,4.257314
18427596,5.131652
8426874,4.165508
19429287,4.7957153
1836467,4.423965
14565888,4.37015
5374226,3.787647
19313551,4.5798435
15657261,4.6245193
17640302,4.1637135
20663936,4.8125434
9364427,4.4020033
19174707,4.919055
17212197,5.908988
13941785,4.6345983
16141655,4.114527
13526483,4.0529056
17094703,4.557262
18704012,4.834615
15806228,4.835117
2823443,4.4792924
13743786,4.7173915
15887609,5.0412526
18414304,3.7467809
761606,4.2358947
804246,4.524715
19101808,5.105225
3116519,4.3679333
13956054,4.63818
17299846,4.264415
15397646,5.0845113
13996108,3.8694265
5561693,4.48264
18376450,4.91104
6480490,5.3536434
5768516,4.8854537
12191270,4.6170993
5013658,4.336846
3842224,5.9314127
12358495,4.044175
2954320,5.132706
17778026,5.671331
17927065,5.31962
16416135,5.107892
14890570,4.560483
4619162,4.2780848
6949526,5.4650636
6426364,3.7743187
16514760,4.634232
9487684,4.163639
13670297,5.343862
18193845,4.9015326
573036,3.705827
2232600,5.2111387
18913714,4.5449367
638927,4.836119
860776,5.4313755
8102145,5.23594
854589,4.5612183
4160934,4.412338
11732393,5.673578
12151445,4.602312
17388450,5.2557073
2429295,4.6485434
5028653,4.5601697
7243478,4.3920264
19468444,4.0734797
11912173,5.9963617
13656154,5.103985
14474750,4.159386
4233266,5.0932045
9490599,4.326305
16394258,4.145031
11326539,4.895162
15784865,5.2102966
991765,5.458728
18314835,4.8477397
10811548,4.938162
8721888,5.1925473
2127713,5.4342017
17464358,4.6309524
7457099,5.8180943
7699095,4.907407
1005416,4.7233496
14449898,4.120399
17402220,5.7439337
9716378,5.204191
3479421,4.8698378
19663834,4.3305974
16121611,4.2518973
3908470,4.216642
5194720,5.0978594
9997449,5.523242
17367335,4.22265
14356479,5.3836417
38780,5.430401
10808086,5.0029902
19892549,5.2648406
15718810,5.1152434
7682344,6.152998
6377669,5.5013037
17442248,4.4125905
7540104,4.9623227
8272389,4.765169
4662379,5.107066
4170796,4.4841995
7547536,3.4642284
6674401,5.892251
19054657,5.342582
16587686,5.060395
9451768,4.042481
14568352,6.1972227
6601036,5.1562433
11675817,4.3129187
15422382,5.8489833
6342741,4.1620097
17303910,5.9911456
5536844,5.6961184
16427988,3.9292872
272044,5.969564
7495831,4.405052
13296897,4.0285845
5546221,5.7696595
12274601,3.4154932
15550898,5.108921
11700764,5.0517535
12830558,4.1587715
15353298,4.6356277
8837755,4.749439
15902035,5.1597953
5308054,4.8348527
3240105,4.22704
14842489,4.201337
957224,4.342065
17223884,4.464239
20055786,4.2114463
13100435,3.8791382
13247627,5.766181
7717284,4.3567176
15831628,4.571024
17962113,4.81929
10085052,4.6103
16554997,5.6537247
18326528,5.756305
5512776,4.9111853
20505903,4.469156
19730536,4.9045644
14925244,6.1092725
11338519,4.450048
16102562,5.945283
5482196,5.2385955
5883697,5.2344036
16095062,5.309974
4765593,4.987543
7839661,4.759461
17328869,4.598533
1805138,4.9987316
20440757,4.2490807
18840106,4.959221
1461822,4.2199874
18634199,4.266174
18269848,4.694868
21053471,4.656438
3977417,4.1864314
12211971,5.3239856
13671691,4.994325
4263821,4.683077
17770822,5.095615
12579094,4.6866145
17845667,4.184277
10805091,4.975019
13907143,5.389533
18176856,5.563856
310448,4.076881
12953867,3.7257452
8778798,4.904595
9768909,4.36616
6585861,6.454236
14709979,5.103416
2760374,4.1744637
16442321,3.8768566
13435011,4.8286676
4652615,3.5340393
13077370,4.278797
12255045,6.339838
3667998,4.90353
9614796,4.9509606
9075976,4.5889378
16200921,4.596032
15478143,4.7642684
15649553,5.7510657
4598265,4.8812246
9755638,4.4112773
9103619,4.688293
9754637,4.249659
11574461,5.3645296
14045952,4.2449827
17499633,5.81532
14959218,3.9367728
57754,4.592568
19914476,4.975143
20556483,4.1344886
15701789,4.554562
9792367,6.016325
797696,4.60126
17735281,4.1672993
12156610,5.5168858
17224596,4.3103824
21151879,4.99471
17507159,4.0799923
522020,4.5405064
9958192,5.1873183
20076056,4.262893
6116341,4.9656315
9470752,5.071233
238208,4.2613425
18506858,4.516669
8688286,5.0077286
7054405,7.2426076
14763217,4.804891
12326682,5.2158823
14589262,3.9953704
19117639,5.4174995
13748008,4.791951
4278067,4.442393
14617330,4.325375
4773944,4.8829727
16289648,4.5118413
19639906,5.22356
16303271,5.5916295
20279560,3.963962
20663286,6.041892
20015757,4.848723
7662160,4.5262074
12627455,4.8065863
20167454,4.939805
10118716,5.2041554
12562914,4.001261
14872626,4.5000653
11757166,4.6598577
15236758,3.7886903
7603299,4.3214235
16861746,4.577374
13266176,4.5507936
18461609,4.570938
4848114,4.1438737
14011728,5.0751963
19428111,4.317385
19715020,4.635786
16155512,4.0863185
7020065,4.8793187
15930564,5.1209993
305670,4.38874
21096625,4.239986
7903573,4.476244
16597896,5.5837064
9810125,4.267431
8741049,5.2792306
5432828,5.8393497
10338708,4.442532
16613509,4.189068
291812,4.3180923
16322425,5.214996
6762011,4.704262
19400183,5.9264755
11911646,6.142926
1437593,4.062335
16496690,5.977477
10927168,4.8222637
7597750,5.2718067
2194038,5.112126
13867534,4.1111717
13026615,4.8829465
2087909,4.286178
18754116,4.274427
4339188,4.3323784
11209849,4.153229
732917,4.7200875
12709469,4.964128
5806377,4.4192023
11065633,4.627718
9794240,4.1087713
15771541,4.4439974
9185117,5.9432025
16659992,4.8275595
12326107,4.6585665
7975020,4.4245257
7976234,4.0589676
7351420,4.189847
8948898,5.970214
19450626,5.3729553
11168411,3.9794047
7860652,4.80081
17663375,4.2556534
17809622,5.368948
4988687,3.9587355
19548605,4.333152
13562456,4.8293447
6587413,5.3551354
5260700,4.1721134
9056804,4.9779735
12113529,4.3395295
19388464,4.839605
17677711,4.6163096
20138788,5.184118
10811617,4.741192
15281975,5.079677
18560301,4.792235
21093354,5.095897
14220943,4.677318
17174288,4.2300377
17822849,4.026002
16381911,4.399838
16438719,4.5712137
14507274,4.1313925
9596278,5.1158657
17224033,5.9850745
11634778,4.646546
1315773,3.9663568
13426831,5.3697605
16230857,5.0242977
13702697,5.240121
13488121,4.255212
16204588,5.1510887
10911005,6.2150455
9731873,6.0505586
12135609,4.9504457
5298299,5.3670506
12681868,4.584562
8227628,4.8859687
5422368,5.4705048
4767431,4.9467154
8666770,5.524134
4856373,5.424448
17349455,6.339817
3013668,4.1241384
12271759,3.5956686
7897634,4.04915
17735430,4.2593436
10547198,5.2250705
1053404,5.0241456
16084670,4.15829
13310597,4.154323
20074442,4.8857613
10610160,6.2606945
15736068,4.6073847
20530264,5.5505877
7071593,4.9039354
18527257,3.9161742
2637902,4.4655404
20699111,4.584309
14401142,6.1265764
11125166,4.5578666
20999685,4.600948
15037140,4.449166
18139812,4.814511
13844032,4.274151
17586122,4.549345
19720342,4.408058
1049354,4.6908474
17826447,4.242504
16839502,4.603619
771282,4.713538
7645438,5.452952
3791415,5.427431
13235863,5.5515814
14120622,5.1875396
14320099,4.205158
10012011,4.9685044
20857688,4.245757
1344551,4.715053
17698148,4.0719557
2895511,5.0432315
6492589,4.3699236
20034279,5.5814786
3906258,5.7898855
799785,4.011214
7632182,4.599481
7116864,4.675823
21092518,5.258017
15042574,4.640803
9116734,4.896803
20775239,4.107837
8807842,4.466954
16312124,4.628941
4652629,4.0021496
1009883,4.4340487
681607,4.627591
17122821,4.8730354
2657791,4.4493613
5045267,4.0058703
14182668,4.1772413
6821784,4.3877673
12208768,4.9663777
3354790,5.275563
4887417,4.8904095
19372893,4.608654
12713976,4.5989504
12603268,4.7508764
6850488,4.613976
20698073,5.3337
46699,4.2903914
6855624,5.291723
11456952,3.8913121
2553668,4.889113
17042673,4.683223
17451933,4.796625
10660072,4.2617993
14576717,4.7158513
464581,5.5638404
9557226,4.821757
17732728,4.546071
13763522,5.2261267
14671675,5.2149196
14501006,4.1611915
3731110,5.4943423
15859962,5.528371
10526202,4.749182
13926632,4.7549953
16845769,3.7926009
3554585,4.779999
5294453,4.4764752
2447138,4.1432076
490221,4.8343706
4777117,4.1498237
17074602,5.0735235
4823105,5.296429
11302982,3.8763857
4097700,4.785864
8337125,4.4641232
10784420,5.567789
10710046,4.3713355
12545769,4.6750584
14042406,4.972357
9837205,4.432311
8814070,5.149332
7464990,5.225394
18073785,5.3460894
16894437,4.1752825
10610,4.6657295
3947427,5.173659
1370405,4.6188483
9433764,4.9665446
14887528,4.43032
12092179,5.2831373
8406911,4.7666545
16720574,4.0405836
21108624,5.7913365
20982593,5.34355
11552737,5.0652256
17604998,4.6086235
10982458,4.662915
5534660,4.164163
13381201,4.710291
19305374,5.5590634
18463609,5.5834284
10516424,4.866333
7618475,4.416743
222304,5.0155835
18213825,3.8160226
15284426,4.1178102
13714127,4.1301937
602854,4.5699277
11607061,5.737156
8883269,5.0337973
15066543,4.1694846
1039096,4.9550405
209310,5.194101
20333969,3.8971162
20960223,4.775617
10783991,5.096235
20425693,4.929283
4660875,4.65003
8924392,5.007291
9727618,5.471299
1079335,4.408417
5116621,4.6751885
806040,4.920922
14945,4.2783957
9935888,3.9722836
8069456,4.355035
1725110,5.358139
5661539,4.192132
9350060,4.8499093
9776055,4.410089
11784410,4.744588
10516427,5.1839294
14606464,4.6671376
3974464,4.8424134
11281958,4.594159
18892598,4.6345434
8758519,4.3127146
7732851,5.0808964
17190341,4.3641925
18225912,4.3682427
2515646,5.168933
14150184,5.6031804
12843467,4.2980733
159913,5.244327
16394608,4.55405
13117863,5.5426226
16519495,4.769478
15249635,5.0164204
15876538,4.023323
16084499,4.5091777
10967026,5.130264
19855708,3.9898255
16159058,5.3871727
15327869,5.482904
16469991,4.3101344
3251823,4.6745667
5422535,4.5117593
18176595,5.305334
6383557,5.0709414
16841494,5.4872413
5660492,4.0492606
17778469,4.554397
16605075,5.8305135
16810041,4.776893
6580308,5.362244
5783492,4.4351974
13540233,4.2149496
11443001,4.3015556
29187,4.093647
13125344,4.586812
12288394,4.342045
18471319,4.9317727
10038410,4.8132358
9316470,4.4849906
15313198,5.7732015
17027912,4.55696
13619629,4.702519
20895202,3.8835366
3986794,5.03133
7582706,4.6854215
15322998,5.7910523
8629638,5.389367
3473170,4.6499486
18277856,4.5840554
15419976,4.789514
20439529,4.107884
16559061,4.1769605
5686949,4.8781943
17482215,5.4483304
16678571,4.8066144
13960801,4.7151327
6181131,4.0348315
10407723,4.52033
3673938,3.4935923
17622695,5.153196
12929687,3.9677498
5903014,4.7964625
17963855,5.6621857
19622613,5.334151
15493003,4.4958744
19617178,4.589052
12084205,4.391351
8014811,5.308299
160142,4.3643274
20571371,4.383027
19117990,4.0519185
15300956,4.044302
9494726,5.575515
16544785,5.101424
7089639,4.1914644
15649127,5.5109544
17892443,5.760856
18324610,4.253133
4334136,5.035906
6452788,5.316033
2008518,4.078683
7579892,4.4938445
18449852,4.021635
16558316,4.8732605
7820526,5.184787
20648350,4.391439
7256961,4.368144
16601458,4.8838544
7583774,5.097498
18898042,4.1491795
7902889,4.386498
15943497,3.842556
14838028,6.0771704
16019177,4.836461
18327762,4.55048
11562327,4.593109
15320048,5.395434
6184030,4.54285
296345,5.4877024
6990764,3.958507
17945744,6.3391705
18823940,5.053333
12435812,4.19877
7761523,5.682153
20453302,5.6686783
16194732,4.9831033
8600584,4.6591926
757007,3.84006
12346372,3.559715
6318530,5.514049
12630697,3.8892243
19115109,6.3032794
13697770,4.160408
16349645,4.203823
1633126,4.1829805
3798482,5.1190577
16061068,5.0154614
30474,4.10141
19911540,5.0510964
5571684,4.871686
10177753,3.8987083
12127405,4.07866
4250185,4.0988507
1056644,6.3884377
8049455,4.4268265
18849787,5.192242
1427084,5.6683483
16464998,4.3033743
7149408,4.311258
1868877,4.5686264
10746071,4.8800626
6793913,3.4486327
17876369,4.924057
16507174,4.896993
4348161,4.241467
10548768,4.0993443
3913873,4.8513255
16408223,5.446068
807680,5.0856996
11484489,5.1051726
3015844,5.0085683
17700365,3.7085087
16649754,5.1028123
4162901,4.9298477
5935275,5.1979246
14171788,5.004043
15759415,5.1467896
6465341,4.6085196
9823505,4.7244773
12930048,4.0580673
17778426,5.3857465
9630526,5.025324
5163155,5.065517
16926581,4.892657
1460558,5.3698926
744227,5.24535
19946965,5.137433
7496720,5.572057
15718719,3.9806037
468751,4.612376
11534269,5.112196
11868495,4.1516147
21140527,5.5970297
15240889,5.443434
16827508,5.3113303
19530067,5.5005746
10503392,6.355079
11770800,5.1150513
7272530,4.9967437
14864014,4.333302
986727,3.8640423
20122292,5.835564
548799,4.2324724
14873303,5.2159834
16568543,5.2756176
2158067,4.3048277
16497710,4.8534665
9016585,3.9393597
1890853,4.1809726
1623609,4.7676735
10299047,4.63867
5383435,5.4841123
17173473,4.8508477
19054683,5.265307
17266255,4.62462
4231934,5.1514645
11606802,5.037236
7497370,5.922371
15341744,5.2246895
15390748,4.797674
7789408,4.6107383
16188579,4.696731
12897713,5.657736
5755232,5.4395127
14000485,4.7244005
14202480,4.2204576
17697735,4.750936
6237756,4.4917145
10362615,4.7379093
9130782,4.2943816
6146164,4.537094
19594617,4.129103
14785540,4.0302553
12736761,4.831102
6881043,4.627333
16331969,4.4276075
13412641,2.832622
10098118,4.7374578
13148370,4.7940183
19363944,5.1699786
2899146,5.6918306
6121996,3.9985173
19522236,4.8301163
17333415,5.3126135
15807842,3.3886645
18414993,4.390545
4198764,5.540433
11243376,5.2082953
4143849,3.9281852
7074668,4.27636
5573050,4.33101
17848009,4.955436
12384469,5.845224
13613450,4.1411996
14559074,3.9067101
15565275,5.339928
15645144,4.551219
3262930,5.0592456
12519774,3.8791857
16427395,4.7708583
16177132,5.5345516
17075535,4.8563175
8856196,4.988496
211078,5.010819
18086134,5.424805
13740409,5.116082
421539,4.6307077
19450121,5.3780003
12856890,4.4512243
16896530,3.6040187
19915204,4.990987
18057783,5.330049
2930663,4.7061877
2751736,4.2781
8390348,4.062113
6471117,5.607536
21039322,4.570166
4573964,5.0940347
13192807,4.8543215
12111075,4.379802
1108077,4.980243
5784897,4.421329
18035872,4.350101
16275635,6.2944994
2931271,5.0222325
16839227,4.951928
18396135,4.6878786
5806273,4.3074265
1589328,5.5665226
17958329,4.1059904
3369898,6.478212
4923194,5.217294
9795627,6.164957
17279472,4.55888
14522689,4.109516
16793030,5.416606
21038103,5.5685267
15067956,5.3532796
14094182,4.9134445
14213456,4.1715307
15149137,4.805372
7619996,4.407976
6292850,4.634441
7899683,4.791317
20532901,4.8533106
20616848,5.1025524
12970522,4.6460776
17237728,4.6210485
4767711,4.7948728
13462575,4.873784
18194161,5.0426807
12133672,4.3639727
7126110,5.039565
16067986,4.1899004
5773300,4.5852737
13432842,5.973102
17925617,5.1920094
8118888,5.1904817
18841072,4.1935253
4565171,4.65695
11187498,5.2112384
8116720,5.2993355
6051322,4.9847426
7652138,4.3309016
15819226,4.822999
762015,4.945405
14516582,4.7029977
16945495,4.3110385
13573663,5.315036
6284471,5.15528
21163990,4.5615277
14502657,4.246177
16083506,4.5359883
12319329,5.3059464
4862476,4.68837
7318825,5.0829186
16834485,4.3041134
10787056,4.6954365
12737808,4.3440223
20851971,5.151731
11891948,4.2540336
17753503,4.3422313
20224936,4.866353
14886663,6.211746
13152923,5.207798
17140536,5.0099635
9451492,4.5150256
11708688,4.146812
6613263,5.401229
2160982,5.8483667
9733227,4.995189
188661,4.299129
9252531,4.0044293
18288371,4.4799943
20511790,4.5903087
16929266,5.296996
20038749,5.4266257
15542745,5.121538
82919,4.3109493
3496438,6.1131053
19380091,6.388572
1966872,4.437317
9864486,4.735379
20928140,5.2234898
13006657,4.2170105
15809545,4.305548
13862985,4.548624
1994216,5.238687
38663,3.9996097
17743857,5.1948786
15872298,4.3983765
4293652,5.0879073
12022403,4.513531
16631820,4.7420106
369411,4.2072935
2538192,4.1481843
6317095,4.6872225
7380063,4.5342383
20919370,4.1385837
1960407,5.007423
16015716,4.678033
6031948,4.361824
10212862,4.844782
732746,4.5850854
14566386,4.8426595
11724255,4.0574446
6524549,4.1538568
15396528,4.8151073
10595838,5.113163
3665537,5.1255713
1215627,4.9508557
4978214,6.750922
13183631,5.155596
3021191,5.1114182
19227077,6.1829233
525672,4.2223024
6481699,6.3433595
16344877,4.794594
1778910,4.032254
13998293,4.640271
18484208,4.065032
13915106,5.01556
14984002,5.5583525
15466179,4.9342074
15678146,4.7416534
13282801,4.016517
333323,6.3572407
13296349,4.253686
15298129,5.074432
16008703,5.5055223
1866051,4.7417164
2089712,4.1329565
9820483,4.1351643
4437053,5.150774
9366138,3.9374363
4639402,5.3472686
18489317,6.01594
9616217,5.046207
15640689,5.3132205
16560671,4.441737
17980937,5.2465744
11390374,4.888874
14538181,4.4972367
18501989,5.4481726
15803779,4.591677
9926044,5.147804
17681338,5.355283
6712434,4.6121936
13532366,4.893037
21066622,4.750271
13200896,5.2704043
16225594,4.735554
15162388,5.015025
8595828,4.766914
13165929,4.6766324
15114715,5.262765
15707655,4.53271
5814328,4.175628
15378237,5.3481736
7674659,5.054229
18208738,4.946833
4904582,5.5878906
13496464,4.812633
9495031,4.266069
18255708,5.4914346
7331831,6.3982
13077603,4.6423187
9090360,4.5374665
922764,4.1882296
16571915,4.2441077
14041642,4.6073623
2508745,4.0689883
19058927,4.900503
12508909,4.2754626
16664657,4.031976
12357598,6.2981505
10143116,4.4077086
10233626,5.233156
8565538,4.414989
20367796,4.7279725
2000722,4.114236
4395112,4.09493
14221817,3.7849493
17623793,5.146531
17080387,5.603071
847856,5.967967
14594842,4.6404824
2332284,4.5166526
17699982,5.066556
16160897,4.0748405
9939746,5.30883
14241537,5.470531
16172895,4.8981347
15565532,4.936241
21023051,4.906384
3441311,4.10408
20051513,5.239599
4417147,4.10387
18972181,5.200306
6362662,4.296576
1874928,4.686208
5029204,4.253586
13798859,4.1681333
4587059,5.8568673
8531976,5.7400603
20476066,5.9046383
21037273,5.07846
17001661,4.1999917
1429445,5.6949406
13002333,3.9886792
17666014,4.2356796
2876032,5.6466885
522081,4.171677
18157879,3.6985967
7774182,6.660247
13398514,4.8402333
8072329,4.1009536
4730634,5.7089195
4182158,3.793084
13122932,4.9402833
16179710,5.679997
9556983,5.2726607
17295742,3.869448
7809534,5.961417
6211495,3.9453518
15176877,4.169595
12505852,5.0164247
17076149,4.672653
20499229,5.5871286
11571841,4.318249
15301022,4.6930456
16126184,4.9271717
4170460,5.106767
1918693,4.214166
17031368,4.0404105
19362751,4.0854106
4539520,5.812614
10023618,4.984824
4745674,4.630092
19329748,4.1660457
17134357,4.3579473
3385966,5.046427
13343630,5.1738553
12807280,5.1229286
900383,5.07068
15038862,6.1496606
19516485,4.7134995
3414993,4.3814797
18584987,4.8916645
7330664,4.481404
2108635,3.6833951
11237441,5.12462
42744,5.3734894
13190773,4.576984
1472559,4.6640277
16030166,4.65465
1087793,4.2475023
14446252,5.737164
6450240,4.694536
254837,5.027611
4089417,4.322498
11323416,4.7819986
16651576,5.971997
8047082,4.535853
5281291,4.1887965
18039559,5.7515554
15837086,4.446273
3529503,4.1656904
9798242,4.9709015
11377381,6.338793
17920249,6.6450443
745916,4.630586
16418179,4.049755
12642052,5.1122622
4052680,4.8375406
14087436,4.845634
13848709,5.037492
5030765,5.896681
2658124,5.112042
15843930,4.8129845
19469485,4.99404
5998890,4.0777936
17925945,2.95045
18263839,5.211711
14164319,4.2792625
15601285,4.0404353
18635351,4.3135557
17975805,4.6088123
19628242,4.409294
4612712,4.082173
16380684,4.6461277
15284277,4.6401787
4119371,4.2048287
20852099,4.308024
9155021,4.0827694
16298925,4.5343127
17880059,5.3459516
9239252,4.870433
190974,4.1974707
7460451,4.988944
12101959,4.606649
832947,4.5571322
8480087,5.1473346
9810271,3.140016
17031063,4.560752
16163805,4.972578
3906676,4.6234083
7689063,5.090611
7111050,4.7536445
16778566,5.024873
16523231,4.283456
2022303,4.280862
2396340,5.450118
4343860,3.8504202
1135064,5.1495366
15860884,4.207869
4016268,4.599631
9975150,6.0281153
20459144,6.262313
14984718,5.844472
8287457,4.5031157
14470786,5.0640244
10706442,3.500522
18359593,5.317534
20433634,4.398935
16821077,3.887667
14111975,4.2651987
17273178,6.0736628
16424061,4.245301
18820207,3.8980424
14747337,5.673446
17367759,4.2599773
16791425,4.9212976
7699107,5.169068
15058488,4.8278317
14860691,4.585765
3290739,4.726287
7223426,4.468417
18241991,5.7744412
5862211,5.2279453
1588843,4.043883
15160791,5.1131773
13748499,4.481042
4409819,5.0166025
1267991,5.014275
11946732,4.157538
9681261,4.2838974
9388214,3.6916387
11209798,4.268243
16301606,5.0481563
12176027,3.9244285
20258481,4.853567
14389559,5.144924
4144519,5.2384744
17984591,3.8687346
8126091,4.48468
8028382,4.0474734
13863669,4.9937434
9434495,5.01433
17960577,5.0346045
11511688,4.2397666
16404289,4.4036813
15602372,4.1670017
17875002,6.3487306
18501679,5.0347056
12283602,3.9516246
7839251,4.1634765
10069448,5.3383174
19968961,4.599696
7038319,5.2206316
19789878,3.923318
14323803,5.641719
3629141,5.1434374
20919723,4.772724
887129,5.53797
8920988,4.885158
17606513,4.195451
2619342,4.4065013
1574191,3.9911602
11565853,4.3622594
628227,4.17819
3465670,5.498006
990725,4.854641
6767535,3.9836285
17034967,4.683436
11851803,5.3252163
11813641,6.612922
2960183,3.907428
20734,4.2414145
7038801,5.4944224
17704230,4.410476
8032596,5.3103504
9992479,4.8102703
18209634,3.4080055
14569562,3.9647987
19751140,4.133081
2062608,4.4371
6259905,4.8636065
8553197,5.0013103
4261837,4.9661646
16239810,5.2939706
2431784,3.958249
8757920,4.0238104
4994173,4.1523232
10704778,5.656843
19139234,4.7672396
10018550,5.134831
16453878,4.0522833
18018735,4.697419
4574225,4.8399215
13135589,4.977618
19029310,5.6269226
15639615,4.060465
13513738,4.7803993
7110732,5.318693
7517147,4.8727336
18612685,5.390863
15775189,5.0287666
2942732,5.1978874
11219289,3.915626
10673497,5.501538
19521605,4.9371314
20605810,4.661815
16302192,4.9575763
7820916,5.1176944
17578199,5.705491
19702245,5.2364664
2728146,4.2436905
13327777,4.6633854
3088192,4.8309608
13914825,5.418295
17957663,6.001801
14342643,6.09907
11015221,4.1440363
645942,4.3262143
1180103,5.2283607
14855656,6.0107656
18073037,4.9914794
17759582,4.8240294
15943946,4.99252
15678763,5.037679
9747186,5.1964726
9708499,5.2896094
16517011,4.954315
17040129,5.3359327
212544,4.804559
19676676,4.1668324
16829155,5.060223
17689998,4.933556
11256529,6.3958573
17989780,5.252023
5825173,4.427705
18305270,4.741773
12589516,4.71815
19210372,4.129493
11970678,4.1757717
7734176,4.4715214
13419520,5.2813106
17254770,4.2787185
13478138,4.1097813
19621042,5.561296
13129891,5.1007013
3091872,4.1791654
18638549,4.7729807
6546210,5.9481974
3907483,4.678336
6783846,6.2179475
10880241,4.8206015
16491326,4.232902
18722173,4.822037
6370883,5.126769
5780698,4.3837214
7530703,4.9974174
14341397,4.1012716
18274527,5.147359
2111172,5.0298457
4135920,4.509329
13797162,5.2545404
18239652,4.694804
15060731,4.805004
9533360,5.2566924
11868703,4.0962825
9136810,4.499702
15192894,4.370806
13429298,3.924052
6586401,3.8823566
11459807,6.6052284
4572174,4.647771
17435385,5.676806
13076592,4.0723433
10342888,4.8068194
9989322,5.1398473
15978933,4.949003
13191347,4.8184023
9946991,4.681689
5432751,4.153631
12026623,4.8725195
1407244,5.758411
5717608,5.694203
13828424,3.9302027
6659857,4.6368074
14784992,4.8487525
4387931,3.9859335
18523182,5.1117167
1060442,5.4598684
8292622,6.1017675
10320697,4.428543
3633634,5.3570714
11491051,5.2306576
20270141,5.3294153
4352150,5.4736576
17894683,4.279625
16041366,4.642946
2793740,5.2829604
19737449,5.258994
9117625,3.934633
9427051,5.251333
20482130,4.641018
12069335,5.405337
16019734,4.355342
20542488,4.1274476
18984088,4.977509
15161347,4.555853
1106534,4.5337334
18582571,4.328833
1071855,5.386969
13859059,4.924348
16603199,4.5325174
3120545,4.060872
14421440,4.4497437
14426674,3.941805
16273058,4.9271398
17764085,5.179941
17497867,5.335081
7601924,4.818927
15344255,4.7340775
19473132,4.534076
4593985,5.0061717
7161256,4.439487
9428922,4.096042
9301998,5.305541
15288407,4.886146
19360434,5.036534
19965184,4.9402485
17738174,4.823324
12706347,4.2218328
15529937,4.1444407
8389302,5.4565067
332740,5.0620527
17571875,5.9932117
3803590,5.6014543
19504985,4.230816
11075529,4.754987
831725,6.3898635
2291995,4.120084
5810061,5.1620407
16300332,3.8572512
7881023,4.391556
14761108,5.4805884
4726448,5.777625
10631450,4.3182526
6502685,4.0801115
6727770,5.0596223
17191522,4.129572
9771629,4.20708
14139781,3.8232896
18550385,5.082479
19839741,4.840398
1497024,4.7484236
17423971,4.8728056
14321957,4.5888953
19928708,5.4496794
20535805,4.3313537
7749818,4.4028454
9676890,4.618667
16325886,4.302817
16573278,4.5878325
3666146,4.8733635
3267902,4.7468348
17642814,4.410694
8131587,5.2004933
6445173,4.1997514
666988,5.604878
545675,4.5843964
18957205,4.7748213
9461803,4.661235
15422273,4.57091
2944146,4.2751756
16848409,5.5943866
4803964,5.2825155
20748950,4.511371
14523308,4.4040003
2823209,6.134274
15615535,4.539303
4921514,4.310287
6820637,5.1994886
819206,5.3110976
10933042,5.594672
3065843,4.75939
16269854,6.2477045
191733,4.9936104
20944572,4.784123
9995163,5.550239
18355480,4.4718103
6937480,5.5195065
9063028,4.8200793
20896714,4.9030113
20470007,4.3674426
6993520,5.2053666
4576487,4.9589424
20426006,4.0046625
15889125,4.69757
16042777,4.612839
20913509,3.7713835
17651018,4.3592243
4769391,5.5105314
10045963,4.5592914
11214666,4.6496224
18216262,4.991323
20711007,4.779471
13840774,5.065888
19694951,4.153392
15421829,5.5076704
8924709,5.2985063
12648471,5.026953
16900929,5.2240376
8442940,4.913802
18112836,4.862246
839320,5.83621
15043178,5.4373746
19409691,4.573044
15086235,5.3429723
21053075,5.529228
4344061,5.676489
8341092,4.354571
9576995,4.134204
11268648,5.9636655
20166059,3.6914
13716698,6.1760406
154106,4.4143023
14383209,5.8365045
4941771,4.6486373
314442,4.470999
15956836,4.1356907
4463165,4.0429063
17357072,5.7501907
16583928,4.1024146
13973083,4.255643
2739703,5.632918
18182145,4.932074
15422565,4.686012
19630122,4.218077
20407903,4.5583687
16310153,5.2195587
15025181,5.5273957
14776203,4.6610365
6600264,5.2551265
14633419,5.2187395
13292422,4.8961725
32037,4.6973205
15930229,4.161122
17187094,4.5006504
769734,4.942029
7762110,5.5489964
14147697,5.470119
10106056,6.3114595
489965,5.5203385
8563025,5.2125425
2909006,5.043828
19007359,4.755111
258397,5.180855
5220722,5.3324594
12585689,4.2279897
12627781,5.1014733
19052102,4.954317
279673,5.334831
6462454,4.1526074
10105584,5.5776563
3985462,5.5019155
20167684,6.0414295
11148869,4.266199
12274481,4.6394706
2713477,4.6657777
3499251,5.242044
17029511,4.5393
2785501,4.978699
18413879,3.9411893
4424511,4.159322
19490069,5.2973304
20063641,4.4859457
17482247,4.73684
13281460,5.6743345
9512345,4.9751573
6809304,4.998387
14785384,4.6216884
17462882,5.4970555
17224080,3.9871438
12529306,3.9892504
20509949,6.296147
20550251,4.1720743
8473811,4.920522
10102601,4.2721615
5892693,4.1704926
10405545,4.3190203
1280301,4.9015527
16086086,5.13998
15286104,4.520131
9615727,5.022976
17493606,3.930376
16379624,5.8916926
13699396,6.202418
5328746,5.4442415
9669049,4.695303
11159093,4.9315777
12325795,5.0633717
3358803,5.1928735
4392562,4.129766
17366751,4.316356
10771400,5.2209334
15731983,5.519734
3093240,3.8957243
17575828,4.329548
7921362,4.269722
12755256,5.784678
13188220,4.676156
299062,5.7661805
17714367,4.8874
15739930,4.1409893
16618663,5.3400836
938015,5.634286
19163623,6.1786904
8689108,5.1333623
7803475,4.647894
15805642,6.370687
9147731,4.4735613
9487424,4.360564
11044547,5.0466714
15888632,4.709605
12611248,5.1992
13413386,4.2023354
19997111,4.317197
3518114,4.2603436
13816385,6.100466
9476822,4.568987
6805923,4.9398994
4773949,4.5902224
11150118,4.318978
2564544,6.271439
4456997,6.563202
15346479,5.1156516
15468556,4.2041574
8867364,4.0994883
10753070,4.660917
17483093,4.422604
13411367,5.259523
2652861,4.2604704
16643518,4.947669
13673164,4.401803
10729692,4.7035427
2291084,5.6308355
12809730,4.2585654
17707963,4.4628296
5424792,4.214722
19292347,5.5380597
2637385,5.1805444
16364491,4.7927995
18414121,4.342176
14611861,4.9838195
11827607,5.3299747
18609864,6.141875
19071262,4.1070385
4494303,3.8506818
16544552,5.0639286
7982270,4.6040444
15422991,4.9563217
5685743,5.6587095
15304572,3.4244204
7196849,4.1247573
13173203,4.0723457
6936951,4.3343954
19729004,4.5899105
8752525,3.8882651
3309982,5.7833114
7677499,5.4857574
12158216,5.7695155
9116915,5.3776903
19942242,4.1748743
6526309,4.319836
12451425,5.5709224
4022640,5.4178295
9413280,5.1019254
7576897,5.4620194
4264211,4.1701407
13732992,3.964685
17620085,4.116734
625201,4.6354074
1255225,5.1816845
18312625,5.0628495
10104291,4.2287893
6317282,5.2282653
15537588,5.673398
14900567,4.158544
3469171,5.0248027
15716189,4.6984243
8409234,5.4019184
8865499,4.243422
9916357,4.160028
9627500,4.6467357
15535322,6.6559534
1555678,4.341657
8472818,4.973586
4173751,4.5071225
16686337,5.1916685
2055819,3.6339157
14237068,4.154345
15485880,4.2538543
18269005,4.9957733
8590198,5.336485
449660,4.559722
1141045,4.7411766
20186834,6.026537
18433862,4.2601714
2478188,4.0651283
11718329,5.032679
2933899,4.8639836
16536695,4.624523
17989537,5.0614767
19211778,4.9672065
1239293,4.462741
10513228,4.0085454
13371809,4.976004
18626944,4.191758
7823524,4.3791156
19721664,4.440697
3789685,4.404305
246413,5.768702
19381437,4.698883
951365,4.2841053
13333542,4.3414154
4301625,4.6030583
18272467,5.4407215
3570745,4.828899
9974108,4.224934
16374392,4.588363
18370840,5.0178657
14219489,5.4510007
12036892,5.218549
11986802,4.024183
17921412,4.650732
18009035,4.3073626
942233,4.9828944
12342190,4.6687856
8986585,4.1301327
16241282,4.194617
8907265,5.9440165
17903944,4.4702435
14251887,4.219207
13912472,3.9418318
15470890,5.038004
9841955,4.643263
4929392,4.479309
16196694,5.1303205
12932496,4.568551
5760832,4.5951924
9018434,4.2399673
1183236,3.9038968
9637500,5.417359
14624028,4.4275537
13170498,4.781583
837103,5.0330844
10524804,5.1807213
5967421,4.837147
14077117,3.9690964
16589596,5.51198
11910257,4.262293
18490567,5.550275
9146595,5.1363587
9372941,5.5793347
7841904,4.2420707
21120328,3.7595837
16072983,4.3919735
10994515,4.757592
3819946,5.0947623
16805050,4.3109407
13603582,3.7668188
11960804,4.671737
9219893,4.1350527
5505643,5.4113398
9542131,5.3471937
13972090,4.8286786
20871275,4.754616
17620638,4.713671
16584033,5.874511
14388924,4.235416
1692470,5.082892
14948249,5.036104
17892026,4.9825463
1268022,4.486223
10283357,4.0135784
7699550,4.4198494
5414178,5.1119924
10653901,4.836565
10051637,5.01881
18944289,5.174171
14944159,4.458763
231194,5.266336
9757277,4.2225294
4932293,5.741932
13955374,3.9357083
5930009,4.4868975
5074013,4.565633
1099244,4.6593504
5523654,4.5122795
3250171,6.064728
20176139,4.542628
18609421,5.3835435
18924273,4.6329203
822169,5.830219
8290724,4.521028
4569465,4.7615857
17762525,5.0455885
16945596,5.241691
4100985,4.609767
18288660,4.315686
16752501,4.6071734
8671862,3.9312181
15706750,4.274989
13175199,4.9564934
19624565,4.1339865
13497893,5.280433
13973348,5.6494794
6515119,4.4932923
10085688,4.1675363
351881,5.565708
19549649,5.5273676
18718498,4.53517
1008814,5.5708723
19926351,4.5908747
6680201,4.9102845
19549547,5.05541
3664439,4.412484
14138066,5.1245794
855549,4.7529507
13430038,4.75584
10425572,5.718572
18242394,4.0641475
13897470,4.736097
7714658,4.659723
10351249,4.574454
10999085,4.091283
16464577,4.5532537
1426198,5.199829
18871297,3.9708903
8537400,4.541643
4695477,5.409425
15917221,4.4062915
443844,4.5957837
640601,4.3014345
19379532,5.782613
10755419,4.12183
18915167,3.9603064
14912548,5.1464815
3674155,4.942745
6610511,4.0305758
15202936,4.603405
4469892,5.3280396
10752160,3.9771922
17849288,6.1873646
17565878,4.474917
17362708,4.2434006
6341337,5.644047
9136734,4.6252036
16096170,4.1071305
13929245,4.7736435
18062148,6.42036
4133847,4.6402225
19893367,4.0321407
1262392,6.0012836
893863,5.5510283
8015034,5.400955
1466081,4.919627
5268918,5.2302713
15628435,4.730612
17746222,5.791969
6277479,5.996025
15160470,4.724749
15484080,5.1876535
12271773,5.8721004
251271,5.0668683
4275461,4.015306
8336595,4.627551
17905264,4.7747526
3304307,4.7456036
17462144,4.2189846
7713352,5.2756267
253839,4.2688828
12680643,5.916117
16325808,4.6469946
13126582,4.760482
2585378,4.9055424
14373079,4.8544216
10943915,5.2167373
9792203,5.292268
17528183,5.7829375
1777197,4.7316175
18438986,3.8557932
17370193,5.1522493
6323824,5.2270474
7092072,4.0720296
9217460,4.4345746
1093977,4.2018247
10370687,4.875272
15324956,4.8138766
16846359,4.168153
17574145,5.0890718
17417018,4.1315813
19844253,4.9874263
13213590,4.918696
6835132,4.597723
739909,4.186303
13570789,3.8791287
4616825,5.027905
15251279,4.0793505
19983223,5.313073
12602880,4.3450847
6921974,5.11087
17408518,5.1113477
9998974,5.152293
4170452,4.1020617
2072298,3.9132738
10547772,4.087555
19376182,4.7081423
17288818,5.1928973
11572259,5.600637
16509087,6.0229416
14153586,5.033237
12550454,4.912826
16570063,4.5186505
5525716,4.355218
16528260,6.290624
14089094,3.2464757
16192497,6.2005186
704793,4.729341
3656251,4.621056
9813508,4.696655
11391384,5.2643614
8172995,4.0384502
10035109,4.2600665
17972644,4.300086
3710685,5.283142
17097898,4.6217146
8722841,5.5802283
17207134,4.308699
1988823,5.137086
17158662,4.725441
9884175,4.2876806
3720231,5.2098413
6983246,5.0447626
6261372,4.4792604
18236779,4.098471
483485,5.494008
11758988,4.271172
5946238,5.1446595
873024,5.645156
8971749,5.972203
11199645,4.1781874
18258027,4.018749
4514042,5.0415325
9651139,4.384631
12988929,5.463457
8365172,4.7979364
20927977,4.2057242
9863570,4.000277
8462800,4.8569813
11921964,5.036765
3811907,5.0387564
13495361,5.3639984
13694042,4.329743
10926089,4.8811975
15405332,5.4346876
13699008,4.5578456
18152855,3.3438442
13638099,4.7093334
16354537,4.1510963
12522344,5.725167
330535,4.0895624
18259084,4.9219823
19950947,4.26583
5213963,4.443288
11161427,4.471607
11970512,4.414904
9239508,4.1805177
15044483,4.1377316
3945142,4.706172
16633571,4.975587
3102110,3.8405118
8688941,6.4699297
9786021,3.7962182
16487874,4.4670506
17987692,4.96801
5882394,4.2335896
3272181,5.120433
12036288,5.9962735
13501642,4.65301
19176371,5.146074
20979534,5.2866015
16585008,4.7347603
15452024,4.9837694
8045639,5.7712603
14447291,4.0221124
18923450,5.254052
14348959,6.085463
10674299,5.4023604
17811571,4.5122375
7325063,4.9715066
958370,4.725134
16076,4.48119
5457251,4.770232
13879372,4.779835
3687227,5.390789
11983644,4.599143
18463851,5.325377
12052288,4.503505
9992903,5.9755597
8099186,4.460213
16810665,5.0210137
14691847,5.1335907
13816362,5.16504
20331468,4.7900143
6988905,4.337843
15471093,4.8263206
14184335,4.5781207
19675756,4.9740257
1510726,5.4856873
15165971,4.617944
19564704,4.845207
2189450,4.770194
13296735,4.650697
18778675,4.655713
877450,4.344006
8146609,5.0702796
9758070,3.3890734
9494210,5.6563497
14071357,4.872104
12474957,5.4616156
19616582,4.1876764
17554298,4.163215
7915596,4.9199443
9606796,4.836645
18076623,4.8475976
7511610,4.3757696
4454031,4.4225683
20932035,4.6538124
9769423,4.6510925
5269042,4.4277287
7302136,4.773748
20692587,3.9452977
2909413,4.9497447
18141978,5.1949625
19811587,4.1685224
15973366,4.4966006
4912544,4.1147156
10881222,6.049565
6054864,5.666183
812938,5.7094483
4164672,4.927962
1208076,4.832221
8863398,5.1917286
3783296,6.1540303
18346042,5.31322
13280672,4.58337
14639048,4.2128553
990385,4.6786165
20602384,5.199914
18229115,4.1882114
277038,5.2245355
16490852,4.7885294
1488096,5.5535307
18211851,4.637716
3953841,4.2576613
3441221,4.704994
19546899,6.2294226
6924363,5.246767
9635223,4.6263003
408983,5.1294246
11264054,4.7714834
16683957,5.2683043
8225518,4.021078
6555794,4.1372805
17445068,4.199511
10545518,4.1266603
16140807,4.718525
2721610,4.076291
19528326,4.8097553
16977823,5.1312323
3309941,5.250356
16516107,5.4789753
6794912,4.367948
228517,4.7375054
12964178,4.6976457
5360412,5.3422647
18126531,5.258376
12434953,5.0308833
16390105,4.9381485
12433898,5.843619
733039,5.2672243
18426073,5.6417856
13997091,4.955371
789898,4.5923157
20748309,4.940632
4575206,5.6373525
21153966,4.7468376
13127453,4.506976
4825097,5.7309027
17494091,4.245614
8918151,5.492099
12343793,5.2352233
18142927,5.1146173
1632715,4.0631213
125163,4.754598
1086598,4.9630833
9470677,4.537453
55737,5.18515
15329781,4.5342436
15216703,4.510224
20285330,4.147643
2074653,6.023446
17797420,5.164847
11284520,5.421165
239899,4.570618
9219752,5.269363
10787059,5.2742314
21040832,4.3708396
3585926,4.962277
7714880,4.1930227
13687255,4.899245
16815615,3.9533627
2998518,5.116982
5863395,3.9733653
16333776,4.9465694
5020267,4.768427
13358424,5.049293
6228461,5.1064754
8068363,6.0557227
15658995,4.8915963
1278457,5.2492423
16778028,4.095883
190968,5.4148245
4802797,6.0977197
328040,4.2185216
14075135,4.406
11470374,4.907382
15042742,4.4845886
1171779,5.083128
5499928,4.8516526
19629899,4.271879
7494583,5.8795595
11718223,4.9548144
710459,4.0816936
12113879,4.587405
14884485,4.4030857
13079053,4.352918
15744813,4.985884
14931714,5.3029027
7638156,5.4966936
6450836,4.310309
16304549,4.8906116
15036268,4.2734284
17877828,5.0113688
15070512,5.1792583
6801204,4.824943
13733254,5.798509
2419574,5.308662
20852769,5.145117
7763272,5.2310567
7918799,4.8587317
17516330,4.853987
18570121,4.1888804
17946053,5.69452
16576925,4.585661
5505918,4.3183045
6729222,4.6508193
19602883,5.4569893
13657090,4.977377
14454086,4.3609147
10886689,4.8098235
12432739,4.4181523
17846645,4.3701057
17553568,5.525386
9715759,4.228727
211986,5.1177135
9530999,5.019436
3474958,4.5907702
17643672,3.9506507
11189779,5.0753784
17559756,4.7829976
13669926,4.2712936
18104648,4.227965
17283045,4.3388433
11693299,5.5342827
1251653,3.950334
21088326,4.8804154
16828918,4.99798
6195564,5.2452087
9734950,4.211649
14945062,4.493818
6059738,4.0297775
9779425,5.817143
9632711,4.738469
798391,5.3183565
1810653,5.1918497
19824694,5.6546693
14577789,5.360859
9560162,4.768555
16012941,5.604641
18309967,3.9913821
17592573,5.7657285
14022754,4.286142
6716020,4.7461653
16339314,4.7573175
16616256,4.038083
3757057,4.29241
8826628,3.820977
16113354,6.541393
9249060,5.4063387
17640459,4.263515
20900206,4.5181565
339680,4.6275783
17893727,5.4399686
9435531,4.433003
201996,5.223167
20836802,4.6522074
15605179,4.110282
18614893,4.1850643
16351864,5.4669623
13867999,4.234233
4179420,6.245741
21175685,5.093344
15678924,3.9480717
13979807,6.2473383
5736329,5.204942
12292409,5.2184067
9731178,4.7652698
585510,5.238833
16576092,4.5024834
15759558,5.2027864
471712,5.052252
4235547,4.4332004
16205941,4.5485125
65763,4.988633
12896684,5.206843
16369784,4.147602
11276570,5.883689
18516103,4.3141894
17248804,4.4827776
16427608,5.07305
13685228,4.809157
15874007,4.736164
16068164,4.848045
8067138,5.545639
6554200,3.926478
7911571,5.3172927
18674619,4.612156
16156563,6.0845985
17171235,4.148114
18181064,4.1348505
2098060,5.191436
6913969,5.0596375
19593659,5.048775
16220723,4.2105026
18197148,4.2574825
1950311,5.510572
3467876,5.225281
11275963,6.2830353
9391161,5.179406
12484859,3.9008722
4720083,5.0308437
2844042,5.9209523
19059321,6.2356253
18375701,4.754096
9903922,5.4136014
12629023,3.4596999
19102964,4.9858336
6797615,4.4924045
19144853,3.9407587
8749247,5.0390553
8402248,4.495497
10105964,4.6246543
6936157,6.369909
6029809,3.317726
8411209,4.395153
13218392,5.5066767
6194718,4.587435
8235932,5.1275563
4082268,4.258091
7789695,4.226974
13749078,5.506943
7715259,4.1530027
5407230,4.685291
17508300,5.0340724
6466074,4.655891
8187052,4.236407
17959615,4.7057815
19634230,6.476623
9714880,4.8586373
16400971,5.089062
14570963,3.6988328
636391,4.3745947
14574647,4.091767
1602551,5.0445495
15772118,4.554548
3759009,4.9975247
129515,3.867569
9342219,3.983452
7219051,6.196968
2863530,5.6684666
12833275,4.028577
11572744,4.6252694
18142309,4.746628
4476226,3.813397
15395910,4.0586305
4586330,5.283756
14057387,4.111261
6785216,4.6559215
1725872,3.8516707
13798188,4.277681
8753832,4.7787704
1627455,5.426692
18441903,6.088154
20115453,4.231725
18361070,3.998624
13183285,3.9443095
7331326,4.072844
6238781,4.9304204
16855887,4.0017843
10264737,4.5781426
4469990,4.3134403
238658,4.323502
17152735,4.9452457
5488307,4.7646112
16185920,4.249783
18432943,5.2466702
5965216,4.2456365
18448516,5.070067
12989303,4.7734537
16705218,5.296247
16711346,4.6633043
14125801,5.4304595
18590415,4.3605843
15826776,4.859614
447856,4.9483213
16519674,4.9909744
7224826,4.535546
1375509,4.4538083
15393523,4.1063905
18008937,4.2648973
9833558,4.337272
13779358,5.2535467
16322835,4.197335
10745682,4.400923
14917352,4.179844
9926058,4.0575156
6383376,3.8682787
5316266,4.006854
18040947,4.0949955
16736881,4.7197833
16978519,4.1933155
5302719,5.6960983
10863182,4.1562986
7648134,4.0865774
19444974,6.0172486
19246634,3.959207
15817486,4.200885
4902729,4.90084
13222669,3.8077374
19021484,5.8789034
18308373,4.127802
2166521,6.121454
15708946,4.214911
19679035,4.048863
13188501,4.260764
15834391,4.398578
15053461,5.370669
15788478,4.6114855
9802131,3.889284
9548246,5.130424
14613591,4.4456835
3751355,5.178349
18561753,4.648988
17531493,4.1140485
10271968,5.770413
14950378,4.285662
15748789,4.948162
6942211,4.6050963
698094,3.974196
14720550,5.4323235
13331330,4.914195
20456466,4.50587
15115566,5.0773582
18750597,4.020051
9765762,4.0597486
20409110,5.667065
5697091,4.476098
7130487,3.979308
3917869,6.7479587
15044499,4.7206664
13282840,4.6433463
14282425,6.5323105
10875244,4.598951
2937902,5.237921
16405940,4.598329
12036459,4.5737514
2984805,4.408521
1365676,4.795968
8090484,6.1468544
20916311,4.2751765
13398702,4.2797074
14222699,4.74378
7453537,5.20899
14549226,5.0665345
16851969,5.4934382
6677647,4.214298
2917698,4.498989
20634122,5.019913
1137587,5.239935
8514753,4.9113936
17157565,5.128331
17530279,5.3562284
14445481,5.097086
15146997,4.296976
5758234,6.03503
16531848,5.570123
16635016,4.1718574
14124430,5.1593947
14628818,4.8464346
6325652,4.7420354
12547169,5.714563
5310153,3.7338963
8721610,4.4122543
19711528,4.54784
9730117,4.5137506
11528125,5.4888587
8055632,4.6040487
16316481,5.0345635
6317778,4.197334
1618339,4.660087
4293935,4.0079985
7839767,5.0346546
17416583,4.996703
18308107,4.440563
14826445,3.9484305
1296106,5.132572
12988290,4.1594286
13999301,4.4558244
450790,4.5023103
5671922,3.7706356
18398973,5.2575336
6424291,3.886496
11223381,5.4524693
11013650,4.5458164
6836391,4.183352
21176693,5.206971
18158716,4.3884397
6334614,4.325014
16752013,5.3753786
7398419,4.727312
15082387,6.50092
18774120,4.642747
14595303,5.1344843
10319699,4.0721006
19913191,4.81776
8964308,4.8011785
14221987,5.1498747
15314922,4.572112
13190594,5.2476225
11036071,6.0106564
20692664,6.055162
17500509,3.9309037
20498407,4.239725
13168102,5.0393944
11255314,4.4821377
21039710,3.5608146
2478418,4.4176054
18090498,4.8676734
15207249,4.3986063
10499255,3.9546595
964901,5.1472588
5990953,5.177672
892469,5.0926566
8741782,4.5175858
14127595,4.586943
16701575,5.014769
16296071,5.513764
17516146,4.546178
9886013,6.089478
19715121,4.1421523
6134622,4.6868854
17446858,4.215925
14425401,4.414151
10657771,4.826359
18423403,6.180068
19307872,4.191836
11885446,5.8344746
6817378,6.1195197
15177667,5.408449
10901583,4.466444
8174638,3.9775426
12472258,4.75878
15327611,4.129593
14779684,3.955003
9772152,5.7891355
10452803,6.1189938
12303347,4.6628733
292927,4.7268133
15315398,4.988699
10250433,5.4718447
13176342,4.712155
14205043,5.100849
16840040,4.2915535
11905849,4.8189993
17669758,4.563782
6365190,4.0526137
16148192,5.0139728
14351602,5.6477613
4848500,4.346102
16703869,4.990623
17664413,5.099355
14694615,4.648778
14578160,4.9364543
10211953,4.6925645
13359578,4.76793
19905148,4.583338
9953924,4.4043503
7061239,4.741226
2671926,4.954552
4704370,5.0489016
16707105,4.229861
17982264,4.8878856
95747,4.387813
20960316,4.164339
17118367,5.421268
18416365,5.1458797
17178348,4.6615596
11243074,4.529228
15632125,4.0410185
16778186,4.1723557
19528363,4.286603
829083,5.203841
6827217,4.9855385
14029798,4.768114
12755553,4.927256
14014239,4.458538
17812823,4.7761464
1683808,4.249629
2008441,4.6962543
10527707,4.15233
6044620,5.214797
16284824,4.996965
16189705,5.130769
7998127,4.7094407
13995107,4.922008
1304808,4.7196617
17576489,4.1868052
14522961,5.049609
172870,4.5950723
12137477,5.685812
16498335,6.193936
4039789,4.268761
15830338,4.470479
18841599,4.511455
10095611,5.8336406
13062471,5.904166
14372664,4.723242
5145999,5.70136
20905187,4.627222
20783815,4.2597384
9838419,4.6054826
2879843,5.240675
20356181,5.2203574
15884259,4.6164794
8370508,5.270304
13566201,4.758102
15718412,4.41583
8439030,5.7695155
17561224,4.8156147
18492585,4.4390345
190170,5.144783
18541736,4.655516
13998208,5.03637
19502013,4.828932
20674126,4.924614
20393477,4.8521104
17106705,4.7453933
15873227,4.7573757
15249986,4.207662
19049166,4.626135
16637180,5.0738792
4594620,4.8135366
14389726,5.3396
19449463,6.703439
746430,6.0575376
2197283,4.2280397
6044839,4.512062
7380142,3.977695
12021858,4.8694077
19830169,4.8019137
5931103,4.7176485
5315798,4.636366
11733256,4.0679975
20759291,5.260454
15754561,5.0355535
18447199,5.094015
17237411,5.1112967
20833393,5.443782
16530447,3.9708657
5956649,4.1750426
21175803,4.2470727
258284,5.486991
4111549,5.2954636
19818393,5.309577
18214511,6.37692
14072546,3.8749082
2949790,4.2839084
20755969,5.0800414
19385595,4.14431
16456120,5.071951
13355213,4.652817
14606369,5.087143
15504162,4.1551356
3209866,4.9070506
11753760,4.2961235
16308925,3.5691926
11171264,4.8601785
11874525,4.7552505
8117490,3.8062918
12987348,3.9149837
10992907,5.3020864
5934904,4.114106
17154856,5.5373154
20033157,6.0742126
14673975,5.822421
3056451,4.9263196
12741471,5.13413
45936,4.6280203
9095977,5.1932325
10076477,5.6184
13513389,4.8062105
15380469,4.135063
17753121,5.085017
17340036,5.8551893
7228259,4.176177
15745346,4.2480874
16299413,5.006527
6704000,5.406736
75512,5.4218607
5749936,5.088321
16000494,4.712718
13671653,5.0647235
20757519,4.5564485
7706555,4.2380958
13884339,4.730672
16665181,5.326347
13727835,4.55554
21022270,4.514028
10877774,3.9464717
2919858,4.0534
4698247,4.6015368
16315325,5.24686
14383742,5.0993004
19155632,3.8919857
84636,4.0505776
13686891,4.406526
12776465,4.229892
1148380,5.1270957
14502227,4.7758484
25765,4.412779
17254706,6.2795744
6032921,5.384038
14331996,5.0155263
19963878,4.2484307
979926,5.3436985
844386,4.408649
6048412,4.205612
12764112,4.3084445
20932820,4.700337
11594280,5.431678
12972076,4.1087637
3462626,4.159322
2939670,4.4213343
5642981,5.3706064
15343738,5.2306614
8028210,4.541384
7004149,4.530977
2319598,4.6925488
12453456,5.0853767
564550,4.778598
16546248,5.864044
15067459,5.8990526
18560569,4.3463097
736187,5.031186
10052336,4.3757796
12381255,5.3271666
15149108,5.1398735
4629753,4.7343454
9526057,4.677752
20327599,4.66517
9194248,4.8961763
10380115,5.0955725
10452642,4.7602944
8797534,4.853922
208727,5.248888
732969,5.2151284
16842440,4.128671
19768107,4.329437
13487348,4.016371
9760192,4.583776
9747039,4.6879196
8679596,4.805473
10764797,4.7916956
11610515,5.00088
7618153,4.8271623
16739265,4.206956
16489163,5.6779003
7939934,5.4501743
17300624,6.4174576
3709013,3.9273558
19898570,4.832695
4247869,6.167967
18527037,4.0780005
19309321,5.135941
20888216,4.096635
18159358,4.597154
15287863,4.5767884
14654676,4.004727
10009737,5.4698334
10163152,4.4006233
17611001,4.63289
20803220,4.385092
13389175,4.05692
12989986,4.637318
4287603,5.038113
10729123,3.733566
14913899,3.295525
7396662,6.2772083
10562606,3.8904655
2079189,4.812177
4294969,4.952964
17904694,6.0061603
15142531,4.329789
11697378,4.77309
9674869,4.0562754
6799957,4.2798724
3664714,5.061394
6568683,4.132896
19475303,6.5446725
16757472,4.9646173
15311849,4.9566946
14600945,4.7671027
20151690,4.573316
16338071,4.1689615
18343888,5.060892
8615468,4.5809493
15957295,4.5794063
13529498,6.677935
7280528,5.26669
13782654,3.5936723
15146626,4.716562
11362231,5.027773
5372526,4.577137
13331735,3.9569972
11778358,4.239114
9343350,4.244446
4371199,4.6964884
21136805,4.6057873
20761389,5.698421
10546027,6.1843452
13528281,4.402877
2515870,4.4059343
10593675,5.2916675
14108757,5.2533255
13860606,4.685889
14915590,5.6866946
15856861,3.8406196
2004411,5.5498037
2075284,5.3207603
14886854,4.6625395
14217898,4.3435407
11740725,5.0291443
11441301,4.1940722
6292309,4.429904
18052903,5.0344124
16453909,5.007483
190722,4.958346
4965275,4.4211473
15216895,4.698732
5068125,4.125601
11144760,4.0685024
16001334,4.599208
926181,4.596841
1824808,4.2055435
8371328,5.214013
20848152,4.074745
10549219,4.8839746
18160355,4.6813593
4716607,4.7369914
15341783,4.502108
682179,5.2072663
3378797,4.301006
6976,4.260473
5194517,4.8939757
19219624,5.3426704
18388570,4.254233
16984296,5.0493035
17246552,4.2736883
339208,4.545609
5194721,4.8146267
11653350,4.584682
7916127,4.9038377
1166109,5.240962
16779469,4.235913
19949403,3.911314
20439520,5.007798
69369,4.1574817
13397549,4.498904
12592466,4.175839
7764302,5.205726
20277166,4.221692
10726034,3.988273
3018867,4.5545754
1478914,4.0654287
1609676,4.2255435
4915953,4.3699718
4165037,6.2117543
5651968,5.3723655
15041998,4.1327014
8163660,5.0701423
20466247,5.0567327
17921546,4.1463375
20967325,4.767218
3532347,4.984092
19572579,3.6242678
6630775,6.0052137
4926230,5.4959764
14395832,4.5843263
1751638,5.7471895
14203065,4.492005
18332722,4.957189
1602770,4.6176915
14725265,4.694114
3835681,4.0835443
14507861,4.814483
3820089,5.8045025
2020881,4.2693667
7792243,5.3094096
17238819,4.8541317
13005599,4.79929
14472873,4.367749
17811033,4.706248
6334236,4.563643
5500426,5.1877894
11441692,5.315843
7843604,4.339214
15631990,3.9824195
16191055,3.7812927
7163908,4.412628
8008601,4.8102565
14522870,4.671698
1335634,4.5004344
3400739,4.8887105
2573888,6.360498
3788288,4.0855455
8487735,4.6652975
13045629,4.0471225
14237954,5.469716
9867938,3.9457579
9461231,4.672005
10553095,4.4962792
19824051,4.4923415
2835343,4.007723
670064,4.209437
13928534,5.0339265
8405555,6.557128
815592,4.515433
4174847,4.1151576
19769328,5.6154723
20506568,5.528833
20186060,4.3718514
17297340,3.9876857
6451098,4.271493
15957209,5.179339
14212111,5.4010463
17133181,5.2626624
10612564,5.160623
11014002,3.9706707
6512986,4.7558227
8857842,4.0493374
6627931,5.1296954
13655313,4.3077826
16258977,4.3489904
7922641,5.1812234
14122786,5.0606146
14187218,6.3784394
9647558,5.234177
10657080,4.656875
7464395,6.4458303
3102027,5.578443
15326027,5.0517654
11434829,4.2296734
17891388,4.082447
15579760,5.4153256
18690620,5.1919255
3790017,4.937922
16555869,4.9277143
13913555,5.470647
10417430,4.702695
2010971,4.1897125
17975638,6.404418
13676842,4.837771
8996582,4.717805
13193036,4.7495656
7457673,4.624434
8689632,4.149066
17223032,5.1607795
6922558,5.0999722
13311481,4.777785
14342720,4.5446534
1294438,4.200695
7954596,4.23337
16677131,5.0380993
16290974,3.9548492
17417489,4.7403326
15240927,6.4355397
19123066,4.217575
20155822,3.8634434
2236624,3.9558308
1601459,5.871431
6715426,4.903375
11204018,3.9805648
20815396,4.190646
3821374,4.963127
17210021,4.659391
6675769,6.156843
19099454,5.0594788
11868448,5.496556
14946585,4.6571574
15133087,5.089856
9741327,5.0208244
11926246,4.7968464
14304169,4.2646155
18987249,5.1605287
15506426,4.784866
4430645,3.8318365
885580,5.1263585
8424836,4.7544074
1735259,4.209474
13189124,4.378146
21056319,4.9806013
21135749,4.975611
248713,5.3827558
13884549,5.888409
14775090,4.518149
10138218,4.752308
13986672,4.659623
8809245,3.8506622
8429327,5.7359395
6461609,5.0321527
9259002,4.537991
21013080,5.0491977
15254346,4.465376
786693,4.654959
19457729,3.7131097
13947346,4.577576
12492474,5.3000917
19451117,4.3444076
19411805,5.658088
533193,4.573627
6662521,4.8108525
5730126,4.790209
16114510,5.1360307
15286892,4.154814
17157615,6.0118237
14724479,5.2263813
13395674,5.2258577
13604278,4.2497973
1175027,5.3695464
16691817,5.390452
14992722,5.308071
15096525,6.311395
18342727,4.6866617
13753106,4.7331586
18748762,4.8827276
15966819,4.6701856
624219,4.8029046
5775139,4.050355
4830158,4.9778566
5396801,4.643562
19386564,4.626235
13129607,3.826438
2189129,5.45436
17000454,4.3820653
11581443,5.501199
255601,4.645006
15056946,4.523047
4895881,6.518621
9820968,5.4218655
9497858,5.0011964
20284467,4.197351
19333802,5.343571
529077,4.2060566
6180642,4.6901574
20150376,5.260154
14323257,4.4506454
1525602,4.646886
17975697,5.366653
8474523,4.683132
13334292,5.254493
9185291,5.5131516
14612001,6.2645755
7510176,5.224336
16179778,4.8837295
16796659,4.8439455
8775324,4.9418793
16284479,4.9110093
11234747,4.0244846
13452881,3.8825753
17157502,4.6215224
12358454,3.8305292
8686231,4.6472025
9695480,4.7547717
8367355,4.362803
2989576,3.9261537
15369274,5.590674
16148021,4.8791428
503722,4.787046
211974,4.07245
18928565,5.2437105
6642187,4.1039963
5978999,4.2039948
16179637,4.6069684
5581272,5.2045627
1137270,3.7752128
585326,5.538965
8986011,4.8684583
17151465,4.1960855
8523936,4.7038555
1092952,4.7564883
5545876,4.32392
14372086,5.2132034
18449225,4.222963
19439896,4.8433976
260618,4.3080797
12183872,5.0605807
11594225,4.536402
13431969,4.307612
7558612,5.560909
13964338,4.5961037
13881317,3.979124
616846,4.0535984
17911489,5.1274834
19940687,4.1877055
4887154,4.8573594
15544269,4.268376
15889904,3.9298787
15857974,5.0066366
13565735,4.8628173
9484892,4.6285615
9543593,3.962292
7498821,4.2661786
13620412,4.5329714
3772256,4.584241
1478708,5.2914133
17473389,4.6431994
15343573,4.188764
63299,4.366699
8595563,4.843202
16470569,5.1919274
13529874,4.91497
17857197,4.14946
413528,5.865562
18719830,4.472517
16928185,4.2284765
5365041,5.4446588
18585153,3.9215333
12970794,4.061774
8135784,4.6154413
16842869,4.1600738
16634452,4.5523696
17866497,5.3843064
6992939,5.0424037
17025057,4.689196
18039406,4.3103204
1966985,4.369577
13168316,4.128697
1399352,3.9828143
10940860,4.8767447
12246159,4.8213596
3968797,5.212623
17419435,4.9586744
1598821,4.7094073
5318042,4.41048
9842323,5.1048903
15051958,4.3892307
17766887,5.0394373
4959182,5.6009345
15500908,5.864222
1578240,4.4621234
13278282,4.4458256
2111965,4.099638
14401988,4.5537953
12309858,4.0798798
4204083,4.1527333
15095869,4.0481997
6427200,4.825067
4895022,4.318957
15094880,5.319906
8210662,5.127844
20663721,4.1359634
587519,4.0773683
6430646,4.80903
2695042,3.956857
13278590,5.065035
14251966,4.6894913
8338312,4.8866997
2782449,5.151302
7679930,5.3288903
7162515,5.38533
18240637,6.826201
11970358,4.739542
17829852,4.294572
18358606,4.8180394
3716193,5.424079
18276063,5.069857
2267519,4.6342583
6153176,5.200121
15898619,4.9261928
9788783,5.530716
8501346,4.389202
17702188,4.37433
34180,3.9584768
8988671,4.3215623
3755730,4.3379407
18520798,4.6274204
5602759,4.7219286
19261697,4.6383643
14466625,3.789457
5859294,6.927807
8256789,3.2891674
12566931,5.2153263
4076676,3.9990644
13252336,4.6730447
4513190,3.6363146
9039932,4.2744904
3904474,5.2609096
9662070,4.4923177
18137618,4.9047647
16133192,5.0764017
16478910,4.2398796
7516219,5.130061
15565416,3.899956
21107564,6.036538
18507811,4.438676
2425222,4.5545135
8987171,5.1103525
13722149,4.750597
10812058,4.8303123
4918117,5.0852194
20873868,5.371609
6959726,4.6511965
10962069,4.142268
3575029,5.3924026
13915824,4.1608295
5258014,4.254485
6588703,4.5820117
15232882,5.0052752
1013554,4.762093
8721995,5.4320993
15507289,5.2072244
15251944,5.0329366
14962062,4.285699
15547856,5.825003
19142325,4.217363
4365969,5.3135324
13865089,4.264078
746309,4.101636
1914231,4.7247314
18137025,4.880257
11585921,5.4534307
934686,5.413283
16415932,5.5767875
17241281,4.9247785
18395345,3.9990654
20361914,3.756394
18309423,4.807973
14804430,5.2501006
20954875,5.013772
16960376,5.6392083
14450363,4.0587378
4916150,5.2062125
4199365,4.9045596
5717674,4.0765767
18773448,4.801459
16604226,3.9821782
16228498,4.6305985
18980195,4.8170424
1936397,4.1838374
4129518,4.349511
803237,5.9395804
15854348,5.392252
15834879,4.886288
1785463,5.495134
1542007,5.4846406
17289486,4.9540176
19050041,3.9572728
19366175,4.6492295
2919081,5.2612815
13614714,4.4639025
18945938,4.6321073
6676462,4.6402173
32289,6.0112925
2158228,6.9454055
16033346,4.7835603
9812471,4.3326097
18646319,5.1201587
6245649,4.875199
2339096,4.557921
1377820,4.4192567
4587068,5.3502083
19823304,3.759442
19274358,4.447858
17862060,4.4818635
19154676,5.4479265
12202225,6.0559688
4047932,4.3967867
13996790,4.875595
7582014,4.8378825
9549937,4.1779704
16052687,4.513087
12308161,4.66579
17850042,5.43675
8439758,4.1733985
16345587,5.034546
162565,5.1223865
15310417,4.402349
13028092,4.50326
13787219,5.3113093
9756362,5.137156
1557272,5.2098603
14216505,4.03232
17366907,5.1136
17137626,4.4312057
20353421,4.046963
19160115,6.303343
10205130,5.3736453
6257770,4.037615
19522520,4.9091854
14789838,5.0242896
16664559,4.240144
19986637,4.307615
13636041,4.309493
13497953,4.60357
7820825,4.9801598
17027112,5.331682
13698734,5.8449497
18033653,6.556467
10191343,5.2809744
20758401,5.103937
19811816,4.649632
10160215,4.725383
12558102,6.3529205
17116411,3.925518
19997367,4.019051
13128992,5.139966
18650393,4.1890097
1360756,5.375111
5970919,4.374401
18273842,4.284454
8170575,4.697592
15635436,4.834788
19590104,4.2686334
6249284,5.111283
16040400,5.316867
20190740,4.119613
6713059,4.754481
13124099,4.017086
8686886,4.112607
1467097,4.8633766
3173259,4.046961
12095061,6.0162864
14094499,4.2376304
18672688,5.670932
14587518,4.6927695
13027997,4.053707
14844179,4.8844934
20270107,4.328893
14696082,5.13521
15058397,5.564818
4387019,5.857302
21152592,4.6384892
14385616,4.3981385
8596566,5.188865
14670482,4.286651
629745,5.627458
9011614,5.1216927
13436195,5.0042057
5264560,5.412701
16362651,5.2660336
11360562,4.3964944
9476370,4.8236675
3630424,5.0000486
16366905,4.426505
9633740,4.0403748
18081991,4.3354154
16082746,4.2677717
10724373,5.0838547
19416317,4.054591
19298754,5.167777
14206171,5.684196
1319855,5.8716993
16337890,4.7172165
17019601,6.2904367
7020266,3.717013
16220385,4.675475
9539912,4.6366944
16348973,4.6231537
13864060,3.9997253
12934873,4.493173
16569236,5.0980315
765914,4.6150036
12203030,4.2007427
20730993,4.881714
13046279,5.9760613
12783482,6.3353515
1185357,4.501096
18525012,5.4040422
15321861,4.9653773
9326969,3.912287
18894086,5.4499297
1109582,4.641378
10850091,3.9675148
15289169,4.2260437
300311,4.464233
6436035,3.84245
20946833,4.239388
10231981,4.2997427
13064287,5.1801
16065265,4.149814
14446045,4.7636175
10411964,5.8111205
17636883,4.115192
13083988,4.7868075
11326229,4.13089
20748520,4.933424
15383658,5.4827085
20849101,4.1642103
13668765,4.4420724
7289693,5.2860312
19607818,4.8174343
9007591,5.7509675
9842148,4.0529494
10543985,4.706557
18035261,5.355801
12287938,5.0812054
15201389,3.6104848
5680210,4.5698543
16595723,5.0479584
13928621,3.9552114
1688914,3.987645
3123678,5.1176105
14603013,5.312199
17416504,4.4297113
20254464,4.6991
19506279,4.8099065
4510851,5.171937
16779705,5.087682
17558492,4.6205263
9489321,4.9703937
10840730,5.277095
11656393,4.6830826
12761203,4.8792453
17655072,5.910276
13686978,5.195633
16009490,5.2973075
10178082,5.1816735
317838,4.9626627
12151638,3.8409479
4581364,5.5450215
20302206,5.072893
12265833,4.185647
15774468,4.24068
16779425,4.59546
1929321,4.2326417
5838026,4.2325454
1778616,6.054525
6585394,4.7253203
14774856,4.7684827
15635167,5.5656304
11720001,5.1959844
15759935,5.012622
20607771,5.584682
17593021,4.638343
1868004,4.0862627
2119657,5.0148335
10190770,4.259167
18444127,6.189578
9682053,5.7497773
7509321,5.2040453
18314524,4.080329
8521458,4.0497694
17811525,5.0238605
15343221,4.983246
6590800,4.9087853
2688193,5.3309293
19671620,5.1960797
6504811,4.7400756
11324326,5.0976105
7069891,4.978948
14692593,5.2611403
10568415,4.354631
2066883,5.1509557
13060456,5.1832976
876792,5.0173526
9262722,5.4757156
23265,4.5779285
6688780,5.335515
7665771,4.4179444
334781,4.6753016
7462814,5.126155
6514861,5.091995
12064283,4.1301875
1984382,5.002806
16013973,4.72631
2736951,5.628372
4791587,4.187464
6820117,4.2706327
14609611,5.042923
20135625,4.473469
3414817,4.1746674
778453,4.913122
107970,4.731255
2521708,4.8674154
9112879,4.6695876
12449594,4.738363
18239100,5.799327
20859583,4.440249
15026420,4.0269837
15925363,4.328178
17587122,4.400679
20687964,4.762739
9776054,4.0810804
16438067,4.992542
12653801,4.19457
9593354,4.208923
9281870,4.869409
6006387,4.871597
13698578,5.3914204
1258048,5.35075
15283105,4.154941
15000377,4.807929
402182,4.1444945
16439694,4.095479
16353458,3.8471675
15438287,4.9296365
8796084,4.266377
11142154,4.8250837
13411560,4.2646365
10106906,4.759294
15866577,5.238931
2278677,4.510526
11270175,5.1800914
20748152,6.026545
8713089,4.3338213
6957662,4.6728287
11758214,4.0768867
18775794,4.139506
6701678,4.7329407
7622792,5.8613605
20956813,4.511923
8459072,4.573379
19212024,5.2363644
15546105,5.1766086
8190747,4.2397146
19084981,4.2927713
21165010,3.6338222
13751291,4.8178186
15139748,5.4418516
1940256,4.9373274
12684755,4.8430376
8164773,4.724814
14518257,5.0922346
17810550,5.1990275
20694397,5.8478994
3201011,4.6548085
15143124,3.7889755
14103052,4.148483
7844607,5.638685
9776245,5.042008
5955626,5.753988
14815875,5.4013853
19609161,4.8456645
13027661,5.792686
20449125,4.617169
8650772,4.6382127
3624952,3.8870974
13652851,4.6506267
18226972,5.1111894
9316143,5.12696
11621771,4.5890245
10512575,5.3396993
12494558,4.508023
11843267,5.9791665
9877055,5.9570403
17169503,5.104605
14232159,5.5217066
18957055,6.0571094
8072783,4.19583
1288452,4.71676
14691086,5.1697145
13431305,4.7797093
5766499,4.7770066
9348579,4.6221275
3773682,5.6781588
5102132,4.31571
7043817,5.5016317
12376888,4.305094
15036004,5.283967
8800374,5.8283587
10253899,3.9322853
16807114,4.5584483
15760343,5.2127557
16663731,5.882031
10010345,5.156294
2501198,5.051408
18490599,4.172338
19998731,5.415659
10101791,5.1997232
3208188,4.5326557
20131627,5.1192775
1981656,4.4778504
17405389,4.841202
4882316,3.8228867
20358824,5.2621875
17433218,4.2799587
14987023,4.5701466
13674363,6.7197185
9775055,5.081742
17443238,5.0861716
19952060,5.2245846
18327972,4.510644
15148862,6.365495
2926901,5.855844
5328631,5.6223087
8671742,4.8433514
10266928,4.191418
1475647,4.728837
13359877,4.118292
9695552,4.7736335
19636977,3.9701972
12759018,3.7586286
9460003,4.195194
1025018,4.7018332
2023081,4.0013633
19730987,4.2196965
13712131,4.7403374
20136238,4.779299
8345393,4.357688
14357258,5.6993737
20213687,4.245075
12175508,4.7706914
855579,5.5497184
4532551,5.7556186
15495441,4.7763343
18949917,3.653123
7349633,4.3621464
8474260,4.545168
10869168,5.2293344
5678143,4.7269726
15037461,5.685729
8419146,4.4147468
2788894,5.51813
19475393,5.2176986
13392635,3.811931
8615012,5.76131
253828,4.3048887
14832244,5.2413707
17076350,5.6673064
18076560,4.3367934
11823125,5.050717
2969919,5.104459
7872412,5.447496
14014298,4.9758306
10163240,4.5972195
20601052,4.988343
12411680,4.1901283
838707,5.190907
2486953,4.012874
5258355,5.3639426
16996452,4.215676
512209,4.8194075
5686550,5.2961063
5407486,5.3336444
12966974,4.882683
11952919,5.384272
14503754,4.685962
8275971,4.1601834
20377931,4.599731
1966694,5.3168354
13715313,5.098416
17363100,5.5230207
17640634,4.8151236
4462231,4.2979193
7095534,6.0750933
1461814,4.156029
12356145,4.962602
12756967,5.257578
4902779,4.081661
20687552,4.8750925
9614024,4.8044195
15191774,5.484496
6064790,4.9397454
1237815,4.124953
292954,4.0973277
5840936,6.40306
153405,5.8485346
8592695,4.9850135
13346901,4.9486017
3594285,3.9181502
16674947,5.2812204
4766976,4.13129
15991989,4.0116673
8345349,5.716396
1786575,5.9252343
11243359,4.5880713
2466942,4.292195
548056,6.2297826
16843072,4.186349
2925639,5.215886
16178704,4.132322
1810457,5.0127544
16392656,5.2553782
19083282,4.7005634
18503421,5.530834
18788498,4.8121934
7161943,4.2173285
16812039,4.441573
11360854,5.5364995
20193830,4.969354
18012201,4.409349
13532718,4.4196997
13782774,5.147639
18359429,4.155688
8339134,4.216774
12156984,5.2544236
4866867,4.92214
4855248,5.8287616
5203241,5.843398
14842876,4.8430157
18251574,5.1007185
13515865,4.090032
7421008,4.589382
1702552,4.5835867
5783307,3.9725795
16590794,4.2647643
16678182,4.06821
16558982,4.139135
8906056,4.3339267
10608951,5.432345
7384752,4.6229334
18580573,5.25161
1912357,4.2435355
1089542,6.2403154
3442463,5.3168783
20961043,4.9470825
16424011,5.573053
7790115,4.97132
8424975,4.9896116
1151109,5.918659
18163662,4.8874803
13175122,4.257571
782063,5.358392
2501384,5.1325526
6034103,4.134102
15954457,5.201123
13461123,4.823736
5006885,3.725451
19526601,6.3129907
147586,4.587639
17992629,4.5014734
17369530,5.218469
14522925,4.9157023
5102601,5.6227922
409582,4.8984785
15393421,4.3234677
17779803,5.128048
18855694,4.358947
18432993,4.6070776
9882147,5.4970565
1814010,5.0618033
7724136,4.025668
15803162,4.4725103
8089051,4.154195
2141766,4.9108744
17239287,4.610255
14315789,3.966904
20901820,5.535986
13478957,3.8354263
16463445,4.779545
7935934,3.9489913
13621933,4.4317093
3062316,4.619349
4059800,3.9742353
17700967,4.43196
16986251,5.3251038
21141535,5.0134974
6972426,4.499545
17879850,4.84381
7387919,5.1973825
16082923,4.3887825
2970867,4.1981797
15900688,5.2129145
11075198,4.412369
14360742,3.7225657
4235843,3.987002
13732842,5.153674
877329,5.138376
17675806,5.0645156
1506702,4.7803006
13129546,4.1093016
11169175,5.422163
20620313,4.741107
19474011,5.5365953
5847593,5.2873487
21163054,4.8106313
3076049,4.6939063
2707225,4.303607
984743,4.1714206
16532427,5.181021
18897423,4.843384
7292992,4.8763094
19330704,5.0912986
2237981,5.1318784
14372222,5.091178
12036686,5.8138237
13622840,5.1721826
256182,5.1364074
12738105,4.1705904
9607920,5.533044
3659544,4.321559
9031928,4.3338046
4281898,3.9353783
6669443,4.231071
17905286,5.15377
15740473,4.5207176
260451,5.61023
21177608,4.204343
16335085,3.8811922
7823062,6.3452916
13417691,4.2489123
12549210,4.6095033
8383378,4.137239
7518329,4.348994
17418992,5.1481094
2310518,4.207326
15806439,4.712898
15193419,5.0076013
2038551,4.2535257
20435714,4.562214
1517917,4.0663996
6121290,5.337888
4921548,4.2240314
8162306,5.6048093
10566523,5.240159
766948,4.129502
17423307,4.7770166
15553405,4.727499
10702220,5.169087
18789766,4.058309
3672198,4.6798487
12130232,4.152936
16438523,4.3523264
6006661,4.6295605
20174902,4.7130876
633950,4.781909
218068,4.329404
8503810,4.8503814
7183253,4.379412
16126150,4.0185266
11018447,5.0672693
10998711,4.76086
295661,4.019055
3534798,4.340781
7358093,5.1843047
6710036,4.000524
6399640,5.113045
8580593,4.2783027
3432979,4.470507
8594351,4.7262383
5884735,5.604713
662172,4.529762
18997047,4.7403746
11610316,5.4129033
1834738,5.26372
11226321,4.6212306
14125948,5.062382
18463157,5.7450233
16365878,5.4564333
13327034,4.1929007
14881574,4.3562026
10032994,4.5919313
20728508,4.162321
18430404,5.18781
12256288,4.783939
21127861,4.6129994
1746726,4.295648
17139040,5.246828
7478627,4.292492
1225060,4.4723897
2012116,4.953898
18043160,4.8498793
18023259,4.8189955
16315924,4.3034687
5918615,5.830003
16504513,4.4602985
11909853,4.954334
4517673,5.139781
8228217,3.89275
18182347,4.9252806
435391,5.787413
6166870,4.9464054
2771257,5.2657914
8736934,5.639079
19824554,6.3442106
747029,5.125416
20868619,4.212822
6529917,5.6514263
18170647,4.657568
15471568,3.9914615
7493513,4.102165
20453698,4.128564
20196942,4.110804
7961477,4.4966455
15775437,4.3785024
169938,5.037575
9809631,4.4822073
7610785,4.6562815
8969307,4.135835
7895104,6.065605
14138706,4.0787454
18735563,5.267328
18389367,4.62749
15847244,5.1026835
16545632,4.0214825
18430314,4.306349
11503335,5.0581923
13062742,5.1751137
13318171,4.6413264
1552406,4.355709
356631,4.8464527
9153742,4.7320647
17621006,4.610691
11119585,4.09616
4136596,5.58715
8975372,3.8145456
2267350,5.4027667
6550596,4.2143874
18126981,3.9034991
13772057,5.4722877
9327506,3.8745623
2208049,3.9127986
11513731,4.101346
16675055,4.989648
3867654,3.7968717
678515,4.909064
19212437,5.085236
14969136,4.826549
1083648,4.3994184
15547268,4.8361526
8063870,4.1549854
18690295,4.930935
7675994,5.700181
13001184,5.959388
20452107,4.3392134
17592161,3.8014355
292723,4.6789155
2320101,5.6764607
6079381,4.7056003
17815594,4.215354
15345702,4.100346
13128488,4.890006
19576827,4.3792133
17833502,4.7466307
1252638,5.1988587
10120241,4.6194983
5928976,4.6832895
16779165,4.9286103
292121,4.642125
9773252,4.525789
9636536,4.6137376
2126868,4.948025
17418177,4.4477835
7142734,5.127322
16416369,5.0805635
17026213,3.9970303
18730136,4.7102346
4315934,5.6138425
8964989,4.9202285
7562547,4.5614552
13740793,3.763949
15026595,4.685372
19519312,4.467769
2007744,4.3131466
1655824,5.000121
16396370,4.854462
20359408,4.169301
16465485,4.3002524
13208869,4.1643057
15673767,6.1300344
4929917,5.046458
15023023,5.2595596
2254582,4.2671084
4216435,4.3739953
4995176,4.8278394
13923941,5.5013514
17928196,4.4399056
8754773,5.142997
9378184,5.0637536
1818856,5.5056114
20132821,4.101443
11550177,4.6621375
4778483,5.543345
10617957,5.331512
15152777,5.455597
6271429,4.933784
9652591,4.618628
18048682,4.8567996
2629613,6.071489
9837051,4.076405
2236483,4.4300337
8848754,4.503207
13801439,4.336872
18520843,3.933946
20677285,3.9503393
8924371,4.524905
19567173,3.9056177
18024772,6.693143
21041723,5.409544
10826060,5.7078986
14845750,4.99817
8387361,4.328558
16131259,4.3479476
21112601,4.5106883
5786557,5.079187
20783900,4.623579
8497286,4.0814376
692397,5.6759033
4325533,4.074895
5318112,4.4220395
17543583,5.5931993
19071061,4.120378
6966472,5.3241014
12050885,4.6293936
18163718,5.092818
20325986,5.0929313
1515692,4.5950456
18025501,4.892395
17209740,4.502448
12038456,4.558036
1127661,4.755856
16587759,4.610688
2115662,4.9063225
10280355,4.4188056
13798043,5.050218
9901107,4.8577733
13758905,5.304585
16688625,4.2906938
9693107,3.9570923
298782,4.0008984
13098658,5.0934734
9675609,6.2423015
14745197,5.2962823
11191951,4.972895
17809474,5.8528786
3288625,4.3477283
16114087,5.489663
13911898,4.697739
10570862,4.8750453
13657993,5.1802597
19783043,6.227397
6094046,4.7961636
19475005,5.2868094
19471948,4.3414984
10446776,4.1813955
18240259,4.7132792
17546023,5.366054
3144135,5.3509808
12948844,4.1234617
19203972,4.795049
12582809,5.6377068
18191908,4.495214
12625830,5.248406
6225935,5.328144
16465923,4.6778283
17343446,4.010646
12040331,4.1841245
8610501,5.015458
15887617,4.8854795
13857230,4.490663
20913913,5.030551
16552108,4.3582315
13098844,4.206414
7694072,3.8164334
17927078,4.1496625
6410511,4.1900735
12592005,5.1992683
589871,4.802351
3792354,5.772542
11873498,4.956241
10082572,4.1271205
8362098,5.1272683
16974,4.279742
14389040,5.044654
11659923,5.266628
394575,3.2467895
20278076,4.2344127
9014652,5.3355236
12158902,4.7568507
105790,5.209977
21012537,5.024535
623169,4.104592
4511517,4.3006873
16663488,4.685902
21095546,5.00372
20727269,4.2441993
16515365,5.0146394
17191808,4.1273456
4155987,5.1850724
20458607,4.61786
61492,4.9326153
3448200,6.15292
19715386,4.3144445
15563563,5.8909063
12156748,4.7252293
13717259,4.3827686
21022616,5.398362
19397414,6.123856
6501271,4.6997037
1203062,4.2826147
9702745,4.8542566
18060066,4.091227
5734824,4.475996
15483012,5.3488417
16424802,4.788627
11612857,5.4662385
19026885,4.812983
1494934,4.984239
7481387,5.8347487
16755891,4.844511
11462136,4.2025146
16741224,3.920087
5805232,5.441851
10082054,4.270983
8472069,5.483569
820076,6.23823
17319951,4.081081
8342087,4.5940948
14886280,4.0332165
17906998,4.3236713
18812367,5.3761005
149287,5.578476
607525,4.8048344
6065047,3.217728
11925344,4.8653154
7921496,4.3665524
2050565,5.393636
6939759,4.986305
18566623,4.996481
16566765,4.222914
13928656,4.7554407
17842893,5.151493
2150750,6.0857453
1614869,4.5756917
15858959,4.0422087
14576243,4.5306907
6585312,5.909262
18095094,5.1992865
16481119,4.835245
17608425,5.278955
20549799,4.123343
13454616,6.43363
19843040,4.797157
18239416,4.16972
11455321,4.6881056
11721762,4.501201
5904367,5.311821
474261,4.296826
9841695,4.195653
15884291,4.373245
1821276,4.8524623
9181840,4.4273524
1209887,4.4594817
6056375,4.826133
2028925,4.195768
14556936,4.9509096
1104378,4.390537
26969,4.4005027
15562371,4.980662
19143439,4.0041265
19856899,3.9159365
16226184,5.1145005
1614453,3.7857823
3992862,3.8820002
9823218,3.7893667
9283045,3.8854752
2003807,6.266954
939724,3.9428508
15344749,5.7183194
20783657,3.7211144
9330884,5.3232336
6736478,4.293539
7331076,4.082281
13395297,4.529804
9216865,4.512376
12774975,4.828049
14213504,5.508163
7809904,5.3170247
6870655,4.2364416
3050409,4.3028545
9511231,4.371931
11244392,5.1241493
13732047,4.358932
259946,4.492818
17806646,4.695647
14473911,4.099672
15916332,4.214023
16207482,4.6343446
13374561,5.0111113
1236435,5.368301
9678100,4.7307887
18423707,4.910584
16557021,4.320337
4858023,6.4606376
4317172,5.5958486
11228512,4.6338954
17946046,5.235438
1237000,4.1432
13173944,4.972353
12434997,4.6705923
12436517,5.515716
3923395,4.9670377
18449130,4.934958
8341345,4.046253
15057686,5.062567
772710,6.242676
21081736,4.557144
18237064,4.4224377
8019237,4.842752
3884136,5.3560734
3429765,5.161984
18916321,4.681499
18343565,4.970701
6348998,4.8557434
4504493,4.690893
12287516,5.292702
13531384,5.683563
12234407,4.6984468
6852871,5.2240577
18111915,4.225945
16378313,5.4003973
1042416,4.804159
2107805,4.243153
3101058,4.1538215
9679720,5.982763
13374738,4.154968
7844193,3.666945
10933809,5.216468
16331974,5.1401935
9844593,4.759722
53945,4.7498045
12836625,5.359418
4549248,4.6406126
20582419,4.5870824
15820271,5.558052
10679740,6.4919467
4833384,4.4593477
19274728,4.7304363
6661916,3.8236105
14661553,5.155011
8921684,4.259249
13041397,4.20464
3122230,4.108682
20886177,5.0249405
17940041,5.2619257
16041421,4.8173895
13549269,5.3606434
14076129,5.3455815
285853,3.4765146
3385799,4.1927466
13926029,5.558267
10524154,4.3809004
13098099,5.8026414
13788789,4.92311
12186043,4.0804734
12447273,3.9648075
20744113,4.9346814
8559784,4.515627
20931172,4.1088977
2806375,3.9070873
5890689,4.811688
7619168,4.5907383
13393930,4.894172
20469589,4.815793
15483365,4.7090244
18235853,4.5233493
7955889,4.5616713
3440226,5.064617
9367923,4.611935
19672894,4.0114946
16726525,5.094362
8613137,3.9419982
654663,4.0909033
18476483,5.4590583
10589384,4.7868376
5278024,4.0451303
5847724,4.214998
6055430,4.626383
11572634,4.9659495
4489920,5.0836973
15969709,4.7642283
16962538,5.2095246
18508087,5.8007593
9311493,4.538967
19964062,5.76185
14918050,4.846343
6716444,5.1950974
4720733,5.617705
12883073,6.063302
9792440,4.2744436
14785240,5.517496
11299251,5.433322
20067361,4.5713396
16930825,4.118616
4393619,5.697626
17176220,4.7085304
10136634,3.7025912
262581,5.1057243
15296005,3.4733996
21139175,5.9223084
18002685,3.4546783
16189275,4.973791
7906205,5.8749895
13770959,4.3609695
16977515,5.4602375
10253159,4.7386694
18283948,5.3010383
10012130,5.358679
19653554,4.7074466
14009341,4.9354773
8354416,5.1653385
16381405,4.2360168
6104388,5.1377654
8866435,4.594925
12539243,5.9926233
727835,4.6067524
15251398,4.9220395
15535544,4.4479504
15464381,4.9643717
13201614,4.0714316
13624873,5.19541
470686,4.305827
18054286,4.374668
6119085,5.187431
4069230,5.3580346
19694938,5.0475807
20155633,4.1097245
14936162,4.3458242
9638273,4.2670064
9298442,4.4474874
4223903,5.122151
13745898,4.8670425
5619670,4.469014
8224594,3.672666
13078273,4.7632656
921738,4.962031
14025315,4.0134993
17303868,4.1121573
20024608,4.2765093
254244,5.126142
16851973,4.402057
8801963,5.125219
17704182,5.0874457
10435323,4.0439982
17178379,4.0368104
16722632,5.0759845
15230181,5.088299
14155064,5.1227202
15720784,4.8417444
136598,5.3778353
10489923,3.9759967
10711301,4.1404057
13265653,4.648774
818106,5.5257177
18464236,4.401907
13697966,5.0993795
15990498,3.5230572
8051571,4.528437
16910011,4.966891
14729863,5.0560846
17279759,3.942023
13699944,5.135187
14485048,5.745907
18506292,4.4229836
3570214,4.5971165
2454328,4.551191
16626315,4.27132
8687100,5.262
8861340,4.8306146
14360124,5.2017164
8487910,4.968081
16150844,5.0656586
7557114,4.917926
10883520,4.245809
10921244,5.010889
18039805,3.9489424
15982786,2.8527157
6131818,5.8198867
18080179,3.890533
14746367,3.981814
14070500,4.1628675
16776474,4.7004786
17537893,5.3427253
15808768,4.3129725
9859456,4.245486
2424012,4.2707744
2336995,5.1566777
13319332,5.9022865
17788229,4.346249
16578553,5.8242507
9095143,4.1548877
5659754,4.6195283
4257235,4.384479
17925066,4.0603356
13642438,4.7139482
11964204,4.630733
15059292,5.5679717
18634359,5.036125
7902505,4.5970383
17993774,5.2279124
20833334,5.0576296
5734385,4.2420754
12979462,4.6521325
6210989,4.9527397
17909967,4.3020864
14820644,5.1030784
808476,5.105222
1988060,4.1733084
19306176,4.4715276
19926722,4.6610436
15611785,4.3369584
5740147,4.707818
6975715,4.9650435
8286476,4.4375896
11553908,3.9799955
8069864,5.2100387
12974133,5.995389
9023240,5.119598
7869049,5.1123185
13859896,5.147247
2599391,6.222582
8018120,4.3594084
14741768,4.586052
17254918,4.9239936
8048252,4.9616556
17104272,4.055773
8812730,4.547173
17161412,4.8408012
18342681,4.193452
1847096,6.4406104
14567685,4.855626
18308288,4.2539883
7720627,3.8945236
17813228,5.064059
16604081,5.0347304
13636327,4.29948
300476,6.429643
8304399,4.246528
14022086,5.015875
5997677,4.3168216
16620440,4.6801786
6001733,4.170832
12172270,4.035102
1891798,3.833777
17655210,5.3533244
18274552,4.57659
9096381,4.891367
872179,4.670353
16764106,4.775396
11461363,5.4707623
18159942,4.0937853
2043364,4.184781
616659,3.7226586
13066383,4.2157707
16285789,5.5403447
16797865,5.0244184
9476010,4.9071183
470593,4.6649375
4069681,5.178031
14521332,4.5449033
16257710,5.4144273
4121984,4.586252
9277608,4.10288
7322189,4.6785293
16481298,5.4511523
16861615,4.365407
17716221,4.3134627
16285014,4.755169
7798558,5.4070625
14152775,4.122286
692596,4.7978244
2227698,4.6202393
1337030,4.2916613
10013355,4.1848254
8642982,5.750975
15988278,4.513143
8155052,4.257427
15301517,4.7763057
3849127,4.306142
9677581,4.0450187
4216183,4.6990895
18460756,5.309574
14717511,5.0590363
12837544,5.928178
12607802,4.7155266
6698963,5.733896
9660751,4.4062996
12926448,3.9064095
18287946,4.46054
7939785,4.7940726
13674419,5.373724
12171671,4.2458563
6908837,6.011709
443710,5.100537
8831071,5.0645676
199492,4.534796
14162696,4.2774954
18427422,5.09242
5336338,4.0350146
2412174,5.167017
11903376,5.4220333
18360175,6.5734315
4280227,4.4822254
5793707,4.634152
20279076,4.722114
9835402,5.04648
19765773,3.9523578
16704118,5.4992456
13996884,4.8304005
15966074,4.9309545
8729819,3.8911479
8365561,4.8368506
14854446,5.1325507
16242173,4.762506
6410814,4.703702
12406971,5.3187013
20992963,4.433464
4513058,4.322384
16335709,6.208711
14127470,6.023719
10611598,4.441224
8422253,4.654546
16532410,4.624948
14319729,4.631272
3060038,4.983763
10105617,5.0304527
14840734,4.145197
13878031,5.218933
15086036,5.1840224
17109374,4.5736523
13693976,4.650276
20189290,5.088125
490278,5.110364
19274249,4.7090726
13079618,4.125435
12170773,5.2976866
15894378,5.7507615
4347296,5.822077
18562272,5.2928066
9629995,4.7377825
18547261,5.645945
8154992,4.1687574
14404369,5.1290693
10771947,4.4319153
16423443,4.9858713
8648668,4.3356414
12523287,5.3015876
10998267,4.7007732
14705237,5.338063
15582903,3.7239513
5882524,5.068224
19721546,5.149697
12320398,5.173995
11987376,5.345499
10641479,4.024316
13731033,4.758471
9113032,5.169225
281851,5.2324157
15805025,6.0140038
763912,4.493104
5882068,4.0861187
13638234,5.165632
2037632,4.967771
17778216,4.260551
16307983,5.5222507
16660233,5.0939274
12357576,4.819612
7482391,5.3438983
24685,4.2685423
68765,4.2211714
6452211,5.368154
1570233,6.0352855
5611893,5.4282384
14786255,4.274364
15082723,6.050344
15188975,5.30251
19182296,5.1473145
2444713,4.9955134
15166182,4.6319857
20468805,5.0877776
10548910,4.068824
16808949,4.5279965
1944545,5.2386084
17574306,4.082751
19770847,4.945127
21020089,4.5176144
201579,5.7833467
18060256,4.17329
10342713,5.132063
10155735,4.7947483
15337504,4.784066
4588530,4.447914
7837670,4.5458536
16527604,5.7871037
16755165,4.933898
12806536,4.7893744
18449954,5.113818
6452027,4.401833
9406748,4.0510874
13266235,4.105767
15451638,4.238761
16353035,3.9776917
13153701,4.591694
79867,4.8455744
18587279,4.562999
13065032,4.8422103
10001830,4.120835
17609502,5.6914263
5482031,5.086507
9919042,6.150318
9765944,4.460516
6302460,4.164339
11907960,4.230331
16602138,4.817692
15928774,4.252347
14934883,5.2899323
15071313,4.457987
4874904,4.817279
17641941,5.112028
8392929,4.205201
15484515,4.6498933
19594567,5.2415166
16119265,5.6345057
16689079,4.1413007
18917540,4.4887285
17240769,4.1711125
7911936,4.9442534
18580460,7.143289
1430650,4.316147
11673345,4.6685433
19565362,5.686255
18291840,4.314564
17864286,4.1859736
7119361,4.0828004
15806126,5.167617
13956788,4.1229825
13096049,4.635708
15857441,6.0888176
5871900,4.26906
12071454,4.270147
1887607,5.3551354
755837,5.145365
3067093,5.174807
9129371,4.2988806
11475308,4.6672106
11985542,4.61217
16443977,5.028026
14499881,4.5345206
5558596,5.21918
15706304,4.6979694
16885114,4.8965745
16736025,4.9231515
869573,4.679109
3013404,5.2436323
9574823,4.7858677
14628145,3.8064394
20726546,4.1126385
19876349,4.127706
2659961,5.174456
8609364,4.0173845
12384692,4.019734
16661908,4.230862
10253966,6.241756
9348561,4.6494207
9836960,5.0401835
5660151,5.116669
4957202,5.34634
1108309,3.9555721
15804560,4.8159533
12525453,4.784456
16268891,4.443626
11376684,4.9341664
161366,4.19299
13978228,4.39684
20132802,5.6619897
16468105,5.438117
16363579,5.435371
16096254,4.9130945
2794725,5.19348
1600917,4.8175936
16255259,5.214162
18657197,4.5774803
6164719,4.564432
13081963,5.0946956
6245923,4.6004043
18507843,5.174813
15938836,4.764626
20678024,4.2331223
13007964,4.406649
16721027,4.509246
14742080,3.942853
16873922,5.398193
18027089,4.7108607
4000127,4.2882543
15338,4.774952
18291134,4.517839
15177460,5.286912
12343491,6.1257715
17981389,4.7373805
1545924,6.165303
13974584,3.8204002
17992978,4.9044137
9010664,4.854528
8954189,4.8021007
9592800,6.0825787
15858137,4.8384585
3508355,4.2217846
14871074,4.161135
13206404,4.1204114
15521569,4.432479
14198733,4.419106
2661116,5.3459682
6572270,4.963819
14442678,5.979642
15307603,4.7598095
16286765,4.3993797
15361823,5.471897
17923576,5.541506
12972161,4.6946287
17188790,5.087693
12560787,5.589889
5550377,4.510636
18139886,4.193678
7773021,4.4209757
15271308,5.80293
16731782,4.637741
5948553,4.034167
3172443,5.140916
20857268,4.4458
17778941,6.439107
9880541,4.6849027
1577314,4.691209
16690525,3.775891
9423782,4.5866814
18309354,4.166601
4126394,4.289692
20929903,4.5691996
8629384,4.6456523
16214199,6.152301
18487700,4.7549005
13725138,4.186671
15482627,5.3986816
8863296,5.1498513
9489347,4.770339
7219544,5.178087
13332523,4.6440053
15256873,5.1476803
2114825,5.0023637
9289159,6.1603136
3802561,4.672468
9473056,4.2460446
17878341,5.034396
17685139,4.0792723
2046837,5.1009607
11641041,5.5437546
18793420,4.5410695
4573388,4.7956753
15506488,5.417299
20935951,5.023492
11528337,3.7372658
10483785,4.207603
11593024,4.5019655
1420295,5.7502646
17095592,5.2112136
19045550,5.0061173
18376189,3.6364722
5066963,3.828253
4720719,4.831252
8408941,4.67189
16026075,4.7026687
16363328,5.1284833
1291245,5.305098
5620178,4.3761616
13642024,4.676988
21089964,4.0399733
3297290,5.5234556
13635731,5.755606
3655721,3.9367366
8886910,5.672351
7473102,4.8004375
11971293,4.8746333
16365308,5.192502
15468953,5.541401
17990998,4.3398814
19946866,4.470721
16733827,4.023109
10927558,4.3225265
17848838,4.328897
13453710,6.3868327
2687468,5.2167497
1552454,4.901013
15867712,5.891693
17077760,4.7223372
10431444,5.0050387
12556300,4.8373404
5756476,4.7640414
18383751,4.7330995
17556287,4.817376
12268850,5.1993985
1163484,4.0708604
18037423,4.2682376
13619661,4.6275053
1140208,5.0818825
20329086,4.239277
12134687,5.172596
16788613,4.4462986
19619512,5.9365373
16870786,4.92533
4280354,4.3201027
769570,5.0250463
15300902,4.6860313
15677936,4.083798
9949819,5.8900723
3636803,4.314043
8613175,5.352687
13036622,4.9087834
8348797,4.8377047
16617254,4.472316
19454877,2.7061768
19730998,4.906656
16620385,4.532939
4963442,5.4116354
15782266,4.075314
8907630,5.5355663
6262496,5.4706087
14585335,5.2162676
14858456,5.4310317
239740,4.9083114
8334574,5.37299
4581249,4.4648447
17668817,5.212635
8743842,5.7612853
4284302,5.9963355
18393283,6.1253176
7116071,4.9468575
13013212,3.900158
8581502,4.497331
20936293,4.445274
19020812,4.519171
13552346,5.0113883
11258230,4.161698
2479488,4.752582
16707096,4.221835
1886260,4.9918094
1819124,5.2351317
6747090,5.6756573
16020084,4.495131
268281,4.716992
15310760,4.336415
8908300,4.962999
11023993,3.80027
1211904,5.2683377
188089,4.099339
15472200,4.825667
17304194,5.541956
13414367,5.006826
3524259,5.052299
20831716,4.194773
651761,4.9542522
8632421,5.228542
10732341,4.315778
17547295,4.614072
15735939,4.2883205
10526930,4.464101
6705213,5.52644
16274292,4.162853
13908031,4.186329
1401826,5.2963233
17996701,4.7910514
19608483,5.499525
14529806,4.987138
7396507,4.2430573
11776428,4.343948
20310964,3.9713118
4242976,4.5511374
20546407,3.784891
9051457,4.6666155
9855043,5.0811806
4137129,5.2137957
18390907,4.9194055
18072858,5.3668017
6893767,4.8739743
20710877,5.087915
19750868,5.056882
8411978,3.8555472
15154809,6.0151916
17905042,3.9941013
3712827,4.62034
20621718,6.248894
3750775,4.567115
7403108,5.083641
9368365,4.038471
16393701,5.078632
16206870,4.838984
18232204,4.270801
18380250,5.087304
2284027,5.0016937
13849458,4.636763
17791888,5.615675
16435009,4.1102037
8110761,5.1918883
17907018,5.419307
16653528,5.569272
8620134,5.205354
237965,4.0995293
17299883,5.062911
3467633,6.0559177
10702489,5.1271
9486229,4.8703837
15968686,5.0024047
2649834,4.665988
624222,4.5963607
14711066,4.3746443
1227528,5.2575374
8714485,4.7535496
18372981,4.5999613
1791502,5.379225
3371940,4.235205
3053490,4.647626
16489149,5.1883707
18586142,5.6318874
13030573,5.2014146
15145507,5.6651654
18251681,4.3725357
4582087,4.8024144
884770,4.1794944
1885714,4.5705643
2790204,4.8307114
14670074,3.4852808
14016295,4.2232757
18272941,5.513101
162501,5.9031286
786762,4.7724524
5617409,6.0415854
16455403,5.4422565
8025718,5.1229153
12973475,5.5159435
6554546,4.7903523
455801,4.9586997
8444973,4.6980705
6662418,4.420414
15043894,5.4832983
9434777,4.426147
7972210,4.3070416
8227684,4.845405
13748557,4.7168183
16374783,4.0043206
20703296,4.9112415
12873159,4.4476476
17337380,4.3968797
4530084,5.054689
19363636,4.254195
18563383,3.9605477
17665943,4.6648154
5429358,5.6755757
4642269,4.3035746
16298489,4.81721
14790439,4.495024
16740002,4.158876
10494118,4.1707244
16313220,4.629704
18070092,4.21482
12509442,4.8476257
17996529,4.111277
6184475,4.430077
13797266,4.570634
352651,4.845761
5871440,3.901547
8635380,3.8337364
9914098,4.0307593
3325051,4.7687426
5666413,4.117732
14823325,4.5410247
6731379,6.713698
1046156,4.7512608
15466899,4.749687
8304809,4.3897643
14196041,5.0975494
19680206,5.2876987
15834530,4.2234836
19844263,4.2515936
18211527,5.0451775
9488449,4.460424
10423846,4.3941345
8667555,4.24838
18810763,4.8383126
11933676,5.998345
12202949,5.9930387
12472667,3.919471
19174415,5.3819647
23630,5.3405924
16204431,4.6387134
1995873,4.313608
8342200,5.139449
15187909,5.0311584
18916155,4.701348
16492476,4.2349567
3185161,4.70437
16191688,4.847077
6673893,3.7026699
7225947,4.0127115
13997415,4.706308
17566490,3.915143
12360583,6.2846875
16156779,4.966711
12888131,5.360675
4625517,4.985512
1847756,5.112172
16944002,4.346823
1994398,4.620926
15455859,4.2769527
16099052,4.645682
8717912,4.016659
16009487,4.4599857
13014120,5.383088
9773707,5.050788
19733011,4.280129
16810160,5.469925
9794448,4.84839
14276565,4.9315424
6330321,5.2353096
10946246,4.785188
4236298,4.157518
12904204,4.4029365
2050034,4.634358
1277972,4.000541
17576374,4.76333
10455533,5.6291013
14918329,6.535284
5802174,4.078063
8516438,4.349694
15656727,4.9448266
14775886,4.6545596
8402207,4.39066
5736448,5.53378
17665223,4.6045194
8311822,5.217921
4105373,5.2272177
20206733,5.12062
4581662,4.8896236
19826980,4.6986976
4632852,5.04851
16300686,5.0912194
2898119,5.7235274
9495318,4.2357655
13709214,3.8718028
6993370,6.4322987
13233253,5.0980215
9107788,5.367737
17160235,4.632069
17143812,4.1844463
7693794,5.4828277
18254110,5.5273924
11605674,5.6517706
17530140,4.5968013
15166927,4.3799777
12654751,5.5056195
4498688,4.3107796
13846921,4.628076
16000082,5.783605
15282119,5.534615
13084019,5.3364053
7348510,5.485812
5639177,3.9909742
11676984,4.5477858
3984487,4.7920065
3847733,5.5594177
16568422,4.970131
11845487,5.438018
16845953,3.5056064
2774381,5.2298965
13294824,4.702288
18788839,4.4016004
783307,4.574626
6272432,4.195515
19996962,4.8146577
19247993,5.123926
18057273,4.508911
12034085,4.214606
4655098,4.234796
18408815,5.135913
15326555,4.9601345
13863117,4.2043014
3978049,5.027995
8869066,4.6944737
461682,4.0423574
19891896,5.4576344
14302295,4.130992
21070841,4.8275585
16844016,5.13256
13208394,5.2918262
19744547,4.2257905
8487785,5.0898404
220739,4.310446
2949128,3.9315822
17806559,3.8911457
19136921,3.9954937
17986818,3.9895537
8405793,5.1653504
16268440,5.3227696
13945387,4.690551
1042244,4.969489
7561410,4.741085
17263707,4.7835126
2979322,4.11333
1651142,5.1221085
7884263,5.799527
2026952,5.3701315
16074023,4.317403
8910702,4.173915
16676011,4.904052
12832173,4.424348
818325,4.3965974
16627888,4.113818
14028586,4.0343847
11985793,5.2306805
1566931,5.543201
12485862,5.1376944
12447752,3.9673116
20137618,4.122325
117425,6.9451323
12569384,4.262025
13997894,4.9283457
13490579,4.6008034
16490813,4.3973365
1955844,3.9609709
4471474,4.2158256
9689477,4.3736043
4636874,5.6290045
6568621,5.9991
1321422,5.6273265
19413075,4.8712482
9370343,4.6997786
5203102,4.857356
11632924,4.6238275
264370,4.9987454
17263550,5.37615
14800184,6.3166423
18395450,4.0839524
5250986,3.7528775
17904661,4.50181
17715463,4.9179754
1327974,4.981156
2254589,6.056139
17350373,4.218397
7818601,4.139975
16004815,3.906682
20812899,5.061672
9034581,4.992443
16377021,4.2595806
14254348,4.6330247
16910723,3.9066718
13359416,4.7676325
18292044,4.5972676
17845631,3.9065516
5965946,4.246574
18933650,5.4393544
13006602,4.8088775
13685445,4.2484694
14971184,5.1792445
16899482,4.366187
14851530,5.490469
3390839,4.9635344
19380233,4.024171
256328,5.344442
6003054,4.08922
14218751,4.614148
17896365,3.8355522
16442150,5.9984374
18343585,5.4058084
14899955,4.2852645
2292361,4.6559067
1807106,4.184187
6612941,4.296919
15909282,4.7633934
288428,5.1052613
2203321,4.364177
4149673,5.5980425
11842362,5.7441173
21142247,3.4192371
10363272,5.0577974
14316033,4.6387315
9250196,4.8718967
14039050,4.720545
18423736,5.8209677
3679353,4.710983
4430821,4.715098
18377747,4.443813
4618235,4.3625393
11084142,4.2108974
5049582,4.381057
4249255,5.1744857
13462915,3.8277044
822298,3.9349988
4119345,4.1725354
7072662,6.206515
18344448,5.008375
16817222,4.553616
55236,5.374074
11161984,5.2754054
19402841,5.2577147
20847505,4.8508463
13479034,4.8297105
1815353,5.2672167
17559842,4.401561
19744604,4.069436
8621133,4.0899224
13511680,7.135267
1582618,3.6806197
6092079,4.2603145
20325539,4.866901
10788926,4.898064
13751992,5.3406134
20145787,5.011398
16063467,5.0383663
10829701,4.6132455
4631385,4.9079623
9707498,4.650226
16479760,5.028756
13841200,4.211387
5834313,5.0753937
20361869,4.8726454
6749427,4.0111084
9275838,4.0063124
13515816,5.0087113
7545751,4.415834
18700291,4.159233
14589695,4.556359
2108953,5.5866446
16105967,5.471016
14865465,5.5050592
11906382,4.3803663
321064,5.0394645
14325921,4.0385227
14842991,5.0516424
6555650,4.2647133
8596659,4.1646705
18146377,5.5680275
9636006,4.83592
7086742,4.6225805
15942034,5.0903735
804911,5.1695356
842568,4.564103
18375437,5.7709494
14685847,4.577549
16323084,4.8899727
9119340,5.136837
7950510,5.0602
2956443,3.9636598
6286307,3.9851072
5025771,3.9199111
21026522,5.1222034
4557370,4.162468
9865463,4.8899684
18225274,5.4236536
18429342,4.268191
15047711,4.73504
6027682,5.498403
3010664,4.707683
7800582,4.653574
9532913,5.051676
19226897,3.8755825
9275385,4.9338455
15664018,5.345819
8283693,3.9572847
16877389,4.625311
3967613,4.1291194
16281547,4.0923963
17109092,4.673982
9925289,4.2776704
14359424,5.0773377
6067056,3.5310626
11738047,5.990481
8141545,4.2053866
16366584,5.021583
15470101,5.0736575
13636946,4.433671
12187266,5.0794454
4294546,3.992485
18274450,4.499384
2257433,4.1347957
656963,4.502763
14627817,5.316084
19701460,4.881797
16269084,4.6340623
13783094,4.413242
15455678,4.348291
9479084,4.960466
11418974,5.1570406
19638414,4.190254
15085544,4.3827744
15392930,4.247301
2093181,3.911436
17704147,4.3816237
7933149,3.7471182
18253442,3.988655
13123665,4.8642273
17957063,6.5580726
19428130,3.9223533
9235371,4.0184584
9657,4.465473
14168409,4.7304525
18240743,3.8362436
1713391,3.8521657
9805274,2.921506
1226151,4.7616205
7390157,4.418779
9617219,5.271131
17142233,4.341156
19484825,4.3206773
4853437,4.29121
3767801,3.908162
13112601,6.0359864
9504910,4.1697807
18181705,4.690011
16778843,4.0376472
18429930,5.2768145
5692807,5.149751
5241951,4.895578
5960570,5.4987254
19018157,4.4039884
5231420,4.543745
6167817,5.8312306
7949889,5.0611296
12731932,4.2707963
16056428,4.2042623
11847204,5.8397183
20423020,6.012619
1813644,4.303141
19926911,4.0610604
15504145,4.693877
17979876,3.878314
14452128,5.728196
7734034,4.577652
13356533,4.3583436
6914332,3.9987016
17367373,4.8734217
15981951,5.012741
19702506,4.2895246
5297087,3.7793183
17902639,4.4723687
14564158,4.7665224
20173972,4.8742347
13174599,4.28963
20520499,5.5362854
12984462,4.721333
17347987,4.484911
19830738,5.1529303
9004664,4.302895
17552185,5.749892
17329090,4.693981
4021404,6.038856
11712306,4.335327
4157327,5.3297
8849684,3.994947
9814133,5.1014915
15853705,5.138988
3230132,4.5895143
2521531,4.9824224
15911434,4.5453215
12018733,4.5703707
13002543,4.0741277
6701117,5.4979973
18286031,4.7283363
1198347,4.762124
7728262,6.318414
17408595,4.8877068
12492608,4.171993
7687937,5.6203704
15359703,4.411276
12494870,6.495477
15021346,4.538289
12704399,3.987192
4831071,4.1776266
7825308,5.0595665
7824173,4.3924656
12932903,4.412901
10755415,4.6956453
12827022,4.750776
11609854,5.4935417
13394025,5.590957
8306292,4.4312057
14301401,4.865157
16134950,4.4313254
6391427,4.66307
19307997,5.0508676
7383804,5.8953276
9578848,4.1618137
10383664,4.8681717
1792884,4.9950185
16335618,4.3791533
14280074,4.4986386
9486887,4.276152
16545024,4.0966034
8750901,5.120836
10984016,3.628639
3873605,4.9370427
17538067,5.2400584
6091491,5.0732927
20145430,4.1417007
8687096,4.5976233
15706743,3.468913
9332396,4.221613
8741124,4.4981065
5240711,4.8835278
20235361,4.2838073
1140678,4.818949
13433094,5.796086
16110990,5.3209434
13194721,5.509004
6384560,3.8110685
2748478,5.0789814
16146708,4.145804
16302612,4.114476
16487967,4.7799764
1198430,4.810108
16114302,4.9592476
13705277,5.8458133
7615409,4.964834
11149702,4.6616125
15559436,4.007933
2128029,4.002111
20975716,5.2295227
5339857,4.1492105
15503063,5.0704303
20152540,4.2383876
4672465,4.927219
8877466,4.181947
18477226,5.2036614
16164856,5.439748
3726665,4.445226
10567332,4.8349714
1078956,5.9962173
6737827,4.3510895
18374330,4.692429
875697,4.8687363
6901856,4.94243
10336440,4.877075
1228561,4.1879506
1646432,4.682177
17937309,3.8391125
17317496,4.111677
3248010,4.7167125
2620895,5.246098
12430597,3.2709177
16738823,6.100734
1786408,4.2576733
18182640,4.6095505
82525,5.3351674
7245202,5.8128996
11243921,4.5800724
20551414,4.8787627
13078052,4.4137645
18412267,5.145141
15330008,4.7102804
7461720,4.184866
12145787,3.8709824
14093209,5.5042534
7808104,4.9431376
15642244,4.763497
18341150,4.704786
5192524,5.4411697
18392309,4.487914
15987217,5.363301
13680874,4.49665
506527,4.926001
11024614,4.0676436
9185329,4.223535
3094942,4.216068
15420428,3.8541982
16389870,5.623973
19248283,4.619708
19092945,6.073951
14108510,4.8501353
8957301,4.744525
808919,5.448087
12930338,5.387699
15874365,5.059875
12831088,5.5041804
781722,5.284386
4077258,5.128588
17286682,4.8281937
12596422,5.2553244
4931662,4.3501506
19572489,4.637649
15355243,5.6891522
11389072,4.419654
1503756,4.9378767
19093046,5.103683
16847188,4.386225
9208381,4.904834
17864579,4.868776
8146498,5.2333407
10631509,4.6250615
7037918,4.2141604
3706213,3.9314282
3698666,4.280777
16016075,4.3661695
886283,5.666827
16416528,5.297049
18387798,3.8843584
17667639,5.5505033
18673613,4.475296
9556765,4.773389
160994,5.5028334
13236053,4.0652895
20173820,6.5789933
2102251,4.3797774
12444577,6.0483027
7034609,4.2046456
9563868,3.9980984
14387694,4.943681
16313134,5.300268
10388512,4.524008
19120657,5.4572167
10117649,4.73758
12055255,3.9544032
14474046,3.922762
6640094,4.5124393
14654068,5.2781
4503042,5.1142597
18158353,4.097156
7203585,4.907302
11140165,5.395314
13591642,4.221827
13550146,4.5856895
278631,5.5256834
16337188,5.7985415
1922863,5.642805
4653799,4.230504
16331457,4.098359
13958151,4.541638
16750852,4.9775715
3449208,4.3799777
8740042,3.8805146
16164139,4.8937893
18054943,4.7989206
19981334,5.0304627
592785,4.156054
16896145,5.1364193
8550376,4.5975137
7238562,4.1198707
11619794,3.8373768
9542259,4.155967
3835740,5.1187334
16546132,5.463464
6656023,4.648931
3650961,4.64505
6190025,5.1107016
4469308,5.0168467
11826892,4.1884885
18956599,5.4584002
10432527,4.7124376
14451365,4.077452
32100,5.2005134
17026625,4.7036324
7454426,4.17288
16736650,6.0699325
20781301,4.7203546
8869857,4.999732
16675897,4.138778
12005176,6.1158676
2118102,4.993748
1837195,4.144401
976333,4.519029
1240264,4.7072115
19298911,4.3612623
12347801,4.716594
14184210,4.6096354
6155857,3.7966545
13960272,4.7134624
14667266,4.155258
13223946,4.885731
5368098,4.237994
741486,4.6995773
9047538,4.180554
17109022,4.600215
14284044,4.707291
19981311,4.191909
18465345,4.6293454
14195003,4.4223714
7369899,4.1792965
14031404,5.358358
19555894,5.926075
5271500,4.725632
15254452,5.403591
16613156,4.286363
15917248,4.3894963
9786769,3.7625597
6336738,5.0672364
8088701,4.7776475
320876,5.4370646
4059899,5.1347675
4199411,6.584061
17531064,5.8104606
20212582,4.096121
12310652,5.079328
20124372,4.522824
13532703,5.8684807
3779262,4.747417
7613457,5.1058245
13447271,4.226524
88329,4.499018
20621664,4.1372056
16040801,4.8889675
21012590,5.288659
14953748,4.972322
1112193,4.7738347
10941617,4.699686
531662,5.6203136
8498323,3.4151344
19984378,4.8580875
6669698,4.299053
19343700,4.464331
18449426,4.6670604
4974526,4.4495926
3091017,4.350185
11873372,5.6393776
19209610,4.205209
19435087,4.374262
2803080,4.3060527
18011412,3.4424329
18226089,3.9558904
19594225,5.1011486
8134772,4.7564445
16543538,4.128483
8501697,4.59249
6782887,4.0717063
9239512,4.653913
7637346,5.2815933
198761,4.966007
4725525,4.861286
8848243,4.2423205
10018690,4.276519
8339990,4.2133756
13527740,4.238096
15133237,5.286339
13079512,4.207043
14014180,6.4918427
4397110,4.771909
9654636,5.4930334
18664875,5.2369604
13993376,5.083119
16845440,4.3021126
14090665,4.575418
20388226,4.1336875
15026428,4.984889
19563053,5.1173954
17437025,5.713075
18721341,5.3459864
5214511,5.3157926
15743922,4.075314
3615525,4.2050557
16426121,3.7331963
9857556,4.5843544
21074607,6.3873563
19010965,4.6804605
2670842,4.948123
9834617,4.781451
17779243,4.2539344
13201296,6.7914143
19139040,5.554585
4644790,4.2364116
17073296,4.665612
19861683,4.3060384
20243718,4.3939667
11590585,5.1362
20540178,5.122526
3979815,4.872367
182649,4.353479
20250330,4.083547
13314206,5.48411
16573155,5.312867
8308797,5.3304777
12564215,5.0750513
1012052,3.7605958
234394,4.748173
311965,4.355374
13413787,4.6881557
12965341,4.2258644
18567266,4.360586
19895364,4.612505
20175518,5.137998
5826013,3.9952202
20257216,3.9872646
15855471,4.4047217
12253499,4.598292
13655779,5.0631213
13250317,4.7423086
7071272,4.6078587
6619797,4.763804
4410626,4.797701
323818,4.550476
16255523,5.518042
7280443,4.2467895
16039266,5.240616
6639200,5.221224
19355878,4.115644
14087481,3.7273772
3656168,5.005055
8583164,5.4713225
18580927,4.42404
474107,4.99014
9596854,4.9147635
13996398,4.7731895
18386105,4.673
19376872,5.032815
3985721,4.5153675
6033731,4.420903
10710389,4.650647
11974165,4.9357505
10862901,4.726789
9751520,4.1657352
7727798,5.6429873
19122424,4.2022047
16519767,4.305232
16613071,4.196862
305478,4.750903
4040288,5.476883
12814997,4.3006377
20567199,3.9327443
17866946,4.6845865
12650350,5.1898346
9925588,4.0943685
13495499,4.6505523
13768369,4.637344
12610297,4.8449445
5299538,3.9646137
8226115,4.2490783
1764111,5.342536
7003280,5.495621
2030001,4.289409
16661804,4.3152313
18597852,4.161944
2919885,6.5582905
14058416,3.6289449
13073701,5.0117617
17699413,4.9785266
16145337,5.248582
2690557,4.9945
12246336,4.2472034
13137665,5.1837106
16653287,4.4230037
16859921,4.987802
1625400,4.6006985
14903074,4.4900513
17209802,4.6403275
14809565,5.241623
21081911,4.272373
13640799,4.6339917
10522163,4.874037
37106,4.9804463
20164989,4.6205792
9412522,5.0744786
9999011,5.275432
9505990,4.1204476
19963338,5.16895
10336064,4.366679
10946838,4.1566496
13812527,5.135134
18475428,4.7123694
4932075,5.2032027
13640973,5.2879233
17140323,5.381745
11841988,5.17094
15357486,4.2615
8195073,4.693946
16755630,4.1646852
14578107,4.735198
19681568,4.3224845
10877191,4.1851854
17957475,5.110207
17310907,4.0786743
15256339,4.649887
16364474,6.293853
15336922,4.6075683
4243533,4.652719
10502874,4.5941677
18055225,5.7928824
11699396,4.796998
8281567,5.2462378
15658007,3.6942291
14613245,4.498537
5671891,4.4587846
5671323,4.230958
9150564,4.380858
17573208,4.5147643
8669608,4.790154
20506481,6.5758176
15633311,4.6794147
13389163,5.071531
19503519,4.4885106
15717865,4.5466223
16677866,4.365459
7130139,5.2660484
21165287,4.638603
17657646,4.736594
16395627,4.4951587
10132452,3.938361
13619786,4.71619
462761,4.3865404
11991853,5.0112724
15707865,4.9228106
16624197,4.954416
5748062,4.4338856
7530470,6.712775
16782301,4.042311
10912441,5.871458
14148550,5.537418
336085,4.4458127
10370225,4.166202
3261876,3.725029
8241047,6.4068823
8079482,4.695559
7636280,4.585572
15356852,5.6446037
6196860,4.7182174
6705606,5.861606
16260261,4.454328
5858866,3.82266
15267454,5.5982733
14969264,4.56416
19049956,4.7950234
14983345,4.978422
15935306,4.671178
14685903,5.538341
14385417,3.9565997
883919,5.300158
4490787,5.9175954
20175117,4.1890526
4881408,4.5740337
13787217,3.9983637
14045579,4.362689
14245494,5.139172
17387152,5.7129626
14027107,4.3763103
15321291,4.9122605
16768488,5.0340314
5857212,4.105203
17559095,4.37157
18612312,4.495699
15508735,4.310517
10655519,6.2463684
19971039,5.400343
421056,4.979541
5933788,4.616321
3628550,4.3607736
3677769,4.7087355
15147801,5.541068
929709,6.033214
7085722,5.204796
6480494,5.521423
19142365,5.6449327
4038988,4.80888
20994349,4.1072545
6993585,5.4214683
6692633,5.35631
2925113,5.378676
10128415,5.5691743
8438983,4.7884
13644509,5.038727
8389670,4.047127
15664756,4.741783
948066,4.9241824
9443911,4.710837
6312726,5.16114
9679314,4.657425
7699156,5.499211
919491,4.234422
5638572,4.6364574
10647977,4.9611626
15609256,4.7858076
18138817,4.276459
4380289,5.221591
10960335,4.151892
17774363,4.946522
1588569,4.894758
7708956,4.107854
3884177,4.417947
5242156,4.230199
7133073,5.961844
8919439,4.382041
5773014,4.697155
13492147,4.726809
14088580,5.4393425
15413315,4.506944
21010620,4.377715
17139921,4.5560904
18192212,4.1484156
11532825,5.3428793
7115956,4.723041
16192278,4.3954415
19328794,4.0625753
16650612,4.430609
11963803,5.1985917
18236644,4.5337124
16568426,5.2222157
15468130,5.330547
17302109,4.693479
10987971,5.017159
5804184,4.706943
14841128,5.267928
20205643,4.9100957
19038731,5.8588505
15951308,4.9129653
13998679,5.330561
8316959,4.641264
16289538,5.8184137
17027226,4.268661
2878367,4.8947444
21112044,6.129853
2649307,4.4859366
13722918,4.037263
13709628,4.807355
11474664,4.9572015
16192994,4.345174
14589787,3.6181657
17832901,5.755002
9771817,4.1259365
13908582,4.3749
10318440,4.0244355
18094311,4.3308883
21056101,4.0655665
14859205,4.403515
8908984,4.2476134
17880821,4.300273
10542679,5.490985
16439853,4.5308714
8369918,4.5482697
1273732,4.102773
20823125,6.1388087
12084009,4.758097
4568184,5.6949825
17685745,5.149823
6262562,4.2774215
1190059,4.0227246
7789261,3.942625
18249107,5.1850877
13733878,4.269995
17609541,4.8127074
15600320,4.6927257
9565613,5.3314095
7729378,4.0998816
3152,5.118277
423015,4.396025
12812618,4.1073146
19928373,4.780123
15471576,5.0797534
3199646,4.626695
9474780,5.132587
2291575,4.696731
1668703,4.826556
15820741,6.085285
14615244,5.372065
6051139,4.3586445
11591276,5.1086664
17787042,5.1434026
15220486,4.2888274
15859766,4.7599545
11444324,4.478748
17450135,4.62778
19365218,4.68114
15202245,4.3078604
18177473,4.762073
15149244,3.8306015
17041719,4.276437
16653003,4.082275
14281824,5.7684126
12497789,4.3449764
18041988,4.4400597
18962999,3.9394283
4014004,5.5679383
147057,5.1088567
14055172,4.3331213
9211258,6.4379187
13280223,4.9113917
19531541,4.679375
7309889,4.2661166
6383124,4.7733474
1039388,4.412683
19907558,4.874895
21062944,5.1758766
16164497,4.7880173
12628500,4.0952163
7718281,5.772408
3600426,4.5781255
16684462,5.0230613
17637439,4.8855653
13226860,4.7212424
18484608,4.6810274
10682977,4.6952424
20672473,5.07894
15821372,5.268531
15914815,4.7259374
10452379,4.303559
5716928,4.76579
18672200,4.898788
6108121,5.293724
19525675,4.521437
13982530,5.1068964
18274492,5.684776
2102083,4.1211495
6561328,4.5473943
17207282,5.5510616
18303012,5.1084156
13315940,5.1517158
14637596,4.715516
4726329,6.0075502
17436192,4.3597937
19637270,4.0280867
20708739,6.037921
9575455,4.5531445
14237524,5.679472
20587492,4.8311615
8112802,3.8739893
15194626,4.34883
3478519,5.220608
14092217,4.236761
17776375,5.0617385
5028869,4.7346153
4616984,4.936644
13301861,4.86591
17078429,3.9011524
20850384,3.9570515
783533,3.890274
12307699,4.549401
7742389,5.8969455
14730782,4.184582
14732666,4.1998086
9846050,5.1003313
14014074,5.8762574
3911632,5.413398
15806629,5.1810613
10789518,5.579539
4508643,4.1863775
16137860,5.0948772
10646179,5.2182875
10514631,4.3777475
7859360,4.949645
6227307,4.550167
1286024,3.77658
16119911,6.0726905
12794929,4.0510206
4766198,4.404958
14858777,4.6400228
17729080,4.6254625
14962616,4.4166684
15546277,4.084252
15843080,4.8310647
20708079,5.9895153
18123700,4.7955546
18111734,4.7554626
14122307,4.6934314
15545469,5.243067
9867521,5.061842
3984079,4.381329
11083719,3.8644614
7199664,5.356179
13600015,4.944601
19271871,4.4926457
8523729,4.220148
11868984,4.698476
915185,4.147507
9157599,5.542025
14038894,4.3677416
20432888,5.0560293
5985721,4.2421284
18954540,3.888068
11060323,4.29489
5834571,6.9218774
3963063,4.851393
6505178,5.5357833
18275140,5.4415727
12192712,5.677822
13668121,4.3602414
6898500,3.8287268
8626843,5.4027596
14853506,4.1802764
18239489,4.856871
21227973,4.548197
12028699,4.428686
18058833,5.309839
16332242,4.6487536
13358067,5.0382395
6184436,4.2693944
15009750,4.946098
1145599,5.4062753
1393795,3.874179
12798049,5.2317686
15827529,4.221692
1262615,5.9090643
15632470,5.0127196
12111530,4.9578166
3611314,4.589342
15268492,5.2581134
21058445,5.281885
15010784,5.4302645
20270476,4.167139
14109962,5.0350013
10860601,4.108802
15085218,5.092006
15362398,5.18096
11637237,5.158733
15604820,4.666313
9596347,5.0395412
18586018,5.0281224
16114354,6.809191
16517828,4.396402
13371059,6.849609
493889,4.058199
20071116,4.9084044
19897761,4.414679
2835738,4.266086
18271258,4.537452
13532767,5.027497
20583437,4.420687
13117094,4.405925
7911249,5.3771825
2405505,4.5409517
12115480,5.9173336
14115711,4.5206275
10339306,4.524491
15547078,4.272887
14554162,5.016663
8569939,5.3044796
9695052,5.8494616
8015917,4.1590533
3464920,5.5613956
13431471,4.9263763
16482721,4.422562
9727669,4.212459
8720730,5.0814652
15564955,4.9132247
1954679,4.4981604
12451774,5.789589
19179842,5.0243893
496108,4.7425714
4658566,5.5602465
501809,3.7164178
7441129,5.531404
17698990,5.250312
6450635,4.018542
12083628,4.3021445
3262667,5.371387
7074591,3.9542658
18043100,5.478595
2976805,5.7742505
20703786,4.6119223
9402433,4.339362
4574276,4.049661
9778049,5.4980917
19976803,5.156946
6993593,5.1426964
15524161,5.09525
341982,5.6367345
20697209,5.0962043
15758511,4.763937
19862719,4.8605633
1205103,5.359504
8091534,5.6758113
16388417,4.7183294
18734294,3.8471494
13315146,4.0981245
12671359,4.3812513
2435621,5.001426
13578156,5.447697
15087800,4.9033933
16177400,5.1032734
16157731,4.6878633
20981676,3.9121702
16986759,5.8778067
18612976,3.2663903
10989476,4.463592
12870133,4.3098936
19750192,5.2196083
18584041,5.282711
10988716,4.0543885
8876857,5.5306993
14301885,4.1763725
13097527,4.31225
8276086,5.4178543
13453952,5.163542
1327713,4.290465
13782018,4.815446
14233948,5.320655
7034496,4.897052
9695421,4.902617
9895911,4.723505
19848191,5.4192877
1311010,4.5213737
1693171,4.4263177
10592499,5.2458057
3929669,4.266636
11276602,4.882692
3750941,5.53217
7729478,4.891086
1932459,5.458691
19766925,5.263056
3510929,4.0713077
11899979,5.9070373
8065191,4.6538873
16404941,4.8695054
10990428,6.29812
7561285,4.5488887
14697055,4.315394
4122052,5.539297
20023862,5.2632346
18078627,4.076717
16516179,4.940713
4553412,5.1179442
14807771,6.2030053
14536328,4.4135847
3580577,4.9887743
18356600,4.618819
10417384,3.8654218
12710373,4.0875654
60029,4.1818776
2356531,5.011794
17317730,4.3994045
16146828,4.598309
10634388,5.6797853
15036052,4.1427345
11923955,3.284317
16470794,4.6690865
10423038,4.987847
6819620,4.722721
20968536,4.8953195
20842436,5.121396
2592518,4.9304743
6992650,5.118748
4988271,3.8269787
15804772,5.840272
14869870,5.191338
16492690,4.883759
831911,4.6686883
4612058,5.555076
18025811,4.2696195
11984924,5.2880387
13272022,4.121514
16438253,4.775351
17241345,5.0143294
11575073,4.4201274
12984578,4.009007
9282536,4.7823462
11961592,4.246581
12537595,4.703138
9548458,5.463898
20308967,4.345852
37036,4.308814
11510860,5.0986137
18231512,4.582407
17188729,3.9986093
16408218,4.0222073
11981170,4.291482
20585140,4.981196
10560532,5.060972
8286902,4.548234
18655459,3.940441
15099822,4.6859097
14725758,4.210039
19910241,5.5051875
20387244,4.7071743
1074477,4.563953
4160153,3.768785
747538,4.141584
5203,4.7407136
15700524,5.135639
6404431,5.4433174
5413059,4.090336
14353740,4.359523
15702522,4.1809177
9565600,4.121508
14089329,5.21005
7174695,4.80569
15840973,4.355906
18841491,4.3753467
14126074,4.162938
10225698,4.268877
16618158,5.1263137
4870883,4.8171597
18138876,5.0684857
25243,5.1153035
12932878,4.6484046
18599084,4.773032
13697125,5.8968706
20721830,4.26923
13220100,4.6296453
14840260,4.7361584
1687895,4.731996
17123723,4.925916
13921768,4.282211
2048834,6.5622673
18124698,5.1230106
12853547,4.64988
17938399,4.364486
15563455,3.908185
8468414,4.227292
3082686,5.7760973
2162069,5.0561
17714228,5.0417233
16505752,6.894818
169063,3.9277341
5364045,4.641496
921624,4.351226
18229453,4.9216447
14011511,4.10494
7094262,5.962412
3687736,5.1438212
157442,4.556279
762136,4.834535
9289207,5.066551
6766894,4.9482613
674802,5.514476
6953447,4.586347
1281248,4.4668584
254862,4.6006627
6746143,4.3635263
14142081,5.177043
16543637,4.6122394
9394266,4.231595
9295651,4.932035
16256795,4.930761
3495686,5.3002357
143210,4.6012444
19893709,4.585447
13491064,5.34414
17700250,5.2786727
14357767,5.364513
17547451,4.4491816
9061286,4.513288
20148326,5.8738275
7822338,5.0337257
3821508,5.5323367
6014128,4.814871
8201104,4.260997
6221976,4.326939
12794738,4.84814
16144923,4.8971543
13279870,3.9488003
15733438,3.84494
15570233,3.8372843
7398878,4.529338
14221934,4.860081
2804557,3.5490165
14709616,4.007048
20156831,4.72097
9804849,3.9183693
9118568,4.451707
4889629,5.2092695
16505757,4.0959945
15325569,5.142902
1726045,6.016753
15269312,5.3412595
858343,4.499619
30589,5.17435
13249407,4.3413463
4875849,4.4975867
2083824,4.499838
1365453,4.899574
18373584,5.2746735
14576410,4.053541
15940237,4.1112957
5598465,4.6330857
15154816,4.235393
16898265,5.02692
18483873,3.949876
16554765,5.092876
10059532,4.9359026
12296200,5.4101157
6459085,3.5603595
17237993,4.536907
18003730,5.4437475
6500587,4.598084
16187444,4.5833097
14074041,5.0623317
13259442,4.717962
2145620,4.0076785
20076517,3.9601939
3405660,4.1616116
2846842,3.637647
15461426,4.674278
9364092,3.4804215
16262205,5.2816505
5761831,4.404488
11339154,4.893288
19584716,5.3815136
4217936,5.1085854
239032,4.089089
4651486,4.22934
6143575,4.218675
14519030,4.9496255
21094021,4.963741
11380089,4.985339
18626315,5.1289377
17833123,4.1747727
5019373,4.63177
8700324,4.6882563
5287733,3.9291048
2260274,5.441696
6467571,5.686613
4709568,5.678132
15931396,5.234144
9486921,4.278116
16393237,3.9022548
4136476,3.9384148
11240650,6.6365604
8341556,4.6865697
350756,4.672528
8426584,5.251532
14781988,4.592033
20218031,5.2548203
6898978,5.047467
19430766,5.1044292
20235948,4.196054
18506717,5.19214
20688624,4.8749585
6041274,5.4369893
1691798,5.706467
3193484,5.7859187
20520689,4.4929113
16868894,3.8177102
21043947,4.969789
16707824,4.5972276
15328018,5.489723
3698293,4.0957375
6431931,5.81134
6503208,5.2077975
1781488,4.6489367
10860523,5.264812
3991929,5.0874643
6283028,5.7132483
17045534,3.9167163
2075526,5.4793954
10120476,4.7839317
16615480,3.9513867
9733550,5.3217826
3866747,3.9923675
12344780,5.417894
17544220,4.3934526
13548192,4.2759604
13193268,5.008242
8409307,4.3493075
9775849,4.927755
5839893,5.4975605
16477241,5.5047007
20265104,5.7117
3259165,4.1481204
19282141,4.4972706
10059914,3.9667072
11575453,3.8909173
11441823,4.2175326
19587340,4.9440913
3400837,4.835714
5070776,4.5817018
9040931,5.3036304
19113658,5.297238
613776,4.9659376
2217388,3.8951132
20890772,5.2383285
2223743,5.7743425
4820897,4.368765
9239720,4.2028174
17337,6.2851243
13282206,3.7439146
5999400,4.6437325
945456,5.17062
3111416,4.957425
11013737,4.0733614
5172,4.0592856
6554072,5.3699
14781723,4.938685
8065756,4.8196907
15126863,4.1081533
10104299,5.1511545
13549677,4.059269
5581430,5.453808
14302864,5.059498
10991224,4.198618
4565877,5.373781
13239693,5.3333282
12916543,4.5182304
18566371,4.3307977
5661094,4.2276454
12272769,5.141833
16191596,6.029139
13207484,5.149652
6949104,5.8690248
15678225,5.037266
16620120,3.9848073
17452765,4.551905
1229267,4.807914
4004684,4.2125897
13733036,4.667749
15728541,4.689359
20728631,4.6778975
1571050,4.0266848
15041110,4.6674547
7996844,4.1603246
16395596,5.293454
7178619,5.027441
1471308,4.3494563
17542935,5.1547174
2979714,4.2398806
8989333,4.650478
11533498,4.6464577
16228608,5.2193737
12002608,4.2009645
16854863,4.408969
9066389,4.987545
7319582,3.9046266
3530517,4.7850695
11770831,5.309089
6363059,4.6152396
4629268,5.538999
20152928,4.1855283
5743939,5.5873666
15129463,4.178685
1381369,6.235056
15645789,5.6326437
20283433,4.855704
20830442,4.43035
986942,4.773036
13099049,4.400647
17496630,4.9841137
14444718,4.375067
16144586,6.292704
13669224,4.326125
9779691,4.405163
19220895,4.408668
17776890,3.7528603
15790019,5.265518
12311270,5.078402
6450749,4.6635184
18040385,4.557266
2515876,4.6260705
10928757,4.766971
16778120,5.256738
11398939,4.001118
499778,4.9045935
5320410,4.292517
18878916,5.742695
4541421,5.1966996
1922967,5.625961
12516111,5.018514
16259866,5.129474
1734724,4.6599
17112036,5.5312147
18629817,5.1095095
8717587,5.382411
4701209,5.5796895
18387832,4.9329686
1051752,4.474557
16279910,4.4591346
13937820,5.1041956
5186065,4.118774
808771,5.118897
14719229,4.581298
15129443,4.0765657
9024874,4.9470406
7629135,5.460147
18109123,5.468926
12824752,5.3389816
1250851,4.7032356
12108800,5.7176223
14744954,4.8241425
18960127,5.2189007
19550981,5.1575675
242108,3.3529816
4275987,6.6983857
20268369,5.2103286
20902198,5.1349716
18159048,5.075663
14821542,5.0281086
8591360,5.03272
16321597,4.9649906
11316590,5.1950626
19533073,4.716434
13088369,5.3733425
16188028,4.164409
4638356,5.0833135
713891,5.1112623
17542345,4.725759
15071413,5.4883647
13592114,4.767495
11722263,4.497771
12973981,5.615849
13754200,4.293356
11697611,4.412208
989517,5.80744
10930648,5.474814
15269286,4.1651144
7286062,4.256472
6741023,4.359953
11692361,5.181631
6662905,4.602253
20955316,5.301572
9940548,4.767018
9263299,4.6699944
3479056,5.4968305
3800291,4.5569115
1494503,4.9706054
5203333,4.358058
10884695,4.293682
9013631,4.9268303
16900681,4.376916
8402784,5.0858917
11160844,4.0494833
3590692,5.0921464
7253330,5.384374
5882725,4.4122868
20588352,4.625054
2243670,4.3974543
394904,3.9759383
9929615,4.8830953
14187344,3.810462
15020493,4.1464877
1020810,5.970677
1841611,4.658468
8879352,5.28107
15701532,5.272256
295998,4.928404
484645,4.1681824
1999524,4.9736104
17561158,5.1282578
14763206,4.349398
11526632,5.5259714
8737483,5.220911
14427313,4.640364
1561827,4.93689
11814174,6.3112087
14212183,4.73962
5623799,4.806191
11338871,3.941025
4129541,5.4066086
1081386,3.9134595
35933,5.344108
8759078,5.5519805
14217843,4.6531367
16526688,4.380182
9218051,5.029947
3980078,3.899012
13492204,4.6082096
14242954,3.8871102
10603148,6.4376335
11721509,4.588317
840986,4.731403
17318841,4.394153
17177059,4.8934064
10613950,4.8319716
7421557,5.338079
13615051,4.9025164
16688313,5.8605275
8071589,5.827796
15097821,3.859714
8328969,4.7615104
7819052,5.115532
20261316,5.8796015
16689984,4.689785
18427968,4.398341
3292176,4.7686343
1700813,5.763171
10754525,4.38627
20998710,4.487046
20802874,4.506101
16822689,4.4827247
18733946,4.19213
5669114,4.1735735
11733875,4.8223066
5823579,3.9441264
14152687,4.091205
16689890,4.021169
13386152,5.5702376
16216019,5.076006
16707697,5.703761
11893599,4.854171
3914729,5.7855926
19590061,5.162082
5477034,4.58769
11465303,4.1593523
16912078,5.41397
16323205,5.13494
15024995,4.9283876
21079508,6.153127
4645073,6.036436
11437224,3.9820015
4000913,4.6466055
15523310,4.302297
9593326,4.724641
11121959,5.2267585
9298606,3.734479
5175365,4.5067253
10608275,4.043397
13280891,4.892631
16368233,4.704473
4871632,4.9383607
9537574,4.4679856
17403306,4.5917993
14342464,6.0782447
13219269,5.0352435
11728273,4.0593505
17298736,4.82154
13016280,4.532139
6692531,5.0133834
19637390,4.8927073
6987294,4.9559927
9199020,4.156363
10863225,3.9960823
18288453,5.254001
13577359,5.372031
12318,4.2565565
7826994,4.554982
12914613,5.26266
18362191,5.4254766
9173163,3.9266307
16769229,5.1264033
1120704,3.9749184
20367880,5.004967
16707614,4.956634
18490792,4.684865
14881794,6.315251
6629798,4.869969
3488353,5.314582
19560789,4.4214444
11641955,3.9540331
17653059,4.245927
13752341,4.096545
19236409,4.920368
2168443,5.1308045
357690,4.585237
86215,4.6519194
6536047,3.739536
12869041,5.035841
13997337,4.498734
15163535,4.2462
3686247,4.2176285
19123146,4.133898
13675771,4.749576
15517665,4.517432
266852,4.607485
6576714,5.362144
14899220,4.2862577
66741,4.6051226
2503513,5.7108464
7454326,4.760191
16630172,5.463422
7894983,4.660942
16755227,4.613047
9240606,4.072042
18931509,5.5238385
852709,4.7583914
15390344,3.8236809
9115251,4.4722767
5803725,4.6228094
6706611,4.675517
9826494,5.181742
16256177,5.7839828
8292694,5.96293
9595353,4.4331903
6600487,5.3222327
6692472,4.212979
13604485,3.6400332
18508677,4.3036633
2109238,5.288346
115205,3.994421
2043329,3.9255803
9866287,4.0741677
13550615,5.1625137
7919303,4.5999317
1026992,4.1953135
20405654,5.188591
12473240,6.427659
16014578,3.935698
10436203,4.8559933
2602008,4.429987
857092,5.067017
2392076,5.23246
10963865,6.1246114
565873,4.5540366
20881375,4.8996634
8814532,5.6775846
7734698,5.006241
12385794,5.334929
7916941,4.6634793
8133279,4.167718
14538591,5.3783545
4411674,4.742672
15254039,5.015206
1830541,3.9892457
1981410,5.061108
14983333,4.892417
3455983,4.3459125
6444138,4.7254844
14959965,5.031145
15362826,5.3394346
4720274,4.9310393
15519348,4.1180086
6283933,5.5223656
20396853,5.35093
14022123,4.010509
4920912,5.566914
20652753,5.560822
18505904,4.5177135
18522213,4.7661924
16613242,5.3316727
7873193,4.043405
12873218,4.1171985
6913431,5.472435
7083264,4.285824
4339690,4.5170975
20465477,4.5611916
16772675,5.0413175
13564134,4.805264
7145874,5.4151974
7246315,5.48098
4760085,4.255942
2867967,4.268322
14531958,5.2141643
11228280,6.556198
9926871,4.195513
1239578,4.248177
226700,5.408433
7292184,4.7819424
18141809,5.466697
13221200,5.3284225
8033454,4.6436505
9036422,4.20731
4548481,4.9697223
19323759,4.01381
5450533,5.495487
17191253,4.824157
13997379,4.1819673
16135826,4.447678
17236337,5.23473
8653639,5.061942
17267711,4.351632
8625772,4.382993
14014784,5.4155965
19037850,5.1058455
19431326,5.4513574
9331257,4.7388663
2612415,4.687213
18009669,5.498885
5904077,4.628054
5989289,4.7954483
10122015,4.2776523
18551002,5.1571274
17570448,5.227056
16464934,4.0954638
17891260,4.255404
16753496,4.9048448
20199520,4.40296
15805076,6.0529447
12203384,5.018087
20606764,4.082275
11659435,3.8685572
11104126,4.1267858
15647825,4.4185104
13810066,4.9624677
11757399,5.184843
19876256,4.7085876
5945206,5.374537
17809274,4.0675607
16381870,5.351903
14917610,3.6718397
10061039,4.546106
12291029,4.4212565
6881333,5.489591
13436690,3.3187695
20686661,4.496006
10281261,4.562868
15807971,4.5566597
14220964,5.1588674
17832974,5.773932
8568651,5.08274
1901094,4.611261
6554785,3.9566054
13246804,5.889347
12794288,3.6533859
18496331,4.343443
3896813,5.567772
19333632,3.9904761
11147115,4.07973
19712405,4.718739
6523489,4.410842
11282348,4.9162803
12566383,4.4909577
16541516,5.659621
13623275,4.373866
18752314,5.5433617
8326050,5.2970786
7053454,5.3332405
9594744,4.9828672
13220707,4.182774
11847711,4.820368
8213608,5.136983
17623961,4.696615
9393610,4.265871
17005094,4.8673987
2407048,4.883042
9847184,4.285251
1578776,5.769093
10929133,4.676109
17994684,5.1305485
15552233,5.0853443
19414470,4.473373
9908400,5.2979746
12510575,4.4159074
6541532,4.2334747
4796255,5.406691
13490097,3.9984703
17125199,3.6066337
8849532,5.094234
21215451,4.076187
13283526,4.3198414
15151751,5.3394876
15187617,5.061972
13959712,4.518983
863733,4.940857
13654088,4.1659226
8193344,4.3572097
16809253,4.2484856
13876770,4.137324
9014320,3.9569917
16286990,4.9722004
7679691,4.472931
9759151,4.7076607
16207012,5.1738667
18123049,5.113364
16528767,4.679615
7478426,3.8989637
8007182,5.6700883
13801319,4.7357335
17546693,3.7643692
15726549,5.706694
12467639,5.079217
6140911,5.0156884
2106662,5.017481
11205980,4.625743
19323563,4.3858485
5570026,5.5353427
5009768,4.9881573
16557948,5.2010374
11276421,5.1308355
17845988,5.090777
5631995,4.4907875
21056025,4.412005
8761031,5.948403
7386475,4.2666526
20270259,4.8179293
12186204,5.707672
2906508,5.0996523
6450252,5.212541
9149849,4.377301
20351372,4.9821434
19194301,4.842986
14250377,4.1724997
18900408,4.0358834
13566915,3.9840324
14811235,4.1561913
15212443,4.502222
7857185,4.258658
7001872,4.8476877
19056187,4.272065
6258514,3.858359
18296788,5.866809
19102362,5.5425873
6026467,4.5557475
16451547,4.892753
16179580,6.355038
12205354,4.651157
15274180,4.840046
8879913,4.286836
14065007,4.759891
14488586,4.5930266
230956,5.338733
7914303,5.2679057
15022043,4.5315986
929868,4.733688
6704812,3.874686
10812263,5.526712
14166242,4.950193
3302921,4.9583116
3283409,4.550442
11303117,4.025249
20354049,4.4923167
7323787,5.0401454
8506167,4.279788
13005436,5.099204
17953759,4.503759
16098337,5.499584
19500346,4.934668
6692573,4.957302
14419285,5.3779
69921,5.6923275
17668773,3.8751335
7581727,4.004477
8268716,4.8802867
2739866,5.054959
16674930,4.1900663
11946733,5.2577457
9865939,4.3151946
13736000,4.053327
1317908,3.8734174
13716924,4.7662826
15453768,5.022862
4604242,5.0783105
13174580,4.1907964
5835385,5.0584016
15284641,4.6865816
3836426,5.896988
8194294,4.119727
1510283,5.173889
11536459,4.5346165
11712092,5.2444267
21111083,4.970225
17826459,4.23151
8630054,3.917218
14284714,5.656396
19031099,4.6737385
2468805,3.8876545
16440523,5.562963
16600545,3.7250814
14958577,4.078408
1733177,5.2689977
13015322,5.385719
13710363,4.188498
4012589,5.358355
11115880,5.3867474
20190537,3.919932
16147313,4.0813246
10037236,3.80349
1126839,4.913525
5445103,4.6640882
10065056,4.797526
20666108,4.712464
13881135,4.6741786
8093838,4.2311616
16220486,3.497193
1414196,4.4138165
1738146,5.677365
9530118,4.3973775
8326850,4.6858854
12848762,4.045312
9889443,4.1536326
19175513,4.584021
17947794,4.568243
18582399,4.549801
5432743,5.670467
12766146,5.686755
11837542,4.600306
17183495,4.9982476
2454667,5.5175467
18238821,5.0854306
5138357,5.9436817
16343260,5.2253623
290457,4.114523
4857247,4.180061
7807038,3.9743695
13837397,4.0867863
18054105,4.6730185
19348689,4.6118727
17624425,5.5540605
7774742,5.239107
17175156,5.0253725
7834595,5.6603484
6793653,4.2796016
18448963,4.331351
14167380,4.473983
15772226,4.79406
250215,5.180519
19999436,3.875114
11740742,5.0197845
3128865,4.399816
4053517,4.5828567
12600583,4.6905584
15873936,5.4415374
18254620,4.7379284
12230156,4.7303114
5094335,4.697185
177129,4.181306
19692555,6.2291937
13207548,4.0134125
14672663,4.3677564
9824420,4.5075593
11247410,4.9075456
2326775,5.0163074
9553469,4.152146
12523194,4.073273
16205461,4.6765094
13992183,5.262236
10039569,4.5529714
15004560,5.286733
20729784,5.3426213
12941586,5.1910067
1276186,3.900517
8484152,5.204903
17155149,4.3991537
19661511,4.504097
17085792,5.442774
15176216,4.396459
6348770,5.2553077
4224751,5.1904454
20425579,5.1102934
15476065,4.1822915
16691594,4.334621
18873809,5.1459403
16636574,4.9263477
17792138,4.1107697
905858,5.0713363
16450465,5.4227123
8329753,4.591109
18519090,3.995332
5439372,4.248052
8691678,5.2892485
19569054,5.0934176
713572,5.4723873
13171559,5.5588584
5211902,4.60937
16894082,3.4223044
1917685,4.1477127
8955473,4.891607
1056804,6.0159225
12873986,4.176559
7089752,3.525904
10884760,4.6823235
18449053,3.6911297
844091,4.188542
11637504,5.841166
752540,4.131016
6940448,4.664196
13513245,5.285584
17071666,5.464814
17809161,5.4160004
4859716,4.3565407
13673360,4.4724393
7225366,4.145501
19764736,5.19889
278090,5.7012353
11088061,4.1714463
14883494,3.9487891
15663466,5.0464873
20274907,6.4761267
16367122,4.6614833
492977,4.0681486
1820858,5.2801576
14121919,4.71342
14490086,4.6776743
7148721,6.051595
20745112,6.669363
20776122,5.9716487
5645139,4.822159
9752333,4.35202
607316,5.34948
16324288,4.488741
951390,5.0167003
19838886,5.128755
20309733,4.4171715
3200924,4.8960752
8186181,4.738937
6658537,5.1261845
11625548,5.6675816
13249923,4.270425
16229170,5.2291217
8864404,4.512966
1729286,5.3094635
19861464,4.7898793
785508,4.603242
530983,3.7540026
18615408,4.626428
13824091,4.123982
14727701,4.9847536
10412885,4.513714
10984190,3.84268
13248429,4.9475937
8848449,4.8938017
7203672,4.2487016
17893630,4.3571353
8354938,5.155444
12562649,5.1072245
15987322,4.1226535
17980123,4.855638
861325,4.549525
7150095,4.243813
9797088,5.2606025
2226305,5.497529
16439426,5.2276044
17498547,6.325903
17121000,4.5875945
5570273,4.178635
19050052,5.130109
17256555,5.1766644
15117422,4.176122
17296053,4.4137287
158290,4.2871003
1526274,4.910173
1332437,4.1005106
4465397,4.258187
3272610,4.5219903
14151290,4.2833447
6992238,5.0961
16296973,4.7760873
13315310,5.782205
18997283,5.1586113
20725043,4.829834
13667201,4.179866
7564911,4.137861
4752055,5.948954
17297155,5.381513
10901062,5.662596
20798053,3.5991263
16251743,4.6735063
3467800,4.697103
5127482,5.044289
3818457,4.2667565
13126295,5.2034225
7923158,3.8361852
3475390,5.1598783
15835858,5.2630334
5805844,4.602614
5952761,5.3407826
18160224,6.0672693
4039318,3.6572075
13299778,4.9563084
15677480,5.930404
12062741,4.820856
17558524,4.8933144
322974,5.2521524
13249840,4.46504
13448323,4.4019017
16260132,4.2838717
266351,4.5942874
3836199,4.9026933
18226451,5.3894196
4493744,4.713727
17366309,4.5280724
13148916,4.109654
17763066,4.8183217
20165925,3.5132213
7710608,4.728
6375968,5.7576056
1539255,4.2378893
11129157,5.3459
16737108,6.612794
16536379,4.7617674
1347175,5.16964
19828873,4.3464174
8597092,4.1487775
5694862,5.001287
6650886,5.0422864
15328509,4.241155
3751230,5.2024055
10070039,4.6161165
17850039,5.508863
10966240,4.5460787
20996632,5.9443846
296375,4.136332
792692,5.1964097
16239455,5.3497906
6973947,4.6434517
20494672,5.606486
15848946,4.1031013
16017386,5.906504
14677678,4.172555
11159822,5.231366
7034490,6.2120585
1235442,5.6474557
15043180,2.9691367
20608040,6.095879
15467224,5.0814543
15423623,4.3571496
13046976,4.878011
11148320,4.2202086
6914155,5.1897297
8667450,6.330471
19524758,4.933718
15444738,4.4106426
4704813,4.0932574
2776391,5.2543144
3858105,5.5650177
14934340,4.4770174
16922149,4.67395
15520229,4.993107
15651508,4.226599
20845800,5.075859
12253804,5.1320205
6706460,4.8421345
8523157,4.9104533
9521111,5.4708652
18236385,4.532028
14407736,4.847466
427825,5.766739
20190118,5.308213
18094969,4.134891
7308118,4.3849506
15645642,4.1417317
4224941,5.8094873
8782853,4.5495853
16184636,5.2462034
1954495,5.1162148
9865112,4.3423295
1240928,4.671231
20233974,5.133529
20211893,4.678052
9296077,5.4465094
13250214,5.5020857
12086795,5.3134866
15193443,4.113253
17366942,4.1869082
13125091,4.674692
6716218,6.092155
4639002,4.651871
2649068,3.7781038
18662619,4.4565463
18207334,5.0974607
21047121,4.59061
2571133,3.9159868
1098967,4.100266
3801487,5.186484
17220307,4.32372
644091,4.4746814
6865053,4.9930596
13185845,6.4359994
704587,5.7737617
16756579,4.7388215
16810212,4.5544786
1467238,4.4967175
518576,4.056643
9382195,5.267588
8090216,4.058272
214870,5.205753
14425782,3.958216
9283228,4.2120676
15745184,4.079906
3281606,4.6505947
10940274,6.580064
3675957,5.288799
3641545,4.2261214
283377,4.7385383
9452237,4.5227838
1320577,5.529261
17586779,4.4221354
18213436,4.142298
12622115,4.5014114
11974135,4.1859255
18415094,5.105477
13753375,5.6275706
18818971,5.10476
6610580,4.552659
9028771,5.630424
13016708,4.105417
2667112,4.2421865
18085447,5.3204885
10212685,5.4831886
239506,4.2140965
19692939,4.288713
4194494,4.758547
16391140,4.987238
16314167,6.153247
18411309,4.736241
9183154,5.1337852
14026862,4.561421
16377436,4.3046594
456336,5.1289573
15867707,4.4452844
9010100,5.241548
3688268,5.047897
11242039,4.5325947
14592796,5.4698133
8555872,4.691134
13897266,4.01437
3883020,5.576982
16498576,5.5353208
738588,3.941575
4509664,4.8258085
7735532,5.023574
15945555,4.718295
6344926,5.352772
16361200,4.768238
13080375,5.1024604
999984,4.463943
12989949,5.018832
8194194,5.5539675
13309188,4.531578
1706904,4.7090044
17094275,5.261955
2255549,3.9119382
17632458,4.736156
18230246,5.278006
11696199,3.989353
14141861,4.3558264
13952428,4.9804196
6699725,5.100271
18162965,4.296812
1561648,4.955115
14614708,5.4491053
11620118,6.361494
6807836,5.6353054
18583999,3.6888268
17237754,4.1970296
8712309,3.9536483
18504151,4.279303
11886181,4.5692735
14710848,4.2615514
17550167,3.7912142
15134267,5.1496453
12311665,4.349832
16597039,5.125156
682032,4.299589
14349670,5.3061814
15218579,4.009063
9367337,4.915151
7205861,5.0568333
2061814,5.10311
6645473,5.286678
5576528,4.2205877
14229701,4.359992
17699952,5.535429
20769905,4.220044
20501071,4.118198
11921730,5.6706843
14744187,4.440826
17765368,5.192652
4423650,5.2383714
4060526,3.759315
2478441,5.094963
7345620,4.7213664
14154393,5.5631194
15953471,5.4134946
4080769,4.6886644
14569747,5.1954794
10359492,4.771565
4625389,4.9423413
10748978,5.1781173
16588451,5.3434753
3283942,4.019875
18646355,5.198599
19695173,5.4276733
16758990,4.488869
17221560,5.1290245
173742,5.623096
13222232,4.679983
14185948,4.7673836
10367604,4.740284
5939117,6.1228385
19102778,4.733443
11904829,4.420784
18475146,4.0257416
18042164,5.415791
14038463,4.419691
16994503,4.2678614
19115040,3.8664787
16352783,4.3663855
13358660,5.3103843
16004400,3.8103504
18196978,4.471607
3742785,4.962512
9144435,4.9519897
867717,4.5856876
18691084,4.8760123
7011305,3.9519203
11895042,4.930324
16415769,4.235736
247562,4.457178
11321735,5.2590885
20681277,4.43874
9393332,4.3105745
6290098,4.8423233
7644599,5.0033793
2149854,4.573649
1984302,4.535524
20154349,4.252118
5365120,5.265704
12903958,4.149926
16814385,3.8225951
20649144,4.212105
16455761,4.648412
9793322,4.8136134
2653811,5.5461307
11326006,4.0046625
16333699,4.906548
8422737,5.062213
14030092,5.605579
18007419,5.406967
15710997,4.430822
5605209,4.8043876
3302932,4.1662292
20070296,5.412085
84788,3.9835763
1340079,4.253715
12292350,4.339515
20836288,4.1906705
20309868,5.653756
3869282,4.2668266
19893872,5.7594547
2707194,4.594101
15021783,5.931891
8879282,5.30934
7382982,5.409645
16827163,5.5206146
19590455,4.5780253
6892838,5.6692367
21036846,4.226592
7532533,4.009401
1450912,5.591002
8256024,5.8726945
15069131,4.8277054
12345890,6.230569
4558902,5.6643476
17948457,4.2190385
16579094,3.8577342
18829057,5.2888675
9145902,4.323139
14065905,3.9254003
4947174,5.0791316
15678911,3.87894
6195258,4.060073
18675113,5.4865694
18389136,5.2722707
16135005,3.714946
19018914,4.8025136
9824155,4.6432414
13754009,5.4008775
21062926,4.1947274
13477588,4.5544677
3042811,4.5149384
311324,5.917954
15453319,4.425116
13283316,4.58184
6072450,3.8623137
19814560,5.2663856
18161656,5.2752433
16538881,4.6957545
2948159,4.953175
6673071,5.138918
8105974,4.285999
15929904,4.6356363
13895259,4.497113
6438456,4.4763284
4334193,4.729823
9789392,5.166965
14014326,4.97679
15314168,4.840912
9779136,4.8345714
9866039,5.5317726
18255264,4.374261
5279902,4.264299
811007,4.591414
13814470,5.6163216
16259766,4.3961735
14048187,4.77743
8548736,4.231889
17981090,3.7794924
21120246,5.0321417
5446539,4.903164
4248788,4.4092546
4475128,4.9384856
5821220,5.5366073
1892721,4.404824
8553341,4.2270713
16197529,5.2572746
13449011,4.821235
8754236,4.1556005
19568986,4.8334074
8633858,4.462256
7741113,4.6407332
15022444,5.202849
21037013,4.5569806
6018665,4.769506
20698686,4.2625217
8581657,6.015186
16013160,4.6138835
13786392,4.7424655
14148096,5.4401298
13410873,5.3328395
17624132,5.104711
15286952,4.3701982
4882240,4.820328
13762046,4.8574576
1135388,4.394185
15655641,4.1830473
19696119,4.4967337
14744489,4.3150043
85246,4.212861
6692232,5.307404
18994965,4.1240277
4196896,6.2967134
496208,4.047891
13334098,5.387247
11736796,4.6489015
3122996,5.4010024
11338807,4.492502
19084071,5.030019
7205311,4.824957
18214015,4.24413
7403927,4.979153
11594558,4.4874277
8635847,4.8543963
14935413,5.2422104
7512811,5.512028
17225333,5.2901955
20350786,4.604253
7842682,4.7943954
17357927,4.6045675
17811895,5.1799707
4278801,4.598369
6830348,4.256611
13928644,4.2969623
16395016,4.877119
16883129,5.3143835
18374736,4.746508
6188315,4.269146
15708247,4.033737
16629616,5.015909
8908388,4.7302184
15565914,4.1195025
12176874,3.8792026
19498285,4.665239
17154842,5.38794
20704076,4.440393
9609825,4.764328
15790071,5.076572
10875480,4.2555614
14279954,4.957528
12425266,4.3785076
15474504,4.160141
6764833,5.228264
13814272,4.1425276
19050995,5.837973
20193206,5.7848053
1192845,5.34084
18123496,5.1165714
18077486,4.8817873
14319849,4.287049
699662,5.44454
324800,4.1456633
8931373,5.3774133
5346488,3.9818184
16569519,4.162329
14108953,5.452718
8270261,5.324244
8971196,5.1039004
1794250,4.7730126
17685741,5.5024543
15900948,4.5991645
13577858,5.3128586
18525160,4.6686926
16999708,5.1649923
4891477,4.462898
9009139,4.54531
5497874,4.9591703
6974480,4.670531
11046881,5.0176625
15990734,5.397291
18187187,5.068632
11381288,4.662972
17282039,3.8845508
11556239,4.507684
1623093,6.1596584
18486845,5.340836
8768800,6.07403
13606424,4.518742
9415908,3.8315725
16673346,4.8081617
2970030,5.5651097
10864440,4.277017
10471763,3.9349952
16098817,4.8132834
16881419,4.9197083
5270703,4.3092484
18803064,4.6148396
5918974,4.938479
3370378,5.216596
1629781,4.4208174
6813321,4.746235
19327822,4.9101663
9908540,6.4423957
15423923,3.9330614
17807131,4.6201386
15581890,5.2950144
3585034,4.900639
4155012,4.761864
15466434,4.496138
1267906,5.3411164
8845441,4.9306154
7599873,5.450217
4173038,4.986792
141335,3.9852335
18408870,4.5742292
18112035,4.17401
16123844,5.3499064
13674242,4.558146
9261392,4.255251
11680621,4.7797475
13206869,4.046188
14818827,5.609885
485026,5.0079503
7086506,4.9057846
9494098,4.241928
7611972,4.953043
5036776,4.207925
11431871,4.646738
3101817,6.3476896
20612839,4.5421066
8974342,5.400984
11621322,4.6072655
8203348,4.2442546
15705696,4.941659
17197830,4.5295935
9192419,4.8646812
8220172,4.0998483
17684768,4.97292
20278426,4.6783977
13944140,5.492715
3980487,5.6132283
8486046,5.1945605
9458740,4.2418265
1467106,4.9454675
13117252,4.6603627
13511388,4.9402685
20304639,6.0190487
16735443,4.128833
11544687,5.9508758
296717,4.297166
16599519,4.4275556
12130777,5.264
13113790,4.176296
13096530,5.282023
17956307,4.1416893
12607754,5.6275578
2619319,4.245131
16331804,4.822439
10282695,4.3436
15379974,4.083966
12811900,4.303089
10071232,5.4444885
16241135,4.5914264
3114902,4.6467543
18907369,6.8485575
17862135,5.125093
14066397,4.4720993
4086088,4.090768
14705798,5.5802593
13065356,5.2650466
15157570,3.9284983
54508,3.6468444
11707576,4.175531
6360976,5.7213764
15378973,4.7812557
2451110,5.209097
382523,4.2660794
16456692,4.661317
13910111,4.065669
145064,5.1488953
12094705,4.592696
1159836,4.461035
18425070,4.38712
197146,5.177729
16814900,4.245188
9275199,4.595766
16508394,4.753628
9331582,5.6933084
2989378,4.8735967
13981277,4.3871183
16929632,4.613088
19159737,4.1414347
16175206,5.0538554
6646604,4.9103513
4559421,5.6298127
7647530,4.796521
9059163,4.4264936
19013218,5.35883
16056111,5.1949816
19642050,4.741017
12548649,4.8368063
3802530,5.5229197
12652939,4.892539
1586773,5.2997837
9597573,4.177182
640899,4.2072725
3190502,4.6089163
8907465,5.1676655
9423884,4.5821657
4034106,4.4976363
8590275,4.0467534
14785975,4.6515117
13668468,4.5629225
7458382,5.046798
18240904,4.1379924
12871413,4.3919888
14569577,5.174012
5666719,4.8085423
10476319,3.4684741
8312148,5.0167556
4628571,5.107671
2777873,4.9486127
9201588,4.5250244
7760019,5.257976
19830008,4.4325056
11672600,6.595209
2897393,5.100719
6600809,4.793011
17238427,4.9727855
7751125,4.994462
15662114,5.1516123
13879280,3.3981082
2108738,3.7611694
14250202,4.205565
570271,4.111714
16339429,4.228078
4558270,4.7205925
3186416,5.917128
14234871,5.4565506
13730254,4.6548104
11861696,5.3530746
5180250,4.8719616
16028565,5.750417
1284734,3.8209386
13248739,4.2872157
1659736,4.6452146
17560743,4.288404
11637325,4.0768533
2187072,5.178297
19143325,5.5699635
67085,4.2360463
12360207,4.757104
5317825,4.714671
19912789,5.0967717
12390109,4.8202143
9229058,3.672666
15988392,4.2551107
5535629,4.95133
16478509,4.5990024
12869982,5.326781
6587558,5.1451135
11514023,4.857211
6357895,3.9360173
12607198,5.667616
2283001,6.112123
17716225,4.997534
7514336,4.549443
2414719,4.790832
875036,5.2706866
12855015,4.468978
2329164,4.1974115
3925750,4.7271805
19303558,4.3285418
6401051,5.5579724
21068980,4.1855006
6604799,4.1580033
6227980,4.6556077
83257,4.6146502
9751043,4.344956
20711228,5.7801247
19384886,3.997106
16408022,4.1321
16692738,4.7193413
15954498,4.6272426
11741861,4.0382853
17239807,4.8165355
3192057,4.066459
3808119,4.4759464
15797768,4.74668
12151949,4.3309917
4558050,4.84592
16244614,5.1902966
15816821,4.2407947
15972360,5.660054
21088999,4.2773867
9111254,4.1343236
17472272,4.501851
753935,4.3076596
8447651,4.1400766
19999685,4.930426
12056517,4.3385067
15004091,4.200071
18223667,3.7404466
8036849,4.4421554
6523507,5.149234
1673472,6.0081205
2467145,4.3670034
690603,4.287869
21042438,5.7710776
16160696,5.977123
12784064,5.169929
10831830,5.0317097
20663844,4.7347736
19765331,4.6486926
14790419,5.2069297
1919866,5.8889813
6506749,4.8062024
6479559,3.8247242
8044434,4.0968165
2365453,4.7062325
7849689,4.2910404
12464708,4.586704
13389082,4.1983685
2743624,5.33023
14651778,5.029806
20077167,3.909592
9095960,4.8961053
10452541,4.163753
20602541,5.0860004
4801311,5.105131
4994264,3.8941734
2141411,5.577776
13572767,4.693954
9197829,4.994112
18376902,5.225492
11888682,6.138346
14237548,3.8925078
12751037,5.20005
8135144,4.76333
11923150,6.246069
10390252,4.1795774
13686963,6.389571
70753,4.2557716
918572,4.789206
11826465,4.157152
19527133,4.4102936
5781222,4.9725313
19056212,4.9355254
13829928,5.1154737
18124295,4.4181743
1159439,3.5801942
5643356,4.7509823
18908212,4.848586
13749677,4.4150867
6661430,5.463683
16282360,4.5067234
726376,5.028765
13247187,4.099368
10747952,4.505944
20942129,5.0383153
17300267,5.885499
6751279,4.6043506
1356861,5.4281363
12728514,5.172633
18113459,5.174681
18333664,4.7361245
17904788,5.517302
9531201,4.4725537
19433400,4.3924565
12885249,4.858989
19932962,4.1317186
3272563,4.811496
11038085,5.232257
18331174,4.104446
4187653,4.524852
8454604,4.502566
19746819,4.1172066
8775096,4.67867
10430174,4.709854
2269890,4.807826
3797183,5.6825995
15573486,4.259213
1977888,4.4487762
17223845,5.422803
16776462,5.3181252
6813402,5.3691516
973695,4.1992803
4128450,4.0184746
9998296,4.3266916
16205272,5.8862762
19701809,5.403569
18128783,4.1827164
3666015,5.173436
11314089,4.4841304
8033609,4.646095
3884052,3.8021677
15451584,4.3064013
13776474,5.320632
19985425,4.5819016
8034027,4.75613
15307735,4.2912035
2292298,4.551862
12857179,5.0422745
17435012,5.3896317
8993857,5.455468
455734,4.958476
3289653,4.4062862
16384358,4.2043524
16520033,4.0270233
4986752,6.460226
13372847,5.8268433
5560185,4.4058294
14372028,5.2395606
3406349,4.0400777
17321243,5.849198
6324363,4.562047
2102831,4.843718
15759473,6.6284904
6360647,4.0846963
16365265,5.004819
2232697,4.659736
3906329,4.111008
11512962,5.2022357
3705206,5.018279
12272901,4.613889
18443992,4.4639297
13395616,5.113442
10836110,4.9595375
2466687,5.081096
13158654,5.001415
15734650,4.286114
4077090,5.310503
14577510,5.316261
251314,4.707271
6888892,4.2004433
2656101,4.1800385
17573558,4.982489
20282888,5.1714215
12441,4.2233634
13599326,4.042389
8941071,5.4175305
9358066,4.0495763
20552536,4.7750287
1349142,5.0930276
18325063,3.510362
14076466,3.9731517
20787190,5.385953
17702998,5.161212
15069807,6.2236214
15676880,4.255631
10549054,4.9159193
20897799,4.185947
20308212,4.176529
5792453,4.6991262
15659787,5.1767907
15008512,4.635889
10439129,4.996792
39704,4.140659
5288942,4.9135046
19583726,4.0667725
12544373,5.6866436
2643773,4.1720734
9032243,4.914227
32584,5.317053
3332881,3.4477437
13377638,3.2019596
7634327,4.360144
1147507,6.187788
13942908,4.7995467
13586753,4.8598294
9351123,4.554099
6922505,5.3292437
178395,5.283692
18076929,4.038808
21021782,6.336891
7363915,5.116319
15885064,4.3305764
20351698,4.710022
1159284,4.3770885
6614757,4.6445436
13694279,4.2147803
10680391,5.5631466
17103654,5.4018373
28321,6.1049805
12296996,5.825373
20255152,4.165322
1186153,4.426603
20998546,4.2713046
9415290,4.50886
18444575,4.1209483
19699461,4.2914667
8098131,4.8878503
3116279,4.155397
8936446,5.7631235
38579,4.9673796
1624382,5.7236214
6812924,4.12695
16770871,3.9528902
3567258,4.2229276
408268,3.8363872
20773540,4.242758
14672385,5.255679
16612507,5.3005123
9651126,4.175531
17654582,4.525444
15771262,5.3936496
20550007,5.6248574
1931459,5.180336
12429503,4.122885
1434314,3.9501219
15098786,4.3779874
12129440,4.304121
13614982,4.09521
18293288,4.087429
16552770,5.0825877
2139064,5.2052145
17557386,4.3577585
20306435,4.748343
7075004,3.4180965
15410380,4.632954
28396,5.292531
7418754,4.736734
19124408,4.1557345
3316877,5.002163
13606760,5.9511166
4631355,5.7186074
20336108,4.689792
20819020,3.8385558
17777707,4.594308
10038695,5.523233
236788,4.0217614
6106974,4.027292
17481702,4.498533
19591107,5.1251097
16636055,5.194178
16529936,4.0185976
18811028,5.3447585
9902314,3.980649
4645274,5.0116587
20856512,4.686829
14833330,5.166848
3897670,5.6753693
14408230,5.009324
10100747,4.916539
16238620,5.1291547
18542779,4.453451
37115,6.2802534
9878861,4.0967126
1493379,4.1459417
18867401,5.2288218
9786340,4.9581437
17740350,4.862763
15009224,5.0933356
15743712,5.890894
3138935,4.8374095
10592839,5.807749
7955727,3.9756253
7842141,4.2228613
17664316,4.477108
8992666,4.3914747
6901484,4.0475936
7389769,5.2472596
15839315,5.3284225
15640510,5.007347
20934095,5.5467143
9684998,3.9026659
14898899,4.7354045
10468518,4.2001076
2571224,4.7015786
14535633,4.0434556
12522,5.134229
17925337,4.2592764
2337605,5.2895236
6192189,5.499326
19375361,4.626767
9713048,5.035422
5617358,4.3385525
18584689,5.2227774
13479450,4.26212
12851100,5.5409546
1808550,5.0281987
14304865,4.8509417
17006306,4.8762293
7963103,4.2751355
16579086,5.0891256
10123236,4.449397
4510842,4.894972
14161676,4.286615
12485134,4.7329097
2401183,4.591728
14551976,5.5324035
16662334,4.337592
12984263,4.464866
16916617,5.159651
12344391,4.395805
18249664,4.37784
1708262,4.357012
20230884,4.720786
18355851,4.576779
5491149,5.577483
12816777,5.4698577
19032930,4.205468
16409028,5.4146714
18447619,4.1722455
914717,5.300902
14757639,5.1429024
16588059,3.9483893
592853,4.8167863
1846528,4.7558737
17814893,4.2492013
20358654,5.373015
14668843,4.214001
15701072,4.891417
12972200,4.1521525
19093551,5.6248946
1530262,3.8424044
1511413,5.308527
9257201,4.188871
6093459,5.731968
9024916,5.2432837
13545396,4.03185
8931668,4.865522
18311476,4.7438035
16443939,4.6378837
1352076,5.174668
13248932,5.446142
14467867,4.025519
3951270,5.167989
15741848,4.4713235
15048978,4.5183845
16570444,4.695758
422298,4.212103
9606311,4.4319572
16392395,5.4203897
8860339,3.775558
2017012,5.5114074
2440846,6.2005715
16678166,5.9805346
21067671,5.5057683
3677042,5.3039923
8301926,4.9607344
8579865,5.1589427
732392,5.230666
18173989,4.43397
13970502,4.1783795
6247860,4.8006887
10500815,4.23957
18489707,4.466002
10800006,4.010011
4926511,4.7468085
4540037,4.9252076
6766662,5.0704045
17463360,4.8830934
9058695,5.362762
8067837,3.979023
14151338,4.372115
14359685,5.1074114
13564231,4.6044607
11207101,3.9973395
17300413,4.165493
13039351,4.7906857
15572171,5.151414
53196,4.4228106
8775500,4.2176285
4464924,4.7864795
13278776,4.581275
6779201,4.2446594
15167879,5.430163
16531550,4.254656
11376958,4.801317
10071396,5.2696137
839235,5.975973
14810040,4.671599
18254908,5.6311564
1112462,4.0626397
7547263,4.835176
5727323,4.2155604
16002164,4.0270624
9318114,5.176631
9369514,5.047599
12646288,4.141637
5457606,3.9820917
17780268,5.1968284
9559335,3.5999134
1487706,5.1314707
14473282,5.783422
8762967,4.4390445
7246609,4.318412
8908966,4.6717257
5638620,5.0731335
8993301,5.1720467
16987125,4.695145
17710429,5.02974
13731763,4.161602
18180417,5.5712366
13741820,4.1667414
4531939,5.6607995
7163038,4.3295836
17906826,5.103828
17592722,4.578424
3545066,4.161219
18211687,3.9504185
17095035,4.4400854
13223095,3.8658473
11399857,4.515416
9676482,5.8679094
9756996,4.2411647
14499893,4.1002197
13175004,4.959484
10535856,5.362775
18273515,4.3614435
14670311,4.9496903
15938793,5.643257
7482195,5.445016
7390151,5.8829083
17939639,5.359764
6492778,5.2634606
15073052,5.018836
4545040,5.1845527
12325789,5.971122
30927,3.9245546
212619,5.0765977
14916956,5.5181623
13681853,4.1335893
18340289,4.873554
20871705,5.1174054
15595879,3.889581
16284475,3.9552567
5986444,4.5644884
12973819,4.1440506
12497783,4.2367234
15149614,3.7656438
893529,4.6119847
9992591,4.190902
17694169,4.5598903
15409453,4.7239265
2410200,5.081894
20395435,6.6432486
14899316,5.904176
10142867,5.091364
4453233,5.799149
4155440,4.7572947
12673204,4.751799
6674363,5.1110344
13019384,4.469602
9967076,4.606168
14235806,5.09819
19751148,4.396094
8756640,4.554703
9804368,5.0418925
20801388,4.1697383
13883947,5.425056
8579757,5.603228
8445883,4.263577
683681,4.331334
8861899,3.8812346
10074282,5.059596
11479171,4.2846446
14720746,5.309316
3751894,4.7338405
20768698,6.2481217
12822377,4.822576
12470588,3.9934652
7046006,4.0855875
16555136,4.6328826
16186043,4.174771
12210448,4.8075523
13751529,4.243235
1174214,4.7932053
15649229,5.05984
4531156,5.099247
17243053,5.7623634
9775237,4.271575
15272649,5.5904574
6628531,4.434759
11849892,5.721013
17631748,4.260454
8580704,4.353926
17173284,5.3488674
674620,5.380258
16276294,4.238274
2744106,4.0089474
2049672,6.5316696
15222764,5.1263375
20996112,4.465298
15164235,4.313743
16069436,4.2436495
9469009,4.8861494
25827,5.536933
16464310,5.1898575
6775025,4.392689
16390023,4.70627
4428027,4.924929
14015025,6.0495844
20459025,5.2548275
443646,4.117105
18270998,4.6655507
17806992,3.7773967
20607105,4.5157123
7132960,4.757244
18647731,4.1404514
19949380,5.909228
19188643,4.1313906
19637124,4.6049175
62680,4.069583
17679000,5.4549913
13173116,4.8595676
2060129,4.52523
2728293,3.9942489
14339614,3.9971821
11581737,4.6828218
16112503,4.170285
12090975,4.138925
16233671,5.142264
5692790,4.9935656
10786393,4.3037753
20598909,4.652526
20012591,5.0637345
6071870,4.358497
13390156,5.1731405
5334478,3.9470565
9348303,5.135447
12884594,4.6540456
564184,4.2743006
9634880,5.929117
9103098,5.0748386
5470034,4.052541
15568791,4.4716735
7896911,5.149601
19901583,5.0068297
606269,4.1237574
9299438,6.2654214
19174144,4.579974
13765020,4.9049163
12266711,4.3140635
10127664,4.728631
8045888,4.099124
10344610,4.462696
6691720,4.2423887
15988886,4.3938375
12267015,4.963878
7009791,3.437874
19342192,5.0451665
8257567,4.438755
2189742,4.6271048
15699480,3.8287308
7114075,4.5633044
16381049,5.1597104
2974412,4.7627487
9974491,4.7675867
15567766,5.1395917
15600903,5.499474
18812147,6.5025578
10813492,4.3120847
1101224,5.286535
4422017,4.240798
4753431,4.886528
492235,4.689713
16427110,5.1448183
4933787,4.9260697
7398144,5.1681695
17153507,4.7156177
6200001,6.637166
13028906,4.2579584
14065936,5.219442
11999785,4.2136908
9181257,4.793638
1253233,4.919429
16423876,3.9696424
15909444,4.85049
3521318,5.3165026
15218896,4.6971564
13275460,4.8279195
13685052,4.1197324
16171929,5.459735
14215568,5.523177
18478451,4.096238
12972783,4.670558
502146,4.285941
13937932,4.2989545
15134904,4.1752954
6626933,4.06581
4209878,4.128107
18445756,5.12227
11430883,4.2035146
15903564,4.4005857
13244213,4.2446632
19347384,4.6326475
20580871,4.422275
13175927,4.8801265
1014313,5.262228
20088021,4.052775
1584509,4.2044077
5271192,4.9250784
266449,4.102788
13163078,4.9125676
11740163,6.174271
10518518,4.941071
4070426,4.2194524
1065411,4.1329107
4308798,5.29368
14967904,4.6472964
9449888,6.632112
10385398,4.0141177
8275596,4.81695
18838040,4.228984
276994,5.727323
5635192,5.4672766
17568599,4.6765294
19995707,5.555354
8830952,4.7316885
20651648,4.228128
4532620,4.3705187
15715599,5.144302
903906,4.8189244
20764314,5.15691
4995033,6.3772926
15101498,4.913284
3186210,4.5628057
16234641,6.2995024
6438254,4.521453
18570075,4.615661
5327598,4.7366276
19983936,6.057532
5376014,5.5052853
9250229,4.1236005
14491606,5.1046233
13640905,5.8340554
1335204,4.5667906
9754009,5.51866
3354636,6.6053796
5240421,4.712671
11462926,5.4536896
16924526,3.9809382
3862040,4.2140217
18461518,5.4424767
21007281,4.629833
11566529,4.857359
15313818,4.5558887
11126528,3.9290926
12736190,5.115208
14023502,5.7461786
12293594,4.5063133
21011235,5.27977
16773355,4.260451
4738224,4.4160147
19505865,5.708178
5788131,5.097559
7631980,4.6351614
7749069,3.981645
10297660,5.605855
13661280,5.171779
630170,5.0098248
4823320,4.9044137
9904714,4.582306
16206764,4.853562
16764114,4.66535
19749448,4.305953
5591544,5.5271125
13445020,4.2685623
25192,4.5413566
14221071,4.7432914
15755611,5.69218
2346908,6.4260173
16388935,4.5909266
8741287,4.0051823
11590093,6.769975
4892017,4.242369
15998351,5.9679303
19168601,4.114531
20968000,4.699747
10355146,5.6511865
4863269,4.0383115
18181090,5.481833
413749,5.014209
19786572,5.407828
7824634,5.205071
1150514,5.3420267
17944122,4.60692
17557266,5.0300374
9970676,6.120986
7764285,4.7711115
6677008,5.168436
15291113,6.2134404
11574889,4.8283887
15202003,4.874925
20476397,4.1344295
16943178,4.6820054
6712530,6.288787
6489970,4.6593184
17814361,4.371229
6673630,4.2886124
19714687,4.8550887
14564883,5.006406
17108878,5.931386
5277242,5.453201
9745484,4.1003475
4047638,3.9772816
16489891,4.081108
20970437,4.823046
18444334,4.074663
8553287,4.564636
17938652,5.307984
9863886,5.236189
3061334,4.7322865
5489412,5.455323
16302387,5.117768
4786030,4.424805
17222602,4.711428
6968452,5.3857856
18325663,4.1775966
3507112,4.6483793
5661043,4.1602435
6335490,4.216002
4765033,6.0221133
8740135,4.964159
16540349,5.436953
16765234,5.6224155
18093760,5.6084366
1300950,4.8960123
16417395,4.5085897
12023988,5.7507243
6973463,5.032929
19036742,5.1950645
15085060,4.9397063
13830799,4.3406825
15873153,4.794081
19959742,4.974432
20093759,6.035137
17844157,4.8636084
3016623,5.6128106
2657328,6.039454
6404432,4.82692
18216111,3.1577673
15508132,4.1439404
4260964,5.2571793
20592667,3.9951715
15360311,4.6742325
1771965,4.21412
9738605,4.334158
7526410,4.1436386
19102698,5.0239477
14902396,4.578646
13130122,4.3830943
20888030,4.446939
9111021,5.4185724
18109998,4.2493663
20608645,5.9286804
16731118,4.664994
12360254,4.1499715
11303760,4.4183006
18561292,5.2931376
17300311,4.6682296
7408812,4.612235
6108704,5.3030443
2430127,4.5839343
1209893,6.1483006
10228764,4.6772237
17525225,4.1752653
16315405,5.405945
15024199,5.5750237
4152055,4.45763
15256300,4.1693797
17926446,5.529675
7694188,5.1963286
17974244,4.035662
4902411,4.814355
8344020,3.9521267
16283994,6.7650833
475420,6.0615444
7349439,4.272
14361658,5.669955
5538425,4.5854664
17929219,4.4914455
20155047,4.769078
17331400,5.1463675
15886006,5.2430983
8987674,4.2011576
15969307,5.30679
16999307,4.940033
8482315,4.4018283
14759888,4.51772
15718829,4.451584
2754149,5.085655
15018397,4.202933
14787028,4.296403
8596057,5.020482
4975455,3.9563935
13714873,4.226888
11605696,4.8303475
20183883,3.6985812
16146505,4.1558843
15734488,4.2006845
13786319,4.488388
18509821,4.798025
798128,5.2119637
19809175,4.6403804
11058546,5.7719
8309604,4.985009
9039236,5.026721
3608353,4.674874
9787815,5.2784085
16333832,4.3871093
1444924,4.502246
16766711,4.9394975
19716484,5.5582714
6871600,4.9675407
6480466,4.677397
14553422,4.993722
21027752,4.2072663
5011392,5.1731806
14452603,4.7667947
12491541,5.150507
18110796,5.0203085
638894,4.1329656
18396697,4.2865815
19968857,4.393824
17881392,6.5949316
19586399,4.4925895
6380118,5.242824
5456448,4.579639
2451438,4.501134
15446933,4.5686893
19452119,4.1376586
4985826,4.6921883
8053787,4.426219
2168920,5.2575407
10265768,4.986628
9328578,4.916529
2568543,5.111509
2458811,4.042293
766876,4.374475
15009095,4.1152277
17605930,4.862367
14572835,4.0034857
311259,4.5422935
9759181,5.036823
16837628,4.8491387
17449963,4.3568773
6435687,4.041428
18428945,4.1951857
3685957,4.3728075
8907790,4.793629
13378936,4.164178
20422727,4.5754128
4325560,5.3000574
2193945,4.9515224
18720109,5.659177
14181186,4.2712674
10698006,4.7293468
18789860,4.021469
10106280,4.620715
10837800,5.044987
16012433,4.5494013
20136121,3.9587317
12753434,5.9505954
8879767,5.109944
6047348,5.1254787
2246112,4.175003
14873022,5.1221704
8829341,5.358417
15813993,5.4753685
6880588,4.0776916
10813,4.15625
5870042,4.167823
6152725,4.704919
16618981,4.1285114
15341726,4.2295265
8845816,5.172788
9696653,4.838928
12837932,5.194196
14222649,4.4349923
15115974,4.3926797
20581903,4.490839
14443865,4.7584996
5568862,3.8933764
10786987,6.0601006
12780993,4.7103367
15163927,3.8306773
15553947,5.1927853
18142864,5.971602
3430107,4.389519
1045035,4.44883
19592478,5.0822487
1393189,4.8147683
12630411,4.1053486
13394579,5.413368
519796,5.1858463
2553205,5.2565656
1873277,3.924076
1953928,4.640519
12561809,5.073634
17009057,4.7669964
7748355,5.014702
403604,4.4789095
6390227,4.7730236
16319304,5.817575
956573,6.232387
12955346,5.0092907
20023858,5.3059554
7665230,4.039096
267708,4.213719
12358120,6.454891
4190704,5.4880114
14634810,4.662
16324538,4.5686264
13733669,3.9392185
19326063,5.784925
16395255,4.8882093
8799711,5.4245863
15045090,6.0248003
7197915,4.8757086
14614688,4.983571
13226712,5.47399
19213719,5.2395325
3438040,4.8446712
9434964,5.3727317
16206440,4.647755
7067681,4.429778
3710477,4.9752736
16794646,4.5549803
1615158,5.126745
19505573,5.2560325
17095355,4.890402
14342990,4.61072
805307,4.287172
17961693,5.5018463
4973527,4.9416203
15829202,4.432911
6079079,4.671661
15324542,5.15625
15872422,4.8068604
17045445,5.6772447
20884271,5.2427683
469951,4.6520224
9118408,3.8662086
12796488,4.365418
13466302,4.428974
28150,3.8130603
9139058,4.912071
15412438,6.040894
19818960,4.1730137
13163645,4.3599873
13138137,4.1732426
3741504,4.423639
14446171,5.3263507
16241857,4.8196673
17861556,4.2810664
4902025,4.7267017
11275071,6.4478183
13233856,4.2375712
7150327,4.384663
18510288,5.1520147
13432718,5.208299
20216811,4.5443034
18885912,5.952631
7937930,4.2589426
15597119,4.1005783
4629359,4.30449
20335492,4.937231
6717651,4.669698
20586035,4.6163282
2305140,3.7913532
13344426,4.4440517
18472576,5.3857007
18550670,3.9148388
13879841,4.528642
6542864,4.1357765
2247555,4.8838615
14575109,5.0729837
20384889,4.857867
3774989,5.819709
13913849,5.2845855
1531837,4.8806047
20034233,5.045711
3844026,4.1667233
12588712,4.9928083
9516417,5.498728
759901,4.9106913
15006410,4.5964775
19985199,5.773014
18672239,4.3659744
14383214,4.00673
16163482,4.923388
11176460,4.7230806
16716676,4.274384
4402805,5.0165186
3863281,5.4739275
14798941,5.275412
14744997,5.0746756
14902058,3.9842162
18561941,4.1084747
12808129,4.57699
8170917,4.334822
6085109,4.759
4217695,4.2564054
5659375,5.084972
247667,4.3765984
14668738,4.087
19427868,4.275983
14303789,4.7601104
476983,4.9924784
11947173,4.731381
15253623,4.9449024
19620259,4.0905724
705997,4.429911
14196281,4.7147098
8367572,3.6817296
4502815,5.285389
3178910,5.203302
6939719,4.617538
12655931,4.903593
16287176,4.1838107
187057,5.2835007
13210354,4.3305244
19503646,4.550733
14403641,4.443459
14124243,5.0453925
1484248,4.704962
18035508,4.249122
2793630,4.057366
16176631,4.2470436
18600542,4.5974154
5785978,5.246172
5851350,4.824383
9319328,4.452503
2250407,5.2580104
18020630,4.830847
8367953,4.954715
6227242,4.3196664
19000384,4.151499
1407815,4.563153
13953640,5.624946
14823552,4.2504716
9771811,4.400215
16353435,5.321714
15042572,4.1708803
8391132,4.5847077
20015249,4.5591254
16198924,4.7626195
21143992,5.252874
12447032,4.424444
15150737,4.186055
17898421,4.4216523
2164135,4.9212937
8342181,5.1927676
13441992,5.814296
13625083,4.095482
14167463,3.7260516
16425205,4.0751634
15973136,4.3056393
19894260,4.1118793
1446483,4.062316
62903,4.921012
16481254,5.3961763
6075154,3.9963813
19275018,3.676307
1709338,4.192282
15676753,5.683032
10228230,4.5728607
13222801,4.40491
4903221,4.7616253
14269695,4.707771
12623375,4.864227
513481,3.84227
18734427,4.7915397
1347847,4.523822
128844,5.07263
19574956,4.140479
20189413,4.198454
19133220,4.881878
4394687,4.6394854
8632376,4.0999002
18509515,5.327049
12601973,5.072427
14586440,4.704524
18667260,4.111267
15598273,4.6686945
17765677,5.4618564
17649782,4.0398836
10853075,5.3217754
16677092,3.9747148
20953554,4.7375565
2841929,5.0464296
9096267,4.4639435
12869290,4.380182
16264692,4.0621886
3904171,3.5869107
1209638,5.108985
705783,5.336788
10089727,5.279669
3449142,5.471538
13632281,5.1873484
4878481,4.859175
6181322,5.2461953
18899898,3.9048645
11206235,3.5710602
1641696,4.5666213
17732162,5.8827567
15787272,4.1795526
13923267,5.4239945
5616609,5.2353144
16763402,5.2438045
1141120,5.1891346
18160194,5.091373
15860751,4.2565804
17207266,5.8325677
13399390,4.6666794
18425988,4.826354
8524308,4.8060465
17927240,4.3747015
16406819,5.34089
12189083,4.288799
18389523,4.539009
16403353,5.216562
6113839,4.891562
12137714,6.12894
11162977,5.2847233
1648535,5.0914807
18358140,4.8238373
6921984,5.5117497
17617260,5.7385507
13494166,4.3152723
18950091,5.390378
573917,4.645401
15050429,4.8639965
19950630,5.612176
18185244,4.94063
8445202,5.3370557
12823377,4.3134046
1106282,4.2298517
16806575,4.915519
16064965,5.463783
3668984,5.0314493
11803698,4.85043
20927896,6.005491
14981466,6.145065
2578373,5.312603
17316129,4.070159
16689090,5.5781026
2188391,4.6928163
18183202,5.5331016
13432851,4.8536654
18448914,4.639069
18474863,6.5273643
19828648,3.9749064
6501809,5.2143354
17841833,4.408578
10788531,4.560371
14993599,5.643749
9977113,4.167348
1762742,4.263408
11285741,5.321102
9823848,5.1033926
15357947,4.53693
5717690,4.291608
7999913,5.5545363
978582,6.46976
18615020,4.898818
12997502,4.360732
20817614,6.143435
1388439,5.2326612
2046273,4.597394
13028662,3.8977182
17169353,4.9628525
2543138,4.6752443
11646497,6.0212684
16665637,4.169975
1112358,5.151191
20687740,4.001148
19226980,4.409964
15917098,4.9770546
7226699,4.7558827
11872179,4.2945156
8240011,4.264513
2221057,5.4895306
7308653,4.0423203
19676377,5.287142
3083026,4.096496
17956152,5.136306
10039703,5.6328034
15856256,4.979605
1462499,4.1310363
14805497,4.040738
16366928,5.503996
18510056,4.3812327
6278856,4.9072976
17456803,4.7761116
6134013,5.7331576
19115618,6.325322
4868466,4.735627
14491357,5.2368193
3261455,4.826771
4485442,4.602202
18446466,4.0496135
10970650,4.626351
13136912,4.407793
3720111,4.7335873
12037978,5.018124
18501541,4.3556294
18450374,5.332924
801722,4.2232428
6300089,5.324591
14785316,5.7066917
11243420,5.2064176
3664890,4.957818
2683432,4.406006
13636887,4.9085555
6075481,5.110067
9448152,5.3351083
19996524,4.661423
15578665,4.978736
14443358,4.2557096
16358685,4.077069
18291916,5.112147
8118106,5.1174545
7158771,4.9562182
18399340,4.693103
18343729,4.6825395
13776668,5.174192
15757141,5.279501
13952592,4.113671
3530395,3.9321196
10071188,4.445696
15175370,4.7105026
1407841,4.8123436
5211153,4.00841
4997552,5.1910176
18458784,4.46289
16441486,4.208164
12433576,4.1085305
17665996,5.1674514
4469041,5.0277543
6399305,5.259575
10570618,4.4015174
7093018,3.7795587
19247816,5.026947
6460927,4.980259
12887445,4.4497156
4244235,4.8287344
19397470,5.2867107
16908067,4.316224
8208108,4.897881
9807955,4.2584157
7417050,4.605293
17284334,5.7467937
19475051,5.674098
13400296,4.2021723
3878621,5.01922
5867786,5.151996
20174389,4.1356463
5223619,5.139013
14902575,4.384616
17583304,4.033161
13600947,4.960938
14941925,5.0320086
14125957,3.7850108
1498364,5.526405
13463721,4.996254
17863981,4.2819905
16191805,4.6285686
16377847,6.153266
4030494,4.4424953
11585122,5.3858147
14912361,4.243605
15926777,4.891508
9107772,3.8798704
15395715,5.5894723
11010126,4.940539
4051574,5.5086856
9362269,5.374337
15802079,4.6281896
14556850,4.241556
4744660,5.3592653
14760085,5.05802
497219,4.796514
13377080,5.8695335
18113086,5.2244887
258686,4.293294
4273931,5.2784486
6437914,4.812669
18472429,3.9293563
7381236,5.116298
4338177,5.416348
13157147,4.954099
17619003,4.6636434
16131739,4.396534
6705069,4.1836634
16846366,6.0606966
7047892,4.546719
5909022,4.7273026
15461810,5.0031357
18199167,4.0394697
15830298,4.240063
10392530,4.842392
17208002,4.9825335
18009862,5.1481566
13324754,5.7370234
17080263,4.9183664
8447945,4.650222
2880806,4.117656
15956772,4.1971097
11494622,5.069457
13371473,5.059435
16811850,4.859846
554145,4.3045573
5126203,4.5321198
4575148,4.5864906
13743350,5.1390095
282140,4.179847
3550879,4.7609696
1936134,3.8818333
12042704,5.566152
7773026,5.373791
859310,4.341078
3544533,4.7837334
2521327,5.1609435
1003591,4.753324
13866784,4.6531053
9558213,4.8327785
6108021,5.0626125
3991408,4.816733
2465543,5.204235
19977951,4.2077975
7114260,4.7725277
5861147,4.731712
15741993,4.412254
16963833,5.451923
2446281,4.063201
13250089,5.1344137
16147360,4.839608
6558940,4.6579766
19073356,4.015489
455588,6.081924
16390946,3.9700758
3759971,4.8316665
21028290,4.620641
20395266,5.446077
6364873,4.338074
1645712,4.10423
2087419,4.804147
4808274,5.2591677
20365555,4.5631843
601763,4.9965806
19878899,4.302847
4261029,4.9042645
20931098,4.876276
5967397,4.8499637
12972574,5.120967
15600863,4.4514494
91588,4.984317
4900362,4.481151
17493132,6.0543957
149996,4.917056
15866130,5.6899643
1481990,4.0150194
6850830,4.207467
12785422,4.1688495
10426358,5.043383
7900936,5.228639
12811459,4.664178
7859932,4.134844
13474446,4.3090787
15096360,4.1535454
16893030,5.243864
12433805,4.852173
5639973,4.15632
16780250,4.251192
9716234,4.56364
19132324,4.6082387
5707033,4.8425503
14035943,5.081391
20729158,5.5089626
3521396,4.5128303
334886,4.8729815
14299993,3.8541014
2036690,4.675934
8540941,4.07059
5638792,5.5569496
5861236,5.2873435
853145,5.144854
1135287,4.886039
2547530,5.526218
51510,4.479871
13809783,4.6890564
15286075,5.104258
18497552,4.3390946
13192001,3.9006093
15869087,5.299373
2042235,4.7702637
16134518,6.8264008
1542757,4.775212
9967314,4.0619745
12971912,5.305147
18327945,4.306609
741806,4.4134903
13479999,4.2530127
1598886,4.660108
16894722,4.960424
16971534,5.509617
19472806,5.966497
10869804,4.0760264
19328724,4.475903
3743048,5.239343
15735526,5.2712107
7208745,4.79591
12399041,5.1142807
16780909,4.3473115
5382628,4.628682
17893471,4.739694
1132201,4.9411087
6226793,4.54936
3321593,4.659303
7918728,4.118274
17223993,5.1058016
19382870,4.974954
13245886,5.1313596
4277425,4.283556
6765133,5.45166
8842667,4.778291
9445342,4.180345
16577306,4.2948556
20270174,4.7790785
7858468,4.2129517
16288650,5.215414
4356890,5.0618305
165978,3.7466972
18181482,5.531579
13765146,4.3220086
9691588,6.5851736
15700787,4.299839
17903605,4.2368994
4813259,5.2068176
17811691,5.1303687
7327920,4.4008074
13881266,4.8317666
6072316,4.9025984
19546150,4.615018
7132809,3.254538
13829188,4.7146277
5273710,5.1326785
13781084,5.2922244
15803256,4.6099815
604321,4.6251626
11125734,5.684978
16176886,4.223535
16798447,4.2150664
13671404,4.715198
229826,4.428713
7596630,5.101234
16989578,4.3221474
15942919,5.309156
1627655,5.5202317
15579950,4.4039407
10332393,4.8060308
14013443,4.654439
13733267,4.694604
17924721,5.6209292
14351470,4.873569
84042,5.856596
20477001,4.7870164
15841899,4.755534
1815430,4.375302
1945323,5.6817336
19414323,4.173243
16852822,4.6650333
6447815,4.1352882
13096091,5.1722293
2374963,4.0847464
13915978,4.939661
2342445,4.7782207
18461771,4.767236
9937307,5.6050253
13116759,4.893479
19752498,4.6811175
20111316,4.599399
8812143,4.3856587
9049582,5.1277456
19987777,4.978219
18547990,4.4999304
9736576,4.6829104
10164759,3.513145
16590090,4.358038
11065341,5.1320596
13248908,4.417067
15802616,4.7334957
2925238,5.0445104
12023916,4.540531
53630,4.137292
15194755,4.7922845
2182683,4.1423163
19359445,5.188563
16367702,5.191137
822297,5.19237
5268960,5.4535246
19101648,4.0690284
18010414,4.5443625
16839692,5.18959
1388296,5.499889
15484241,4.0850744
18225352,5.2655478
14179246,4.807
10772200,4.9994116
16057443,4.6628256
14112656,6.059176
1237185,5.071908
16298603,4.3123283
13550201,5.694604
15528080,5.122922
16326397,4.879413
19591602,4.259773
135608,4.4959817
9169646,4.0651083
2070289,4.531143
3710230,4.7919693
19889348,5.0403237
11618026,5.3252106
7239386,4.7644672
13311675,5.544052
5321219,5.1181693
12347435,4.9706054
7021956,4.7179055
1001422,4.6896005
13348401,5.167905
10054892,4.2755494
7159258,5.8159347
18767723,5.7890778
4516766,4.2191143
20217062,4.7858114
14369625,4.2253356
2148625,5.4804835
16960764,5.626375
18474616,5.7769933
12428994,4.848944
6424894,4.6763716
3168044,5.2907076
15694333,4.1286845
16791784,5.7591424
394026,4.72964
13626221,5.3910065
993044,4.2989817
14268189,4.394759
11050763,4.9347143
7181688,4.4221168
14214787,4.3460393
9810729,5.4949355
15144164,4.4184875
13001471,7.141963
14500533,4.651594
16918492,4.673171
15903271,4.5880213
20169862,3.678961
5038425,4.776385
8212051,5.1232758
3432296,4.588204
16273526,4.9305544
11413078,4.1663384
1045491,4.669769
9879235,5.027076
3946215,5.915633
11842522,5.0153522
9090864,4.3371725
13548357,4.9633904
16662964,4.75349
9347210,4.138353
9960561,5.6764555
18019834,5.205234
18473152,4.5064116
18737405,4.0147653
12007979,4.59298
11801481,4.163107
15107136,4.2449303
15085174,4.0861983
20378972,5.387496
10731618,4.2600584
24143,5.3991747
11378376,6.1135116
2457755,4.508074
17134442,4.601002
4892732,4.5146914
16531552,5.21665
9921369,4.820332
3882682,4.2027016
16812735,5.2708964
3559515,4.422761
13696267,4.591399
16440392,5.192918
84789,4.43042
14744400,4.8930445
13679022,4.8389335
15451733,4.0269303
18491768,5.1141105
14024651,4.722915
17522320,4.021225
17890075,4.5053177
16669509,4.5192094
8432166,5.343912
3486460,3.9926798
18007593,4.8936234
14075038,4.670578
19827326,5.149732
462986,3.9370937
13395329,4.681116
14779787,4.105284
5781348,4.250967
6436335,4.640248
17223273,4.2163997
18397006,5.8335114
6640084,4.834101
17136735,5.4270535
3516677,4.3373075
4863159,5.270373
4587199,4.824304
12360843,4.6190076
19485371,4.589717
2179562,4.310373
6503532,4.6817293
18242725,4.9781055
17640610,4.682181
15781521,4.6688304
18156252,5.3578715
14290777,5.115743
13343523,4.8285103
19909210,4.724744
15251382,4.8880057
854521,5.3950377
12902256,3.9534044
2524058,5.840348
4198745,4.830497
15464884,4.652261
990279,4.877768
16464039,5.27128
8286139,5.2814674
8866178,4.9178767
15357476,4.3497024
4996877,4.104851
8776339,5.740916
15288916,5.149709
1283453,4.3280272
775097,5.7059927
274085,4.173271
14164714,4.893552
8629731,4.0889373
16482669,3.9895008
13893264,5.0220776
15232776,4.87016
17122589,4.8868513
9050373,4.6172137
17160326,5.0455875
14103889,5.2832403
11961742,4.3290668
12452576,4.851499
11829124,4.2045455
14608876,4.7350307
15447618,4.229032
16439133,4.2901917
6767883,4.7236276
17192974,4.072585
18448355,4.819099
14873270,4.134747
4730504,5.559187
10262267,5.9084263
16630498,4.1830883
13810048,4.102869
648246,4.3513556
2397441,4.987671
5204458,4.58683
9362212,4.418575
6064111,4.405816
13897599,5.1583185
99070,4.2089176
20713835,4.612807
10766,5.2425904
687590,4.117157
13766130,5.3945947
971233,5.8749895
14246616,4.614386
5521395,4.2831326
17177688,4.207687
21015751,4.3061686
8114381,4.015784
6065847,4.823481
16960725,4.4707646
14870294,4.5829515
13153395,4.67325
723716,4.6894712
12135584,3.9075992
15853793,4.721798
4347579,4.56333
1717499,4.469711
16480055,4.237786
13900080,4.2178364
18178387,5.269833
19170360,4.1124206
10273570,5.6696024
18654452,5.2145085
3643012,3.6341524
15783413,4.766341
983330,4.070965
4278568,5.47435
1160508,3.824872
1197976,5.423503
12653674,5.442714
19180222,4.189108
2227043,4.272509
19104606,4.4404626
13494880,4.1109138
12930098,5.2332325
8873877,5.056472
5362605,5.7604213
18158828,4.3891416
20861411,4.87814
1171553,3.5321143
4853892,4.9810104
6119923,5.2105722
2874467,4.8418484
16337451,5.242869
17890743,4.0357423
15113234,4.684223
13124637,4.8819575
8782393,5.5667043
13217943,5.764166
19345569,4.9198947
7095125,4.7280145
20863018,5.346397
20330477,5.4354873
9283035,4.7012568
18273151,4.543198
3939535,4.837311
8538606,4.169248
7206579,4.925138
8776688,5.2893114
12433724,4.140993
11553426,4.3367796
11419932,5.222175
2519770,4.4153004
15514267,3.9587333
14731296,4.5650296
15520158,4.6752167
9415577,4.8287735
3827545,4.0430984
13531132,5.130269
18876659,6.3470984
838943,5.219867
6273161,4.2014017
9064394,5.090038
15658101,4.891418
13332150,4.6826982
6837062,5.1793523
7053496,5.1958766
17543505,5.0827713
7966447,4.166332
4321766,3.9836698
3781,4.7599764
4482049,4.0958285
16854236,4.7485805
16969678,5.6940975
9487807,5.4078298
14668313,4.362264
18291879,4.252313
2876562,4.149659
21029824,4.6367
9618986,4.443307
14826817,3.5467541
9881420,5.7390814
20899658,4.48823
14456503,4.948901
13260699,4.6074424
13732678,5.055571
11339369,4.9318004
2472383,5.204948
17588923,6.5852656
6438239,6.584743
13496129,4.2474785
4738295,4.1646037
20775370,5.113905
18064112,5.2004704
12363329,5.113778
9185754,4.8447256
17380802,4.965007
12340626,4.334616
16741874,4.2612033
16173070,4.1265306
16855286,4.103718
18879053,6.3830323
17666497,6.06826
1368771,4.4965096
4884217,5.0417566
9547801,4.0356402
1535628,5.5367446
490088,4.409948
1961421,4.5220532
18707214,3.9946334
14485693,4.9350376
7194138,4.6763935
11929554,5.1859
16350872,5.6351156
2351745,4.7595186
7076340,3.9459658
9487497,4.888858
16794058,5.236281
4484495,4.4897666
17343700,6.2040267
3693901,4.5245214
20667684,4.7566113
15662010,5.710933
15941555,6.657202
20030871,4.0565386
10902195,4.103759
14726349,4.322717
12424035,5.4512134
12858956,5.6058197
16145655,5.15468
11887700,5.496062
81480,5.431978
3120723,4.500946
10923835,5.0103426
18361539,4.439219
20069530,3.284901
4901568,5.028224
7886156,4.4823813
14068062,5.782208
12973353,4.053744
12474771,4.3435216
637641,5.5797343
13855981,5.0859337
18451323,4.5556192
16556504,4.131833
10364483,4.3808928
19326011,3.997689
13592245,6.061462
17750680,4.6827803
9573258,5.562922
15979617,4.2566123
13754386,4.5270586
14361942,5.2390494
3311711,5.092052
20541892,5.6736236
9902343,4.186411
1103522,4.750366
14372880,3.9598691
176369,4.6648817
20689638,4.843242
10115137,4.1487155
676295,4.0129433
16005902,4.471689
3176874,4.3954163
13251980,4.005196
4872465,3.8062918
4040407,3.8382993
15204898,4.0430164
6958132,6.4723406
4216611,5.4856706
20059569,4.051373
483717,5.2490826
16772611,4.6954913
15180269,4.3543763
14276120,4.8290753
3993975,4.62105
17914745,4.9431853
3709090,5.3262196
1475847,5.169233
13559900,4.1515293
20956802,3.9624078
3678357,4.6038685
7564276,5.1431723
13899834,3.2530768
12869679,4.684924
2447467,4.875347
15167133,4.200964
16352294,5.476052
2636731,5.0288663
17368418,4.1843567
17568638,4.2743683
1931788,4.9264646
2856372,5.1035585
11616592,5.8758965
10499229,5.4273124
11434490,5.1201
4918092,4.165692
19469134,5.120004
13192535,4.4789915
16382643,4.1418815
20976316,5.369772
373449,5.3268347
14284084,5.845803
11993995,5.3114824
957734,4.7186823
20091873,5.511305
6356359,4.2120833
17497933,4.919975
4616452,5.441782
21066603,4.325726
20242706,5.3092766
16019171,4.0708504
12003146,4.38156
6300619,4.936042
8729960,4.6686373
16159491,5.4928174
15299624,5.5136747
6924981,4.4104877
3496587,5.2029095
786053,4.1396446
15222071,4.53873
20073592,3.8442898
11655076,5.2298403
19490059,6.77991
14578554,4.1224017
20660605,3.659444
14916372,5.4307127
20650166,3.9079032
19929904,4.666561
15863966,4.504131
5894756,4.322966
20002300,6.6196785
20673104,4.765789
16166989,4.016635
8675430,4.238894
17959492,4.7607656
2379539,4.776089
20092821,4.213296
15355910,4.225795
14768122,4.4615154
15603806,4.989209
4853011,4.74295
11970702,4.378499
11595006,5.1380177
8474452,4.4290004
10038776,5.0698705
6747106,5.0234
18141419,5.115887
5615680,4.754543
555206,5.3500285
18759478,4.046684
19137944,5.232221
8908851,4.0904875
13222474,4.046579
9020889,5.398696
14769283,3.893543
4792342,4.1984553
16260977,5.17334
3198365,4.8100057
14845712,5.097087
7549636,4.861029
18310642,5.6815414
20151370,5.001953
7824127,5.445626
7698619,4.5328927
17367499,4.7456384
8502682,4.1639304
3855260,5.3717084
2998572,4.5761447
10388796,4.385642
5534206,5.3292894
3100156,4.88111
6359919,3.9766564
12159008,5.2971406
20958832,5.2886057
16703249,5.0910425
13905605,3.764366
12007345,5.121798
13921462,4.2493467
4052514,4.962404
1356243,4.9969583
9463261,5.643135
14168312,4.3377542
11910762,4.006881
16095824,5.049801
10700310,4.2145705
7915142,5.3104424
16736000,4.0605702
16160848,5.1781764
844319,5.3592563
8106502,4.950599
16087894,3.8252344
2486775,6.6746697
13192068,5.8126326
8907184,5.322594
15567704,4.5545845
13803381,4.6913714
12345615,4.671078
10103643,6.107963
1758811,4.3883996
5652968,5.345896
5066813,5.085982
8880869,4.755754
2346106,5.347837
53283,5.1365886
17142073,4.6545377
13276227,4.877804
3811757,4.654577
984850,5.1363573
13117571,4.5741615
17433572,4.556905
7592433,3.914187
7019534,4.180714
169430,4.358599
19784228,5.3917994
1358881,4.8006268
3930645,4.104557
12406683,4.6488175
13675796,5.1573486
3030653,5.3369927
13358553,5.414834
18549136,6.2763386
1090275,5.605112
1171021,4.534393
7659268,4.7870836
11625849,4.8576427
706000,5.255342
14991084,4.0936885
16289973,3.8874922
8227818,4.665581
339682,4.783769
16171678,5.0276203
15853530,4.389716
11016623,4.9695597
2897706,4.4333515
6886946,4.9020076
3293492,4.666969
19448926,4.1732616
13881020,4.449411
17282895,5.2164273
19175819,4.4783006
5729,4.5851903
15714136,4.097011
3983469,4.235086
2695469,4.747801
16079346,4.154469
8381572,4.00861
300407,4.1632295
10138904,4.6801553
10061347,5.64296
13767750,4.0989575
2260342,5.3581595
18058593,4.5773177
12004175,4.2994537
197155,5.147642
6838391,3.909422
9231486,3.9416425
3571698,3.8026736
534897,4.9125924
7496824,5.5826225
5404029,4.6918936
13768853,4.604713
3912900,6.250013
14873247,5.2102313
11490215,4.414018
12723072,4.6982565
9887462,4.5761623
7846943,4.6382008
13584472,5.2126985
9788818,5.1763186
16629472,5.0172205
17568601,3.9943888
11891378,5.2923746
18615928,4.422805
12931029,5.044105
16650088,5.223587
10575811,4.456695
17804437,3.8563383
17435150,4.3710303
1003756,4.5911245
2732,4.218099
10434647,5.007935
41959,5.1382737
89621,4.883167
19925217,4.604407
17992512,5.2439876
18914948,5.403711
11962906,4.332413
11792006,5.3207083
11535608,5.9350586
17303017,5.883964
8805472,4.801825
12240714,4.4192414
12955865,4.351468
10272252,4.662647
17858281,5.704564
18804539,4.816615
4565981,4.3163586
13090471,5.104258
14373076,4.847562
15102111,4.5701466
17158706,4.3492336
4519165,6.341363
16300478,5.058523
5143177,3.8663652
18262153,5.640073
18465009,4.213075
15022924,5.379091
116951,4.9887953
15890220,5.1106777
3434614,4.8443446
8252369,5.5321994
4462553,3.7945795
9541320,4.6098557
18390112,5.2592573
14679000,3.9923139
10792245,4.1908755
18148701,4.2480874
13562195,4.7132483
18066933,4.5178804
15966295,4.1483793
2243266,5.662375
20943288,4.666152
5697429,5.7497845
6759818,5.3340364
9824938,4.5378976
15700484,5.448222
3514447,4.9540424
4118244,4.2657924
17788004,6.212863
21140926,4.636783
9184677,4.1195817
11434339,5.444674
4581788,4.3652086
14633517,4.6031156
14543423,4.1886954
3876850,5.6534534
1042420,4.1033797
13811866,4.3610477
9538618,4.504492
16244345,4.5762043
18635068,5.2780194
20967786,5.1187296
14655004,4.025832
11083755,5.006489
10876630,5.0437217
13866471,5.4591656
849360,4.9704204
14147107,5.580311
17340759,5.886375
20354367,4.6786447
2095010,4.606792
17045261,4.779374
72205,5.4368124
1110001,5.223414
11130697,6.411589
1730937,4.950345
19124093,5.2022877
1046615,4.2724686
16253753,4.1074033
8548067,4.896139
3933059,4.818699
820107,4.8604336
16296678,4.6883497
1084348,4.93279
12190053,4.779039
7985333,5.6009717
13371954,5.4090924
20886204,4.922905
16862902,5.1449957
12400242,4.6703877
16102444,5.385323
2017566,4.3679504
9450923,5.139253
16190549,5.4243255
12588592,4.872363
65813,5.4432387
17611567,4.017537
3933382,5.051745
819893,4.526495
12379595,4.4125648
15244537,4.1366057
8794495,4.38057
19788202,4.24301
20456961,4.3938074
6211289,4.417902
9414019,5.1136127
13479511,4.679518
9281529,4.1039534
1167009,4.109906
2699454,5.2302384
19838423,6.2274513
15357866,3.7395422
12385669,6.0136156
5511358,5.0202904
12865389,4.246135
17665091,4.0556636
12649792,5.406622
12713582,4.4843006
5162580,4.0269322
16087050,5.3470798
2552606,4.2351093
7873524,4.212501
15821136,5.312002
14215652,5.1661043
16283582,4.377803
15341486,4.800869
198613,5.055854
18684888,4.9404254
2864,5.009268
15769922,5.459637
13358265,5.40843
10434438,4.5727367
7502595,4.5652957
3447789,6.0653667
18821560,4.004701
2169208,4.7590294
2578731,5.0673103
20490991,4.316142
12203625,5.5346518
4552932,4.738017
4475747,4.771325
14029525,4.241944
13941332,4.742832
16033235,4.6142783
4541080,4.9763722
4645378,4.985255
4861698,6.507407
4845484,5.0386953
11262987,3.9353378
10133350,4.549352
16677753,4.5904913
15600840,4.720948
20796664,5.2073092
5262247,5.1531706
7916684,5.3801622
18433471,4.66788
19611671,4.715633
10456916,4.043657
12367691,4.744307
10208954,4.9983363
7914478,4.930185
16861760,5.2595043
14031256,5.4376445
16177380,5.2694716
20194264,4.277613
11656367,5.065469
16228921,4.177783
4550245,5.7044253
19245145,4.6348877
6799380,4.3894153
15625803,4.970125
7069881,4.220515
15785970,4.162475
16528632,5.2459054
16142871,3.8798292
15530686,4.4628296
9811717,4.9744906
15241968,4.9850507
6505612,4.852048
13624387,4.4870696
14473548,5.2797985
13712336,4.8559527
1117836,4.0743475
18819758,5.107742
2922197,4.5478573
11395076,5.559377
9429510,6.114466
16156753,4.0434885
11300444,5.4428577
731591,5.9542823
13685131,4.575709
3594786,4.8926196
15191740,6.172199
177421,3.725576
12057747,4.712567
7460748,5.0992627
4879530,4.8421426
9895802,4.962712
17437975,5.1968594
20270203,4.8798285
3666480,4.9808006
15597127,4.9404755
11993862,4.154016
2995134,4.67088
11190698,5.2392073
8189664,5.059963
13148936,4.0937533
14657085,5.207921
1183628,4.3695
19860683,4.082418
3498656,4.573098
15583980,4.1933455
998981,4.613824
14390147,4.8648825
18616217,4.149537
4917460,5.2614074
177666,5.501572
762505,4.9148197
12228526,5.541078
5505726,4.025151
515260,4.5707884
1290697,4.882807
8447299,4.269245
234814,5.317562
20055742,6.2676916
8988340,4.4296675
265064,5.3460894
16163977,6.341958
30022,5.466361
16897611,4.227631
898669,4.7330313
4258267,4.6906424
5507784,5.1903067
16518378,4.1766825
7652219,4.950509
20153394,5.637727
15872497,4.984258
7237848,5.24499
17332367,4.9503236
9314292,4.6787777
228317,4.517306
19701268,4.448638
11513480,4.966251
13442932,4.894977
18213602,4.5444317
5202723,4.091879
18085124,3.9931822
4209106,5.7993073
12848884,4.884584
16677517,4.8388257
13673484,4.7496066
8541515,5.18015
15742920,4.088843
7762483,4.4772243
10193392,7.3369045
11912139,4.193048
1283823,4.108916
14757295,4.653651
8859006,3.9791257
16142131,4.002198
20970656,4.3837357
6608246,4.3374968
13080236,5.0912323
33773,5.1109085
14469525,4.148745
16723775,5.0640917
1696050,4.578099
13866409,5.0110784
9011187,4.930133
7497086,4.0282345
13869291,4.4776263
16601191,5.348119
8072802,4.4258766
11557022,5.0023255
16546581,5.2238674
1851886,5.2916923
6466692,4.978967
12658933,4.513314
17703016,5.4080434
8472045,4.289198
6636331,5.1481776
9512461,6.6758256
2337670,6.020467
17915565,5.367878
15932652,5.245184
17016270,4.5520997
492208,5.6788707
2214256,3.8233778
14469126,4.2088814
4472978,4.67888
3183093,5.1010504
20619642,5.374634
18210445,5.6815047
12765609,5.34518
15735142,4.1005626
9336526,4.481787
13265500,5.1489377
13674879,4.526327
3684028,5.768507
20994674,4.0894694
4394093,5.1568503
4929924,4.234948
6066563,4.932165
18445469,5.1330385
20740651,4.6776953
7101822,4.3047056
18063783,4.285496
19155616,4.225166
21005738,4.7851486
20227482,5.224969
1547212,4.4822397
7260560,4.1752453
14532158,4.819724
6600266,4.0526333
9694297,4.8157463
19610807,4.4527335
15931514,5.229245
17543473,4.556039
18023221,4.7295985
11176248,4.6731625
4736217,5.4114976
17907264,5.4170413
9523156,5.0098505
18042195,4.164688
1316362,4.344587
10458942,4.401849
14880613,5.197092
16665208,4.252838
14756990,5.247338
3504373,5.1641626
42408,5.33901
12078540,4.297264
8652729,5.649839
4557832,5.0418706
7397649,5.140579
7728109,3.8302858
7573465,4.160026
10256018,4.1912136
7874869,4.2029867
5949599,4.9602914
17917368,5.6048656
8883032,4.6850486
6017574,4.5269523
16767153,5.1470733
16350934,4.8944583
20227412,4.089079
16949319,3.540591
11148990,4.5275655
14788998,5.623105
8237244,4.950414
16320612,4.5841904
7637415,5.1144123
9174505,6.033554
6976501,4.612088
18266165,4.235841
10708502,5.09737
18344824,5.536175
5012354,5.6443753
2308858,4.2642317
10837940,5.18309
63546,4.120377
20291879,4.072339
7648365,4.871553
9944452,4.671291
5307732,5.2764535
16569960,4.8521185
13378410,6.208159
9237653,5.286945
14400451,4.2111692
16628284,3.9991572
3294293,4.067085
4787201,4.842219
10437009,4.822518
8655936,5.7762027
297962,4.1691194
5698154,5.1022663
10753958,4.453928
7380251,4.9628525
16037130,5.0849133
9820053,4.747085
7575081,4.5973015
17045488,7.0053806
11089316,4.2942615
3801007,5.2285023
16382105,4.9769964
19036290,5.6614437
17328594,6.6867423
13564648,5.539969
4120525,4.5565987
19575306,4.7600904
15772067,5.0699186
4710429,4.0998874
19756641,4.9804707
1702533,5.064437
8406868,4.9314413
15099361,5.0983706
8882549,5.7868605
9590401,4.7233653
17906136,5.107112
766006,4.033098
6588588,4.2744565
4157064,4.773842
3434303,4.5600886
13042888,5.0872626
7564160,4.6239653
4581440,4.7400985
12243556,4.7400246
20092143,4.815818
903972,4.234723
17365947,4.156515
14960623,5.9747386
19698169,4.2140393
271043,4.9216385
12888578,4.4071965
6467565,4.9900513
17668399,4.3341217
8441969,4.4688306
1827723,4.636949
8146444,4.086583
18003630,5.1144023
7783855,4.4775786
17526379,5.0777216
15187100,5.11888
4156391,5.2206116
6732541,4.351009
2139948,5.0095544
14880337,3.3271422
14011411,5.2417955
16154928,4.5846367
7378773,3.886092
9447650,4.638072
4541346,4.876806
17735887,3.9659894
14695082,4.579108
4849634,5.472899
10682585,5.6811657
5571716,4.5671234
13530359,4.6830916
1869438,5.080988
279816,5.3777356
2970386,4.340579
13754457,4.6002254
10948340,6.497711
13414166,5.50596
14774459,4.423121
20283488,4.1700964
17737577,5.283692
15543789,4.831366
20933869,4.229192
9012907,5.200929
13914274,4.556072
13577831,3.855247
21161880,4.3117647
6660816,6.081641
14882827,4.9899025
16987085,4.17403
1100421,4.5108547
8704996,5.2225437
20677836,4.91133
19909929,4.0632367
4206034,4.525844
162934,4.2209654
1591811,3.967669
11529778,4.699584
10117636,4.5232687
9897412,5.0786805
6076807,5.9525495
17385649,4.197502
19100971,5.031177
3614680,5.710824
12291683,4.2967677
18535402,4.2600613
4379572,4.831184
11905505,4.1439962
6358013,4.7205753
7857040,4.964305
7901480,4.492575
5508599,4.7807913
14505318,4.8188004
14167287,4.872195
14913381,4.3306413
8540024,4.0102205
13654127,4.8204694
13281916,4.9006777
6870290,3.9574428
14335936,4.250655
19291901,4.752966
18702075,4.2438273
1036498,4.6836395
13928304,4.6305637
586742,5.6375237
18163137,4.128826
4605455,4.248891
10635913,5.3198686
20164634,4.090138
20820399,5.777402
10326242,4.2873645
17587463,3.3527784
10989352,5.228245
11506242,4.2011895
1428590,4.0999546
16018937,4.6576157
14952649,5.242994
20523559,5.084649
235281,4.613165
14386892,3.986583
15974031,5.3832426
4530085,4.34768
12176844,5.7834573
723523,5.281229
13810264,5.6688437
4636545,5.238626
7273513,4.8233967
15110037,6.6311216
12385002,3.9989746
19050152,4.265397
15665095,4.3343835
15621557,4.911346
14575777,4.4519067
7649846,4.318975
3669029,4.6065454
17556428,4.2364864
9192475,5.0415273
834871,5.4098334
18458323,5.4942236
1744941,5.065233
38365,4.283338
15230670,5.4501414
13511478,5.6124563
8150930,5.607552
14240343,4.2257113
299699,4.6943593
20154569,4.0365534
17686852,4.985637
16761973,5.1153316
8704967,5.018651
5561683,4.000443
11190831,4.107387
1406906,4.9180727
10149803,5.007011
1171578,5.024563
6748973,4.368839
8758534,4.4835873
18007183,3.8834188
4989,5.6672435
1976071,5.109431
9686776,5.0922236
19844482,4.4688654
14320317,5.505085
20706418,4.5413885
15925996,4.3973665
18404373,4.12379
20862910,4.3691225
12015424,4.340689
16425397,4.73931
8153793,5.608466
17041027,5.078733
15108088,4.6207685
15820618,4.7298603
289037,4.446738
6571877,3.9424412
16822873,4.5271277
4359425,4.3814497
21022242,4.4773297
9996758,4.5518775
992598,4.2989397
3112284,4.5062437
13171201,5.0149693
14994778,4.963813
16964141,3.9312348
13250400,4.0160117
5230712,4.6617026
17811394,5.0428042
16241503,5.038207
17524455,5.164185
19618550,4.3741245
21081544,5.840472
1226176,5.1779375
12842399,5.466782
10115375,5.0078454
16796405,4.9811344
7758083,4.099838
10903055,4.723691
1815551,4.432067
13064650,4.196616
4048050,6.355988
3798941,4.9582334
10136994,4.212775
16577159,6.375867
14405290,4.7296195
13914768,5.61996
10766339,4.152208
18626606,5.26266
3628190,4.5742297
16915184,5.654804
8916393,4.420728
3255501,4.340954
556903,4.607061
6233785,5.1997685
6968806,4.540517
13659092,4.18152
7343245,3.8815482
18327990,3.7572877
14556530,4.181517
4730124,4.855966
9216060,5.2152176
15549544,4.2574134
18976585,4.5270324
1586346,4.709857
18330079,4.683725
17119365,4.406981
7914369,4.0134892
6277566,4.3462653
12829364,4.5686483
16028218,4.775437
11013337,4.2403555
19528621,4.7333994
9862199,6.235523
2771128,5.044918
7883850,4.7788835
5506205,5.403784
9807188,5.886808
254259,4.9645944
13770434,4.6681232
8322228,4.154506
482592,4.9805145
13599334,5.0562305
18878633,4.737044
19458060,4.5070753
17862407,3.927927
10273955,5.922183
11656698,4.2404933
8907289,5.0942554
16544121,5.450737
11826005,5.8568673
7348398,5.854492
16164518,4.797633
12468659,5.1911793
14983458,4.427966
4347219,4.5438485
13802779,4.5874276
13026414,5.0479965
6764230,5.1454678
11187722,4.799475
15883070,4.467828
20424357,4.1843987
10475761,4.6455636
904512,4.861533
181511,4.426846
12252435,4.2117777
2022938,5.997007
4493109,4.111149
1313414,4.0514765
751904,4.7207165
17407660,4.7897997
2924915,4.8667173
13748757,3.9543436
6346342,5.874643
9895587,4.946872
15972085,5.2856846
15662142,4.2430863
3820396,6.0907316
15182066,4.8135724
10967300,6.0619183
9410545,4.6055098
12537957,3.4324253
19664709,4.5256352
14473545,5.6501093
2994892,5.7735777
10515838,5.8793283
1648737,5.0958905
11574687,3.9899855
8589668,4.09487
11032957,4.5626955
8681776,4.616199
19596257,5.000502
2209722,4.0634346
15802389,4.629404
15884243,5.248783
13962117,6.2333174
12186120,4.5850716
525412,4.3543825
20071095,4.788216
9486961,4.4772043
4830494,4.9830637
17475274,5.3962874
6574654,4.5419893
7099232,5.1641064
20043063,3.8354287
13156931,5.8851137
16005448,4.701935
11720130,6.221539
17098018,4.435062
3352608,4.156681
17957521,4.9642563
14712466,4.3341613
6809562,4.779335
17573298,4.2692237
10654551,4.0573754
1018606,5.5225086
960210,6.029281
4993804,4.319488
11844588,5.2655063
13915544,4.4681296
12821596,5.277054
540489,5.015284
15328652,4.1378837
17692747,5.3628564
8365732,5.1670094
12562302,5.0296817
18379170,4.5473366
9746604,4.6265883
1453998,3.7406282
12385036,4.241053
17406013,5.001102
3585049,4.674348
17364747,4.8165884
14702468,4.78343
9329140,5.451409
2563440,4.218805
2073869,5.0413723
13605171,5.191353
9104876,4.8773384
4236725,5.3682666
15859398,4.077794
2598524,4.631843
19843343,4.176723
2471964,4.7440004
18667184,5.183696
15952571,6.423042
18459155,4.723616
14913168,4.6980987
16477504,4.248881
9863859,4.7596936
8965666,4.137013
13114592,4.48595
18856364,3.859367
15054447,4.513021
20697637,4.6728854
18504723,4.1454806
2931870,4.438365
8830015,4.306629
12626663,4.1549606
18173372,4.523324
4815765,4.0761533
18701546,5.211941
16161905,4.6030593
8193862,4.4292164
8324409,5.393895
2683455,3.768315
15255758,3.8571754
1995513,4.2097206
14312186,4.8541703
6349111,4.1125765
20031027,4.087019
18288952,4.5536094
12796391,4.211434
1220989,5.8726535
16202884,4.443915
8671663,4.6947775
112223,5.132106
13545489,4.690488
19585955,5.860038
7499378,5.081024
8226297,4.710147
18138617,6.3372054
20028865,5.0150747
20363656,5.917381
15871718,4.662713
16394576,3.9996145
13410311,5.7754936
20573255,4.040351
14787934,4.5367703
15665935,4.402344
14163104,5.830732
5750871,4.149312
6333552,4.8408875
12805392,5.014162
9511212,3.4324563
5904156,4.1845984
17574978,4.445155
4863108,4.36545
13937701,4.813327
10924435,5.9889383
13801453,5.1375103
3324203,5.066064
18163576,3.1494176
18213337,4.128366
16230158,5.4267006
14849656,4.578454
13857318,4.6618385
46446,5.0981865
16133447,4.1957707
4766582,5.072562
218793,4.37655
8806783,6.0224843
5806803,5.244119
2606027,4.3821297
17335612,3.9430249
17450243,4.3867326
16408952,4.5384393
19117518,4.8813944
7827616,3.9532785
14030118,5.5065384
5085279,5.3175216
6165032,4.4885283
7697122,4.299885
19039431,5.0608106
9772922,5.2218456
15872632,3.4010177
20802057,5.002105
1724819,4.43863
17376781,3.81697
20329152,4.3642907
9477823,5.4692955
18415886,4.2351575
12249312,5.2999363
18198709,4.280777
16756027,4.852035
13525610,5.2467527
194809,5.5683055
3083343,4.3014884
43170,4.2911315
4136252,4.0970206
17512553,4.954221
14692242,5.1667633
13157125,4.1207933
11968470,5.0973454
5849371,5.5381503
20861446,5.162954
13752754,5.3781567
12782109,3.6821098
13914906,4.9558873
20433605,4.199149
17729392,4.9067097
12783295,4.02629
18314459,6.2384305
11377886,4.5383253
16533557,5.917718
5749969,4.46283
20046553,5.623731
63416,4.460846
20707606,4.2483683
14850904,5.8515043
4364989,4.6664987
14169376,4.640987
11325635,4.304499
16701087,4.306194
3417627,4.6187863
18358666,4.5214677
2117705,4.6895614
545252,4.854055
6474699,5.319717
15991265,5.014717
14790155,4.744189
13350424,4.7166233
607735,5.3627877
19675738,3.9645078
17990765,4.5614533
3840127,5.128992
17366919,5.471287
7923681,4.4353604
4533440,4.8133492
15773252,4.691539
6384383,4.8940034
9304169,3.8661635
14204600,5.5509634
16915848,5.747757
5572169,5.522449
2950592,5.120723
8209628,6.3492465
7751021,4.9182196
3880860,4.439846
4263805,4.544218
12472531,4.7355437
19526089,5.1141596
4502357,4.670121
16676157,4.773743
19701453,5.594079
7979433,4.6213007
14870782,5.6829276
7564020,4.755617
14052019,5.496757
8652385,4.8916078
18059224,4.4604425
17120824,4.6112413
16480421,5.1261163
15559034,5.954431
17590481,4.0871077
9028589,4.3472853
20446879,5.812236
5327513,5.2060823
19364229,4.6564813
14530402,3.6052852
13464927,4.5819597
10997274,5.1448464
5454959,5.365694
17234136,4.0559893
16208678,4.5697684
9534064,4.5452566
2164904,5.575789
4966559,4.011365
2433743,5.513474
14218722,4.142951
13065347,4.247149
21042065,5.270464
20818853,4.802813
14086188,4.155251
7787607,4.877614
16425844,3.9712372
19855001,5.403938
10102965,5.0086884
16284355,6.360113
5783781,7.200578
1503930,5.3284907
18327361,4.0119867
1180144,4.802109
13911251,5.1616178
13341485,4.5613747
14430784,5.287726
20675714,4.717044
15560655,4.2185726
18706845,5.752004
9819589,5.6888638
14216498,6.0081325
9111750,4.6071587
4203567,5.726136
19894158,4.023482
6104066,3.9746177
10805572,4.0730033
9711491,4.7398086
17879380,4.5862627
2007357,4.560733
2658531,4.660311
11814079,5.6232634
1931883,5.0489645
494208,6.04531
3972297,4.6797624
6220699,6.000997
9348516,5.41657
8500157,5.022871
20641847,4.945349
15450848,4.6514826
15078898,4.6750493
10090553,4.0090637
11291956,6.120578
7579785,5.5018687
13973341,3.8134322
9199402,4.6303887
10732870,5.352031
1076743,5.1585546
1912425,4.9428315
7748747,5.0276566
17625848,4.6107087
5784404,4.1701317
4431792,4.9241314
14783418,5.147767
16577136,4.0720425
14321059,4.1038823
6807297,4.6743927
16829244,4.1923776
16111285,4.108173
6941379,5.1257286
1212239,4.7242284
13681032,4.29911
915336,5.866416
19311346,4.5253015
6706040,4.451985
19926959,5.182278
6577974,4.3134074
3695452,5.1847615
782176,4.71458
18375614,4.077542
21056456,6.2235703
10022363,5.37864
19874347,4.562602
6528748,4.9772105
16048422,5.195453
18522712,5.047054
20188527,4.798871
19412207,4.101435
56621,4.8484454
3851228,5.3017235
12082737,5.1903925
16156797,6.070104
11894655,5.053865
2045097,4.67038
18289619,4.1331186
6317910,4.995795
6512929,6.1305385
7475052,3.8947225
15726711,5.102278
3483278,4.6604004
16362304,3.6120532
20852686,4.9284678
10877875,4.0147133
12602212,4.4599457
20555087,4.649021
16555274,5.600693
14534438,4.7266054
16352908,5.045941
9900315,4.7136426
15161701,4.3420706
9925903,6.7263236
2105840,3.9603448
14504207,5.692792
4031714,3.7349994
15823330,5.091677
14548461,4.6669765
10014211,5.546291
16122228,4.411208
18113771,5.125238
3852261,4.809182
8590777,4.962937
15224785,5.9886575
15870194,5.37429
15180279,4.3943644
3891031,4.727984
10659884,3.6167035
15482732,4.23261
5511210,3.7281568
7899103,5.119261
15756355,4.9417152
21128781,4.3636913
15583984,4.4117103
20871796,5.008656
7622042,6.255091
16478683,4.200797
18618055,5.1518855
19531901,5.383879
19626323,4.6172385
2278456,4.0183115
13909572,5.004499
15087650,4.4405327
9711934,4.8153677
697127,3.7562861
6210196,5.4206986
16324639,4.995249
6439768,5.168696
9788134,3.975574
8703355,4.51431
17194475,4.988234
531091,4.7642236
1864277,5.249293
2783786,5.2291613
12875426,4.974013
1826631,5.455566
18033544,4.9773355
916597,4.761706
12956851,6.4333177
10069174,4.2486887
10023629,4.858994
4438551,5.1098847
10153977,6.478519
2447847,5.860505
13347248,4.9687014
18516677,4.2324743
18568199,4.9810143
18522396,5.113759
9347891,4.845746
19020205,5.3657417
18397124,5.869412
8716753,6.492706
721948,4.1357164
7500903,6.5904427
19823687,4.4284105
7332552,4.28552
8538668,4.241568
4959980,3.9803615
12319521,5.6312895
5806581,4.818112
15464096,4.684683
15467001,3.8297567
17086146,4.7089987
4415695,4.9294567
18094212,5.257656
7023437,3.3271422
14690075,4.887968
16353637,4.6980205
2248368,4.3891335
19506327,4.8119063
13099555,4.114192
16881567,5.7813272
262583,4.2620373
19432801,5.3628445
10012264,4.4372573
14139948,4.533976
16207395,5.1637893
10363359,5.1499777
15080267,4.36734
8324985,6.013381
20886536,4.540844
16404945,4.6183105
15666280,4.0016193
9862913,5.8521724
18408512,5.7408786
12104757,4.4329257
11909028,4.0799007
15510061,4.1902432
17302645,4.0714617
9304927,4.1484413
11241307,5.0528336
9861797,6.2337956
6785017,3.913727
16533637,4.5341
7280643,5.392576
17304609,3.856659
16275819,5.140629
6902147,5.9429083
10014405,5.205881
10826536,4.592909
8942272,5.1413884
16512424,4.2047734
20896952,3.9129753
1276054,5.407523
511448,4.791239
14197548,3.9430866
11572768,4.059988
13875187,4.0573115
5939372,4.8845067
1446492,5.0216665
16439232,4.9342256
13883740,5.830417
4671824,4.4150066
20928429,5.6849556
17963616,5.292615
20981032,5.5732207
15534354,4.610858
13174322,4.6257596
11167198,4.451802
1821541,4.5855284
1095106,5.1755586
9863175,3.9975677
16188681,4.390522
8253571,5.5349145
6135762,4.7730374
15819930,5.639972
16689593,4.3449097
15583747,5.006054
3512428,4.8722763
18546318,4.4389353
11509106,4.5325637
6372358,5.03979
10678035,4.480365
15369535,4.5622964
14950542,4.9010386
2362357,4.842712
1347126,4.349163
16613859,4.1780562
11237473,4.6611013
9494965,4.9798894
6989258,5.1193266
14731460,5.385441
3604325,5.406024
7632393,4.305657
9925507,5.7673464
19404794,4.3895473
12933093,4.1013846
12011683,4.7756724
6845877,5.2731524
16750384,4.823508
12093078,4.997624
12760248,4.5693436
15656752,5.059429
14691928,4.064502
10343356,3.965249
13479950,3.7324927
13262082,4.316667
14504457,4.1945157
20626191,5.1328163
17994891,4.4597263
17000485,5.214312
18753689,4.338278
20485253,4.021563
3997083,4.878624
6000785,4.5295053
1675801,3.828512
18734555,5.2475243
3913373,4.8448524
18443444,4.2541223
6212418,4.1441007
16135399,5.0739913
13559570,5.1720104
14266852,5.3519497
4691130,5.4439197
4667046,5.2086434
4598697,4.5230665
16489277,5.1207175
17121168,5.766485
10080979,4.0986676
8860277,4.564374
11572967,5.0838294
212036,5.312097
18269478,4.415593
2191886,5.0283937
21159953,5.0705194
15999940,4.1348968
14264241,5.0869794
19415114,4.234808
12339727,5.1711063
845417,4.2939568
18427533,5.430125
19505620,4.7562585
16532376,4.8671637
19564437,4.5262494
12806683,3.9898171
10885808,4.902094
14744735,3.9485495
15435275,3.9918377
13765644,5.022233
19526556,4.643534
14041397,5.418516
10472346,4.1743574
16993337,5.912998
14451686,5.304307
9107343,7.1637626
9215569,5.8899546
8867000,3.959239
7633154,4.2901554
16016813,5.157559
7309656,4.2060375
16633825,6.053936
9153075,4.02282
19949803,4.596624
20200830,4.064546
9997234,5.4968905
14390237,4.8140664
16649581,3.5671306
4925062,5.7062306
17011895,5.267269
16598738,5.0767593
330219,5.122513
8275122,5.4270663
16195067,3.7508698
18181846,3.9654665
7454629,5.0683827
9463253,5.6676097
6031273,5.153426
20286105,4.7561035
7437470,4.398587
13698266,5.10769
5602932,5.7807918
5693721,4.0616655
16297068,5.556187
9823130,4.2761946
9216587,3.958977
20812956,5.304828
13136061,4.189691
20351456,4.418918
13623182,4.7079754
1397705,4.549881
4766819,5.194243
9935996,4.1565356
13408765,4.13542
180507,4.6639104
6576530,5.2442107
6937329,4.5375385
14569890,4.494894
16872096,4.960033
3506213,5.306355
10253769,3.9263816
2274353,4.5681286
149108,6.1472535
14744525,5.071579
12324726,7.0421314
206071,4.874208
9841890,4.9718513
6902348,4.8012357
19471461,4.82073
7725496,4.858862
648093,5.1334324
15131772,5.534786
16256996,4.329739
17287254,5.1079087
7906341,4.4480906
697078,5.515018
8568341,4.0491695
20075554,5.0695415
16413949,5.923448
14056586,4.112129
17331035,6.0097585
15911315,4.870806
20982168,4.949922
6063258,4.250789
8330179,4.2490644
11434843,5.1036243
3543832,4.281249
20882090,5.3080006
433762,4.6735053
16496839,4.945966
15675742,4.543934
3907276,5.3694386
4707285,4.554099
11721962,4.822127
17300627,5.009043
16963450,4.6825166
2547573,4.774992
15288203,5.1184416
10220455,4.6475716
8630662,4.664428
10811094,3.6131828
10265988,5.2695417
15056192,4.514044
12539359,4.645939
12603543,5.2370143
9528959,6.022879
19491766,5.7208943
1376425,4.9165773
8901752,4.786333
8195650,5.358568
12326114,6.4756536
4698367,5.45682
19162222,5.1758957
19738868,5.4625106
8472666,3.4423249
6852800,4.843529
14900120,4.8757944
9444059,5.151493
345075,5.5178423
775238,4.858588
15095887,4.547984
8814304,4.8034925
13623309,5.04404
6782780,4.9712105
16190864,4.5117025
16861354,5.051696
20604891,4.151778
20554148,4.8694305
4706957,4.701639
15080879,4.1233907
8355128,5.1648116
7695442,5.329341
16388288,5.2224894
7224790,4.9948635
2509611,4.626358
16114453,4.3282275
5796405,4.520294
18031635,5.043115
20457670,4.693084
16479752,4.102653
20705867,4.883267
12295889,3.8434987
18170615,4.134311
12093246,4.061829
17650359,4.565177
15688237,4.3370466
20245577,4.0507255
55467,4.936381
13601344,3.8627722
4890335,5.887456
15636322,4.0244217
8720488,4.7834992
6701966,5.489
6168687,4.830596
15985435,4.6260014
795892,4.159206
5326508,4.743495
3058677,4.1005015
14775458,5.42785
2051534,4.949959
19244710,5.135607
6094967,4.2061586
12539653,5.3436065
12368099,4.9914083
20991092,5.333355
15728501,5.5189824
20322488,5.383458
4613365,5.3662033
14711141,4.772605
13631221,4.329378
18174474,6.206673
18137998,3.342505
15431326,4.350144
12807121,4.380482
8001790,3.6083658
6784669,4.960644
15659526,3.7501523
324517,4.2955275
52609,4.8286395
19056291,4.3357763
6131606,4.97135
16964341,4.794057
13535020,4.295385
8389805,4.304801
2072177,5.506405
5416903,4.1248293
17254515,5.475591
1789936,4.3512836
15360693,4.197249
19312014,5.8458924
2473808,3.8891025
7733651,5.199555
11800420,4.362812
13261136,4.1632056
18079615,4.320101
20800305,4.6865406
2950808,4.9180737
15927071,5.3968368
15747069,4.6307087
17268340,4.156495
2636988,4.983147
16441976,5.1373982
10965073,5.0361576
20761187,4.80004
4120122,4.749599
13300343,5.1133566
18098133,4.412574
14502179,4.376474
397297,4.5686674
17027754,4.24512
524237,4.429942
2098338,4.5907617
8597210,4.9576883
17908085,5.3032684
5146190,4.26634
6689548,4.4927545
7509292,4.1991096
10927894,4.2280655
19226353,4.2027373
9299707,4.770509
8502567,5.2949347
15361680,4.05359
19953806,5.0694485
12174681,4.7737093
3168443,4.355859
20872250,3.5574832
6246825,5.1390886
353262,4.011198
17238536,4.473943
16147465,6.036135
13139462,4.49661
7106465,5.2359877
1090048,5.1217766
7963530,4.9514375
9118958,6.415522
9810506,5.2413864
18558836,5.107343
9487838,5.217763
11864396,4.094199
585452,4.8902125
12310411,4.0864615
13065949,5.6698184
15702720,4.527786
12272354,4.1725607
14799309,4.7745953
11437442,4.88656
19641775,4.866991
16636520,4.5295277
10946978,4.595144
12009670,4.5212374
16484425,5.948424
13430458,4.0756927
17946343,4.3779364
10753706,4.2688293
5852157,3.9215662
13300536,4.971521
1743335,4.385291
1375521,4.1464677
9304764,5.0288086
16175483,5.7525425
18856302,5.44664
7053815,6.3424463
20997356,4.216126
17908506,5.287927
6662422,4.3000617
3498650,4.4166684
4867720,4.1844044
19141765,5.1148295
5124475,3.6516798
16597112,6.193876
15051968,4.94809
4136914,5.1245923
13042637,4.615768
18377688,4.5652757
3120624,4.7565327
1150400,4.5101557
19122371,4.7928066
8016681,4.3516426
17125959,4.2664003
7599768,5.0552754
10174646,5.8833857
435389,3.9735868
11465084,5.0276365
10563686,6.2008843
9273161,4.624665
15484254,5.0041084
1272282,4.456072
20750111,4.2625074
6754197,5.948539
20990325,5.1701894
10412027,4.6590533
15376377,4.160171
10156314,4.750726
15802947,5.1615148
15912671,4.0860667
13343144,4.6502275
8255878,5.0486803
13620473,5.5407915
12814984,4.8966618
18446271,5.4402275
7132234,5.0673943
4951639,4.723466
19085402,4.694864
16242411,4.6889052
14803225,4.993045
6480042,4.276119
15267069,5.1636653
16932674,5.3413887
12762438,5.895318
8196286,4.897851
11372821,5.068369
447826,4.314774
2131089,5.2667065
15768527,5.397354
13316545,4.4368305
1893592,5.2127786
19873802,4.977358
8593044,5.016188
10011086,5.36565
19113392,4.5311093
7450047,4.8795514
19227244,3.8606935
17014159,4.835322
4794322,5.5226655
12199228,5.6654396
3378522,6.481211
10247691,4.2194486
14315547,5.5282226
8459266,4.9981956
5941888,4.590805
10635663,5.139906
14027065,4.215433
31425,5.0407557
1094207,4.358201
19477453,4.3054805
6356569,5.2803903
12813562,5.6310816
14385405,5.698953
8994833,4.7614822
13175258,5.655309
19842239,5.333814
2773754,4.436917
17281199,4.8383255
9291840,5.0913434
6737249,4.774602
15844840,4.7598414
18872076,4.1159697
16871240,4.4445443
19064565,5.010873
5319785,4.3179626
16998098,3.9745975
433611,6.8276815
15595774,4.6699376
16597793,4.3544607
16025364,5.0574346
9129491,5.0933957
69894,4.463909
13490491,5.0460196
2669352,5.3535485
16349888,4.6371284
6212742,4.5792923
11120851,5.420041
1112690,5.365019
9926951,3.959432
10801094,4.492453
10201394,5.5898333
8405978,5.5936646
12456012,3.9877093
6977204,4.3122287
5099,4.2211094
10921540,4.8326006
17461179,4.3810463
15322155,4.174646
7675858,4.7936363
10341855,3.9526765
4716376,5.2814693
13815224,4.261924
10042246,5.375268
7133488,4.166564
7709582,5.577007
1309376,4.898376
12292255,4.2762585
4498367,4.091541
5065630,4.4255967
17667585,4.3310657
17384051,4.2052774
8504873,5.036076
16466618,5.5320134
15209506,4.6608953
17979764,4.2470007
13714949,5.0080132
9295297,4.7889943
15496591,5.000962
15232047,3.9570386
8227472,3.8458858
14899302,5.7434506
17223734,5.306446
8614751,4.87755
14107433,4.4176097
6316189,5.8522396
21090940,4.903563
3323232,5.1167426
7734433,4.0930552
11135107,4.450477
18858192,5.2606554
16554739,4.365737
15943354,4.3793073
15870714,5.661157
15223064,4.0914283
5547500,4.304811
19489071,3.8569415
16336782,5.028947
12712045,4.1351376
10192898,5.0208383
15257024,4.8791246
14347502,5.297412
8337536,4.6349697
21008759,5.690124
10591486,5.0998373
21051490,4.50488
20748175,4.824116
17665301,4.9139996
20695174,6.411567
15759302,5.409069
1292008,4.1952024
13298605,5.053923
16532312,3.952319
11758169,4.962111
10158096,4.3688164
7220755,5.097139
9641861,4.641846
8208285,4.798885
13961950,5.246697
2431274,4.2085495
4405982,3.8238463
9949954,4.223433
12133746,5.8344026
16413043,3.9259868
12917690,4.172331
14712741,5.468599
11639110,4.704641
3605737,5.8427386
60948,4.7384048
19196925,4.5065703
9135603,4.2678413
14536839,6.138065
4726516,4.674969
13701328,4.5102983
18517493,4.8567195
16259302,5.037187
12903602,4.228104
15665152,3.96195
724806,4.243177
18322008,5.04546
2483405,4.416557
593350,4.573241
2989787,4.4468083
16691824,4.222736
14857431,4.572819
5565799,4.048927
18628909,5.0229306
16844698,5.3771367
21098521,4.402118
17126692,4.756485
11362989,4.5729976
11547640,5.3733253
2440044,4.8447766
12172251,5.2723303
4304839,5.1652637
14448447,4.389446
8135338,4.7839766
16228505,6.3868084
990668,4.719649
985730,4.082358
10855187,4.8325825
14641253,4.20208
2374267,4.542413
19387402,4.4282475
12283514,4.287512
7691523,5.3154874
12365721,4.261866
9372376,4.4066625
10682316,4.7725267
18994471,4.29144
18670860,4.08959
13328138,4.241943
8846070,4.747689
4103623,5.256301
15910877,4.05962
16726217,4.1137543
20674263,4.1735287
6792661,5.172153
8428495,4.665929
12986700,4.3199286
11626336,4.9494147
9815372,5.6126704
15954085,4.506815
15518025,4.6395235
2417132,3.787658
4820119,5.967551
11299824,5.098072
17108395,4.5412726
9590866,4.9562364
17858817,4.963592
19845277,5.049965
11236476,4.5570188
14069103,4.3587303
4795485,5.050829
14031554,4.101133
21154063,4.2678704
9182008,4.3234158
19062062,4.6453576
16260467,4.3544774
4203524,4.449044
194154,4.569099
4393767,5.198993
9992719,4.8654294
11964926,4.9854655
5154367,4.8528547
12282543,4.9574156
14280163,4.214586
17543982,5.585225
13174990,6.1227465
4770938,5.3347993
17926259,4.849687
10730611,5.033387
11840771,4.235691
17877062,5.8291326
17073651,6.1501102
12761910,5.4429584
18430827,4.7893395
9903046,4.210399
326938,4.1210737
18417535,4.999929
15136566,4.186989
14098135,4.7028284
7331388,4.136253
7715456,4.318832
6424856,4.1405425
10995924,4.736172
4616865,4.540978
3521076,6.0319977
16827948,4.2904825
18870342,3.8766577
8474925,4.643553
14200918,4.2931404
7394136,5.3777084
20999025,4.685608
15649989,4.2900324
10148303,3.9843247
5780387,4.3634243
12562244,4.7643065
10876583,4.528984
19409873,3.9499748
9970730,5.008679
17721267,4.9590273
18737308,4.7811136
1665686,3.965732
15008013,5.6485476
18490917,6.5467424
9626230,4.2212825
362139,4.6550946
8206306,5.167232
8401268,5.153852
17255171,4.16953
13017064,5.7284117
18211794,3.976713
5280083,4.8637943
12342441,5.6250143
1700085,5.758876
14115455,5.323985
15043427,3.923244
14536995,5.290852
11682033,4.2795863
3783035,4.739488
17419803,5.8525033
16381098,4.7007027
17944482,5.602387
13251070,4.2245035
13466992,4.0913086
4792219,4.898925
6038158,4.590215
9263004,4.7963157
20529239,4.314259
20527413,5.550004
15827716,5.2580795
14554785,5.2917604
4916323,4.4520144
9254794,4.274194
16149408,5.2268095
17002100,4.698462
13788865,4.165639
10032285,5.206364
14826513,4.3614917
18388452,5.368983
13173415,4.4701843
962610,4.182265
7106899,5.3071156
8293802,3.9537544
19453408,4.2439833
16860568,5.6760054
19957815,5.454676
18073686,5.6037936
13928295,5.105345
18231435,5.464496
5085965,4.444242
16019792,3.9250453
18584947,4.660357
6935575,4.2061152
15585473,5.3829503
13412939,5.4490294
13322955,5.2539334
12492242,4.1848745
8801380,5.5711327
8305935,4.0766854
10434356,5.827524
6147912,5.1869407
14178758,4.545996
1007124,4.9235916
17006745,3.2487757
16298506,5.629348
20992872,4.9416776
4628511,4.16688
6678763,5.018275
5084439,4.146554
18384540,4.1418333
8848541,4.1387887
9424118,5.5839596
17806747,4.9512205
7206401,4.729032
16559245,4.489013
20602932,5.8723435
18397963,5.2063646
15751765,4.978185
2659670,4.955549
14628409,4.112208
19388198,4.1852813
16508067,6.0418873
4907749,3.958492
845354,5.161344
7920963,4.834978
10710831,6.653257
17829650,4.4840913
10900701,4.67445
10834767,5.4889584
7574824,4.4306192
19829787,4.917677
12847902,5.0183573
11060214,4.9618363
191108,4.7750816
15308451,5.111917
19227532,4.776948
16571281,4.856238
567073,5.195389
106906,4.531587
9774518,4.9056125
15204132,5.956875
15701836,4.986908
255701,4.669903
12830606,4.9926786
7032855,4.7678137
1190125,4.447401
10097346,5.0927672
9740255,3.908152
4999684,5.302073
13666857,6.2290707
15407065,5.2464275
3133786,4.8606234
1664890,4.8704233
19362916,4.963948
10632128,4.254571
8564804,5.0888367
17269704,4.433026
17739111,5.086914
3605388,4.7845554
13978938,4.458694
14340356,3.792524
8099815,4.5304284
2203283,5.1152844
1198315,5.1869535
17388041,5.4077563
9275453,6.0344996
15861412,4.9895267
16102021,4.3849077
19802824,4.0090528
16146960,5.9051948
15345739,4.9062653
11023565,5.0285378
13670254,5.0742555
1757417,4.150293
7955150,4.922976
786787,5.199851
10765065,4.614899
4839016,5.3425307
18485487,4.155454
16612885,5.0576
14204539,4.5562596
3520094,5.1135535
20306472,3.8749466
17802330,4.6748657
20459515,6.551949
11342546,4.30003
18188653,5.085277
20591534,4.354359
8272970,3.919117
14843236,5.708529
4346235,3.359627
18871455,5.2590876
9800247,4.2539735
11139469,6.116042
14089455,4.2101455
8964446,5.9359946
17877348,4.5622673
20070540,4.896019
13508613,5.0111084
9387120,4.7354755
12910111,3.9381933
14981770,4.6214046
14696057,4.8666973
7306096,6.3646564
3421607,5.1553736
5718242,5.0756135
3563517,5.586933
11213687,4.6054235
17153251,5.271972
12459157,3.986609
6525901,5.069199
4624605,4.731386
16377144,4.1191316
17117661,4.186198
13031313,5.2609286
5824410,4.6385508
226584,4.910088
14367695,5.3020186
16040583,4.801129
15664364,4.524284
19824010,4.6239843
18258600,4.2784405
14281250,4.6106443
15296865,5.4196124
19179615,5.5817614
14613739,4.430498
17591829,4.7684293
20608954,3.8584888
19873187,4.677066
13349087,4.698981
7458945,4.6182833
8192532,3.8830168
2088800,5.597092
19344027,4.240116
822068,4.1502476
15026259,5.6553698
13771461,4.789494
14093038,4.242579
15656758,4.2984157
13592903,4.2029853
15598367,4.223221
15940256,4.51324
4351704,4.535205
13155610,6.299835
6337539,4.0574875
11416899,5.156865
15814037,4.2858443
10034903,4.440393
8779243,5.313601
11064517,4.95138
14650354,4.328014
6792888,4.7764144
1439295,4.6142716
9331199,5.2517266
17477839,4.249118
19701716,4.451271
2007773,5.2189217
14547982,4.30808
7746303,5.6587152
12714706,4.069898
8776310,4.2167315
10393304,5.201583
18222319,4.5528135
14388124,5.3605804
6990881,5.058063
20294316,4.9689918
3068047,3.8773336
14810362,4.1288986
18838909,5.2884912
1138455,3.917253
50726,4.1223273
20944603,5.3083735
12024764,5.094902
13361647,4.7821903
15041688,4.3755054
5396000,4.183671
8410527,5.024263
10000384,4.8453636
14264500,4.1241636
8173232,4.7608485
945663,4.9995046
21035682,4.2736025
20029021,5.1477685
19782708,3.9740522
16037198,5.2667093
4351166,4.9257636
13452763,5.0196767
17880703,5.859223
9998641,4.5291843
13272041,4.029823
5965198,4.37842
13880280,4.3335166
826711,4.5404143
15987098,5.897044
12681730,4.1405625
5729203,4.7680054
13655273,5.4623294
18006309,4.213745
9390258,4.356729
4168470,4.1940565
13980502,5.1411324
2295530,4.62244
12891996,4.676313
19699971,4.8426776
19099537,4.1303782
7227023,5.26111
18089164,4.2199893
9855566,4.399126
18878999,4.272692
19055613,6.100934
3655007,4.9264054
17883432,5.3711653
17751058,4.9940033
18288391,4.3996763
14946977,4.7105722
3983903,6.025893
7822792,5.4151745
14758213,4.1553936
5773106,4.2448974
18094374,4.6525087
9453255,3.6889431
10827434,4.987092
1789916,4.476074
12948606,5.4630637
11535164,4.931422
2158171,5.996821
12251727,6.195517
17405305,5.212017
15949821,5.0021067
16054230,4.535967
13149571,3.826104
765577,4.392942
13901031,4.7013655
9586258,4.1704683
17329077,4.299104
15663452,4.34125
19242137,4.345304
11866869,6.0403004
10968274,5.3692307
7957397,4.000549
16518736,4.579267
12365836,5.5656176
9954950,6.6713986
20785014,5.0117006
19946976,5.4248567
350187,4.136931
5840328,5.244728
2538828,6.5993977
7177666,4.503334
6423589,4.5972896
15314054,4.2620296
2404708,5.1334376
8475318,4.0956154
16272932,4.7098975
8814215,4.958954
14726654,5.0716686
16032067,4.0052752
1670517,5.070519
8648032,4.7926993
18323045,5.0680366
12005182,5.027515
9845314,4.764192
4631873,5.0827675
9495502,4.2058625
14487098,4.2777133
1917311,4.0033374
11940117,5.36522
2723338,4.2352176
1652185,5.360528
12796052,5.0779724
8072054,4.820806
5477397,4.216607
77932,2.7745483
15549146,4.2733216
9293190,4.5859895
17829999,3.8871922
17605271,4.279579
16723509,5.1133265
14402688,4.2354555
5284048,4.952679
15925212,4.8391685
12469573,5.0750566
17817832,4.1335063
9867316,5.5897393
18653659,4.573084
1859867,4.248425
8028514,4.856598
2151305,4.8277836
15068578,4.5011005
13625480,4.793042
13526348,4.915683
11675715,3.9874787
9462713,4.3488007
1092760,6.27453
13443949,5.2538753
1388659,4.2918363
12380453,4.346846
13803228,3.9088304
634424,5.4575925
8950842,3.8334312
16310675,4.749275
19488718,5.022306
11182867,4.31997
14979958,4.1753964
1982923,4.7114244
8902720,5.4044847
6018637,6.307919
2925607,4.283702
12025076,5.9449425
13309996,5.0535097
12794487,5.428082
12454556,4.7551813
783724,5.745911
20674761,4.616392
15307809,4.6994834
17529216,4.5300555
16633853,4.0084114
1138390,4.016795
10965575,4.2035503
4109246,5.3040013
6541514,3.9612598
11697511,5.0060344
21078559,6.2918677
6175128,4.3393917
7385688,4.654337
9254375,4.5070424
14082332,5.16369
2057582,5.173079
2473611,5.765129
11360407,5.5248723
9999146,4.7245426
2791688,4.2593203
11084727,3.9799118
16643778,4.871721
7999775,4.983481
9922513,4.974055
17861527,5.447942
2892709,5.5717106
18309739,4.497314
6414410,4.1823874
9709542,4.736807
10807838,5.6434975
16109435,5.1713047
18460692,4.275167
7109313,4.6148353
5521313,4.608722
19265603,4.9193664
20969316,4.8906565
16748305,3.8716295
6819944,4.4406853
15378583,5.349147
305245,4.2237377
13901954,5.087845
785097,4.368615
13209092,4.3810563
14635668,4.992685
20738832,3.7178967
15734223,5.1124034
12322066,4.833194
6346456,5.283989
3439518,4.5356116
11120782,4.925049
19818013,4.3257656
9862677,5.2945986
18333003,4.775459
7622697,5.3820744
9565873,4.0397086
16066598,5.9199286
16755909,4.511331
8497163,5.059647
1440363,4.5938034
649822,5.286646
9824007,6.1966014
16336756,5.1558332
6528832,5.0241356
10755267,5.979684
9463912,4.2341886
1905427,5.11243
5592990,4.5257244
20270527,4.3580685
1264019,3.9084737
16776166,4.9653287
564049,4.90474
19289198,5.223839
4941672,5.1984363
15311833,4.2429595
10814395,3.9375105
6515667,5.551205
20436836,5.058155
19193758,5.610616
16135180,3.7522802
11829459,5.314278
8052841,4.5075083
17157506,3.704544
1150594,6.910741
9486714,6.6030807
10567123,5.1582265
21112584,5.2473135
165919,4.95854
3185489,4.6595926
1019135,5.076994
20765941,3.6939332
15633727,3.9280698
16028490,4.687176
5560227,4.061149
15674549,4.0782275
8684500,6.7417936
18291860,5.0496097
16910064,4.093648
9477535,4.092252
8979762,5.0890956
13111334,4.0665708
18371801,4.1665177
2331672,3.880571
17717449,4.3651195
19846863,5.6127715
15582062,4.9875126
11190303,5.0428734
18284866,4.1852493
4148280,4.9944315
15116890,4.4287724
3738138,4.9235663
1832679,5.4245067
17049316,4.13101
5849810,4.3266034
16724454,4.333012
15115474,4.9595394
3924092,4.795796
17251353,4.7555795
7175371,4.15507
13153661,4.60122
6286975,5.852913
17733383,4.1311383
5958584,5.4121475
9495662,4.5882607
8112652,4.240035
21137537,6.226673
2569808,4.0627637
18073087,4.5402145
18093802,5.2448697
10926639,4.8293366
17973572,4.089356
10192593,4.9251184
6855093,4.196088
14871736,5.262602
8698315,4.0630693
17111449,5.229824
6743785,4.5750976
15499602,4.35643
6234096,4.4465485
16872219,5.167666
3655729,4.5970016
12443469,5.7948437
11313229,5.724786
8285367,4.2137837
18464392,5.403115
12389996,3.5205986
14745054,3.972182
13096614,4.2403836
8072458,5.974255
956258,5.5120044
8194497,5.056425
5015281,5.5745926
15055843,4.769085
18776660,4.6683807
14006083,4.8541694
11068548,5.4003973
17569246,5.311926
15985947,5.0674653
20930004,4.681696
7494144,4.625972
7824035,3.845302
3403034,4.3311887
4181163,5.0364704
18220200,4.1212897
16885951,4.1225944
358767,5.250383
14966036,5.5827746
18344788,3.5875585
16630260,4.6082664
49715,4.1184974
13787171,4.255931
71645,5.504921
9660635,5.1156135
10613823,4.8650975
2101336,4.970747
3377725,4.6061063
7070705,5.975684
10190260,3.8246636
16973434,4.300343
6677879,4.7104316
11103574,3.9459634
10660249,4.148617
5495887,4.187312
11589091,4.7110395
16600879,5.689464
9431369,4.30717
13100629,5.095448
17398122,5.4917445
16000208,4.430023
18040546,3.9255447
10187823,4.2191443
14772799,4.2409816
12911544,5.445804
15009965,5.0657625
435908,4.514334
15703294,5.00581
13709619,4.5277486
14656251,5.522248
3667209,5.448273
9271742,6.2130904
3988018,4.7963867
19246709,5.2476573
17668788,4.6016917
20996434,4.9757733
12871013,4.654002
1925224,4.729496
1179165,5.931921
2455325,4.115716
18314643,5.275082
6524331,4.99903
11588946,4.89573
4145848,5.28516
9393885,5.153088
3448986,4.160749
4014739,4.1981297
18326156,4.240237
20927619,4.400998
6760715,5.284219
7461686,4.4437795
12532661,5.3394547
9625266,4.380243
16983784,4.808101
8371435,4.3831444
8441547,5.443755
1940910,3.6982486
19206035,3.997762
20608059,4.064454
17150722,4.20283
18517686,5.6644187
1112299,5.2571793
19240422,5.043762
19179576,4.410969
8726680,4.8828607
1646243,5.0321646
9015169,5.232997
2907500,5.9394855
2889019,5.0946975
4967004,4.506839
16999617,3.8520076
19806449,4.817583
14314892,4.4148073
19358947,3.8585057
7651885,4.594536
17811901,5.647542
12737915,5.0654054
5136667,4.2905674
4025562,4.134123
17072240,5.8214326
5784146,4.2662554
12593389,5.6765957
8408853,5.0116506
16532747,5.1289535
16040854,5.148018
6760370,4.103086
19117207,5.202681
9217745,4.2152767
3416013,5.332106
17826827,4.6417956
12671543,5.0746884
14844176,3.9491658
16846084,4.0634103
18306960,4.8425283
15860185,6.312382
9507164,5.470136
3476431,4.3028183
7054468,5.6034117
19420578,4.2594357
19759718,4.3147516
7203867,4.723553
16604816,5.7152634
642071,4.633806
17697164,4.0515175
16352708,5.7277846
16516422,4.630486
929914,4.9186907
13327993,4.263963
16765980,5.080113
10153794,5.134662
19084262,4.0479593
1408717,5.750293
28749,5.5423884
16314039,4.3005376
1056280,5.296199
2065391,5.0555525
13190579,4.755135
12901480,4.60584
18668300,4.826388
13004514,4.7562137
16116061,5.156421
14466790,4.873365
13585184,4.600615
15567099,5.304376
16376051,4.656284
6239016,4.7917304
15757900,4.7581143
13094329,4.7658687
14988703,4.135348
12220376,5.3752055
13940169,5.686185
9443158,6.233026
9618052,5.563745
17775235,4.398881
2089058,4.031778
20664897,4.684992
18841864,4.331334
4492014,5.3175693
7047076,3.657142
18308322,4.7279944
18471579,3.9240487
10273206,4.4835668
17152472,3.917359
16449891,4.3864617
13063872,6.1898756
9970462,4.4076905
18992672,3.9962108
16931421,4.5921783
8307772,4.6185994
980737,5.850523
16545297,5.026999
15834511,4.1809793
5884952,5.243819
8885041,5.3300633
18103749,4.3763213
17307731,4.752525
13156351,6.77291
17528696,5.20256
7891403,4.3322268
631658,4.27579
15713943,4.830417
15656233,4.002555
8739,5.181999
18163268,4.275894
8171207,5.252315
15635914,5.587699
11129153,3.8047183
15602220,5.1569924
8104214,5.4867263
13467049,4.2138495
12851642,4.2772627
17527789,4.1500616
4461613,3.795701
319798,4.78895
17105028,4.7848487
8113240,4.5679207
10134285,4.9647765
19439790,4.3600655
350168,5.443736
6489325,2.9393337
12687169,6.673471
6226956,4.874783
5491083,4.9930105
15396446,5.098142
19577620,4.872973
9012419,5.3886
3716747,4.3979874
3967690,4.134511
17839487,5.67188
18373434,5.157118
3434216,5.3713684
18241362,5.300529
157673,4.024013
2692065,5.2705
17135432,4.679621
11611298,3.989328
4509357,4.3278637
18022749,4.3215632
15018607,4.4269786
18943901,4.3304925
629770,4.343978
14282843,4.155084
5028490,4.954801
7731695,4.167535
16215544,5.1107635
7309070,4.449305
21174863,4.906414
19802994,4.5522957
6554479,4.2375503
4902143,4.7330627
4128021,4.709861
5085978,4.9483485
19615595,4.328491
14938407,4.683726
3157444,4.156428
19855550,4.9425087
15479388,4.563241
9859181,4.191676
8194889,3.63687
17347989,5.0740194
6572050,5.315167
13472216,4.962673
594020,5.521497
5618637,4.5655165
8925567,5.0467725
10634059,4.480814
2230762,4.363679
3980414,4.070527
12340908,4.396032
16986456,4.6791415
9758393,4.530852
15990376,5.060853
8309401,4.691587
15898556,5.373232
13544786,3.3475716
12253698,4.677828
16893975,5.696019
13226408,4.699286
10989986,4.322024
12209039,4.872385
11109046,5.5011997
5005909,4.3789043
9938746,4.550439
20500232,3.9672925
4351173,5.8146405
19032757,5.374608
18917771,4.6969166
5959251,4.306134
13512932,4.60301
5663222,4.3992634
19956393,4.3974695
8704528,4.1557207
13496627,4.951401
13427895,4.698927
13781129,6.1404357
13960907,4.565984
18443858,3.8635156
7735593,4.7465186
17807199,4.509738
3433247,4.1812468
15665694,4.1530004
14074818,4.249735
10928117,4.557542
9840355,5.540198
1433483,4.108994
16827786,5.2175984
8468835,4.7612467
19181338,5.803347
7246982,4.9249597
15399186,5.0519876
17475711,5.1388307
10282810,4.7431335
16666039,4.7343464
4816682,4.790727
1107540,4.7057977
17861136,4.359458
2092403,5.641575
7837187,5.0236917
13379269,6.067039
4271452,5.9270515
15855728,5.1708994
20328568,4.069106
6064517,6.2140083
4540279,4.1172204
4707862,4.138388
15888899,4.1349344
1433917,4.377576
2710372,5.0193334
16752832,4.9739695
15249372,4.3572288
16542146,5.623105
14708961,4.412984
16109088,4.7380404
9769084,4.8095202
15851507,4.4399533
18750243,6.353301
17923411,4.477836
4842146,5.681729
17239644,4.652455
10605897,5.05743
39116,4.14567
11567121,4.6941495
13701608,4.6435547
13773066,4.5175385
12173928,4.9713573
13800918,4.3690095
13899934,5.1267796
17926159,4.6665554
12041914,4.734099
12176026,5.037185
19037873,4.7088327
12915832,3.8162591
2636643,4.1918435
14025205,5.3208103
2819257,5.293746
1624985,5.111027
14783049,5.580761
17349396,5.2093534
13082600,5.2717214
20213951,5.1838884
6120056,4.261215
6720368,5.073145
5998978,3.953795
7760808,4.165052
15125234,4.76708
18846852,4.0288897
5265475,4.6754556
17434603,5.0959945
2248580,5.908131
18476387,5.9437833
18181824,5.9094267
13675414,5.16192
15548900,5.6040254
9778579,5.208154
5106749,3.9992166
1712789,4.749814
4856222,5.233829
3393798,4.814763
16559107,4.711103
6373582,5.036475
20230324,4.5197926
52740,4.6276426
19432208,4.432877
10186787,3.8294132
4232356,4.6967716
2127767,4.1887236
4624841,5.5219407
9341085,5.4533143
14656113,3.8685513
9927068,5.572155
13007468,5.5308614
8429934,5.6179657
15517811,4.524122
10059572,4.7286663
18356256,4.8470926
3249076,4.0174346
12362243,5.001218
618916,4.7040715
16844228,4.2501063
3545026,4.96062
16545944,4.680504
4332866,4.3345933
16126204,4.2529397
277339,4.8848143
4524289,4.7315154
20688260,4.113363
2062638,4.7141023
9475866,4.2708826
7304678,4.7725363
8471063,5.1004915
16770563,4.8554378
2111804,4.994145
9291870,4.357679
859023,4.9447737
15902263,5.31665
931287,5.261986
8889118,3.8658142
18473384,5.0690165
19429274,4.1909633
246952,4.283143
4958196,4.9994407
6003813,3.8454273
4538019,4.777866
10554278,5.527276
1145134,4.7727265
767506,4.005874
9110588,5.1011825
18328755,4.196633
4604132,4.4920607
16216610,4.2472644
8129419,4.1158686
20569752,4.8664045
17178485,4.428503
15206166,4.637437
414419,5.352535
12641236,5.2161913
9172888,5.1226416
13564221,5.030931
10101097,4.023793
7021874,4.643823
5552528,4.6200686
21014105,4.653723
9342816,4.245834
15464274,5.9726
6994259,4.673852
906822,4.699863
1570117,3.977986
9184611,5.3627667
14716765,5.454093
5297152,4.1878576
7597291,5.5299335
12107688,4.5932474
9162161,4.5245104
15423210,5.2234817
789298,4.1516094
10087998,4.0662956
20453104,5.6100826
12796473,5.0952063
7515961,5.132968
13284618,4.202048
5153080,4.93759
7004468,5.55274
15085183,5.3630676
18842510,5.427018
17633249,4.3038235
877431,4.5131574
17533279,4.472652
21075425,4.969087
15007547,4.3603144
16323334,5.3714414
18376034,4.6248136
9995719,4.889543
20151184,6.0099626
6314380,5.456657
17682410,4.304728
400067,5.554809
13802014,5.5490375
797972,4.8569307
10084498,3.8029838
16830342,5.084369
18432450,4.201444
12524258,5.0812407
13514387,3.5908737
16565202,4.6734967
7546400,4.3603554
21161835,5.040304
6969011,3.8735178
16794458,4.958148
19710391,4.512883
13483412,4.8916335
11607877,5.2318473
8647067,4.177735
15432716,5.175712
14852273,4.0447016
18809069,4.2047668
7600145,4.2092752
15216399,4.539203
17464924,4.156656
14370177,4.202948
11313921,4.326421
7180285,4.6182427
16056794,4.8783784
931642,3.961647
2022126,5.4121747
9299397,4.3541117
3187925,4.472784
7615294,5.380706
18478472,4.4368596
7024778,5.515872
11355757,5.4311104
2262868,4.3997207
11805969,4.6266017
4092826,5.1131544
8555019,5.0423822
6923607,4.3721495
10033715,4.9955134
18059204,4.560664
6794598,4.604875
18359978,4.9408817
284934,4.25044
15867299,5.081218
1892319,4.2657275
7052171,4.620607
13980673,4.953708
11627811,4.7324233
19416363,5.4102035
13418134,5.0321846
4535738,6.1633687
9157304,5.4936976
336220,5.658729
14150271,5.0242705
18490659,4.3069243
12539320,4.133008
19914250,5.7815137
4472904,4.3119993
16602382,5.716146
11873831,5.8483686
4393502,5.1842947
8917142,5.9537215
20303533,4.3408327
16662011,4.9684014
8384577,5.728268
7611169,3.9017534
16078903,4.2820816
3563980,4.706373
20089729,4.3891993
18045727,4.237311
13449653,4.1308284
6947477,4.7694635
19065795,4.4129252
3073038,4.8266797
9894741,4.1338496
2817127,5.0889215
13184810,4.921547
14909867,5.0617704
15295026,4.1362844
7131007,4.1930594
8338934,3.4725556
12915909,4.598608
14109026,5.5303187
8444863,5.001362
10087575,4.5908
9564986,3.8406267
11069796,4.9307995
9508617,5.931725
6589652,5.3391767
11659921,4.0615773
11398231,4.6724725
10072035,4.3322825
1306966,4.630027
18027512,6.2673855
11459743,5.383476
16243393,5.1629133
20031317,4.0089474
16063030,4.7051687
16439084,4.807159
19588926,4.922375
4735389,4.098541
19159516,4.7047834
2138787,4.7953267
10116043,5.021776
19162270,4.1121836
15156527,4.6412563
2594021,4.126837
11767622,4.687792
3057116,4.0760336
29594,4.0954313
13318522,5.567529
7984555,4.8772945
6796994,4.9725556
9573394,4.5600905
3230877,4.226361
10729126,5.2491183
17283014,5.163194
2677301,4.955352
16477900,4.7320037
274743,5.204876
14203322,4.123147
4667333,5.2444105
3969750,4.245305
14474555,4.049577
7899085,4.615109
7729018,5.0664806
16945937,4.5690365
12863815,4.918838
1039886,4.702937
20035218,5.0334496
17027822,4.9893246
13123464,5.944603
2065480,5.073224
12852935,5.9879146
17634107,5.155019
20949366,4.457038
4492935,5.6496162
14056144,5.019299
14170092,3.8826828
6255407,5.006647
13030230,4.3372126
5918314,4.5553174
1651212,4.7005925
15042856,5.7126727
17479835,4.284693
14359572,3.8895051
8309474,5.208299
19582754,5.9083586
19292649,4.222522
3307936,5.9088616
17993218,5.0730305
14917221,4.4875407
14191835,5.692218
6269439,4.888577
16339746,5.7071047
17043944,4.8204155
2980301,5.6212163
7937598,5.4393873
12983504,5.271221
12486487,5.962459
17814371,6.0993114
21079638,5.3892493
4855835,3.7211187
4378951,4.5974226
11180228,4.607765
18809701,5.331251
13418984,5.312767
3612470,5.1120806
1484792,4.188191
15758176,4.4333267
7750044,4.5270143
640990,5.326258
2936192,4.022559
13826698,4.748571
17972519,5.4381566
19094835,5.7543535
18889932,5.2510314
4974497,4.956569
14947884,4.259562
805218,4.8478527
17620538,5.4237027
1039946,4.3999863
17559606,5.0677996
19364068,5.1020503
1979461,4.9629445
4177233,4.6382666
17975818,6.4434958
19523873,4.944994
7602219,4.4530334
2995708,6.223327
12262803,4.9129996
4081568,5.1005025
802677,4.324162
16766952,4.6427817
584489,4.569384
12227645,4.038911
20744918,5.09302
8608311,5.064955
14423116,4.6338053
15297153,5.199571
15884507,5.0151186
18489669,4.543685
11854677,4.949666
3449451,4.8117886
16011432,3.4628859
7314917,4.2217355
2272080,4.7712464
14230982,5.257456
14962498,4.078314
4500409,4.1418495
8184928,5.4770217
8684292,5.691475
3344815,5.0242352
17620454,4.070961
18240423,4.926724
18719475,4.8790913
3251695,4.5564203
16627206,4.5533533
7760724,4.965449
13974841,4.961104
16533876,4.100763
5406067,6.209938
5329548,4.8507686
7592976,5.080934
18160234,5.184847
7339802,3.889227
19227138,5.2960973
497175,4.867591
58062,5.3454075
9757209,4.475298
7439516,6.4241037
2874932,5.1086607
15041925,4.737227
3840324,4.6259923
17109499,4.9392996
12975009,5.2990465
7329098,4.8377075
17388015,5.917482
15672618,5.6083055
18405989,4.7167025
19466060,4.938751
16038487,4.989085
14071415,5.9569635
11944606,5.2905035
16620442,5.2524033
12713809,3.8417926
14467563,5.015557
15759482,5.834816
8270859,5.427421
15580266,4.4744377
10731420,4.7976565
18406849,4.7955
15434742,4.195641
4081707,4.9919863
13226498,3.7862003
18561200,5.0661364
16604913,4.5018263
5196070,4.997158
18266259,4.516512
557018,4.943922
13792725,5.755525
13771246,4.127777
9509148,4.13292
585148,5.712047
3402610,4.6647673
2267864,4.11606
14708057,4.753876
15205467,4.641979
13877888,4.931542
4995083,4.099395
15924565,4.6751432
15718041,4.6897936
17560423,4.80815
16869989,5.035831
13191862,4.2238564
16552714,4.8789945
3057051,4.961933
970942,5.293867
10456680,5.6230645
1039813,5.163806
6821903,5.120617
16560593,4.4862733
2998174,4.165165
18044055,5.226479
15217220,4.0533037
17701879,4.1116014
11060667,4.3858833
20352746,4.69613
11847014,4.8159366
13840935,5.788797
12384161,4.3462443
17403928,4.8792796
358565,4.474782
2935986,4.512171
16603312,4.434976
4956293,4.7378573
15532790,5.1547375
15376533,3.867699
1678005,4.809685
21138707,5.031585
12600421,5.043061
14161407,5.175768
17088380,5.6789503
5261913,5.8351107
13704383,4.6556115
6925777,4.7674975
9125862,4.878869
18068835,5.0373106
2967121,4.271824
5250051,5.0728455
1186569,4.24933
2397049,4.4318385
18747972,4.7257113
17698371,4.426095
1122040,5.190459
5577494,4.4096274
14694999,5.5405593
15222998,4.746386
14790303,5.1839423
1659291,4.781909
2047084,4.679081
20638154,4.6340995
5561355,5.2105293
15374564,5.2944365
11973139,4.4264393
20622943,4.2350745
15007265,4.446038
17957184,4.6937637
15855713,4.904064
6693843,4.509915
12686241,4.1438746
20325804,5.128447
8173434,4.865282
11870133,3.9168112
15888690,5.081305
1482730,4.034226
20051917,4.920399
7525957,5.0567217
17632784,3.7513454
8972035,4.106457
16633921,5.157198
7242487,5.4749155
86674,5.3440094
11040027,5.376508
11618815,3.80847
8000640,4.683901
4678514,5.3571005
16041651,4.600531
8106479,4.6520753
9546172,5.1423306
4410744,4.8009
14592041,4.6310167
12191871,5.7554054
12322469,4.2305098
17744570,5.2328315
12024903,4.951224
10686990,4.760849
15113187,4.347409
3851703,5.56986
13265704,4.4214454
15800402,5.023356
6237604,4.875341
722451,5.3613424
17885346,4.929768
15902028,5.0383267
12490436,4.2482767
16539892,4.338506
6437347,3.567105
11947349,4.549508
14933713,5.9374785
13282587,5.6120405
4482916,4.628061
9974069,4.745754
21067403,4.6635695
6643716,4.1856494
18386075,4.503626
5353533,4.5361347
4764483,4.799381
19999661,5.81678
20384987,4.600479
2586326,5.8453393
19491153,6.6509423
9464037,5.0906234
17560353,5.325229
15009918,5.265279
20150588,4.4237595
9509827,5.030861
13232690,5.147425
20522910,6.105386
15270369,4.169716
6596747,3.8400574
6703091,5.5999393
16454685,5.2630334
11463156,4.855406
11700121,4.134185
5750466,4.638919
1847718,3.7861104
20759183,4.8811307
1805150,5.168682
16389354,5.067657
1711403,5.9482756
13507197,5.4789124
15807608,4.4740047
19236728,3.9974778
14824160,5.0713224
15986222,5.4107227
712321,4.6459875
4062384,4.0913944
14558230,5.128123
5183641,4.8213296
13282281,5.0516953
6796474,5.368921
20279713,4.6642714
17895654,4.7471094
6287321,4.551608
19734492,4.929629
16343851,4.5525546
13390160,4.205686
8399067,4.546561
11476176,5.195376
4882039,3.8980274
5797741,5.945403
11529598,5.760286
10141337,4.612379
12963261,4.42477
12591059,4.90825
17547478,5.849543
11183754,4.250699
14228669,4.5695243
1637178,5.299894
10151567,4.1118855
16193065,6.304273
6869363,4.0353174
488309,4.6201363
2232495,4.275209
14690331,4.5657544
20133285,5.313142
5871676,4.6782794
14742722,5.5808735
17566686,5.153575
12710904,4.309338
12654039,5.1803164
12370021,5.0886292
20762993,6.3207765
18236840,5.5062323
16132596,4.834472
20117880,4.7192254
15282232,4.525709
19361157,5.1773267
2674784,5.4153852
18428650,4.050376
4141193,6.064259
16870072,4.9534745
21140279,5.0515037
16663047,4.5156956
4008362,4.2631974
16380258,4.671383
308299,4.7261844
20685563,5.102884
6988628,4.3332005
18209548,5.0079722
16272788,3.8096719
18478512,4.3948836
14982550,4.5726533
15128607,4.429016
6227871,4.745444
1027808,4.615162
11695191,5.3569465
18446697,4.701334
731365,4.6063685
19998918,5.1042385
7438863,5.278822
8455360,5.79747
6958924,5.6676035
6511971,4.4970117
16227469,5.0990605
4105958,4.0785503
21024072,4.072311
4902690,5.1439314
9707469,4.1163406
3230666,5.376494
16212491,4.8011775
8952816,4.9585047
21082676,5.36814
6244461,4.8598866
8644654,5.4136014
20011574,6.0043764
7002250,5.174232
3650524,3.7471182
14950206,4.8056736
1965103,5.3723392
15131639,4.208075
19813099,4.952921
17297467,4.938924
12933540,5.432713
16301408,4.0837903
17574087,5.6411715
66119,4.2822666
19888671,3.8007388
588939,4.161676
17533640,5.187285
1876969,4.1974196
17875496,5.1926966
13376886,5.3628383
15821670,4.551225
17524932,4.613878
3703316,5.2698917
20626705,4.389285
6591755,5.70358
6750441,4.6308846
2187866,4.3795233
13451811,3.9482217
3646019,4.18977
15036294,4.6315656
179925,5.211817
7724031,4.159814
21163446,4.664795
13635551,4.7461123
9679168,6.2195706
12070890,5.164371
17458553,4.5664334
3593066,5.9431286
18871684,4.7518616
7176158,5.1961827
16129934,4.7012
15951185,4.725409
1233257,4.6812315
1831489,5.661809
14236758,4.288025
8100617,4.7957153
5257388,5.35388
15942953,5.5333962
17734864,4.693844
2351587,3.8630073
8755610,4.4865255
16012363,4.2875524
8151791,5.0750694
596346,4.2265124
12108264,5.2481318
7949346,3.6280465
15726577,5.0510826
3181224,4.777111
1150398,5.052743
9415000,4.796973
19994723,4.901571
378852,5.425782
1253510,4.9866047
15814818,3.8735502
13531930,4.915857
16314697,5.0252275
13140940,5.1185985
12987986,5.7165236
4379621,5.2077823
631747,5.2332172
9434098,5.0448995
6903305,4.7623835
6748952,4.0433345
2614951,4.212815
860941,4.643589
13615386,4.8524485
15207725,4.8932724
9118604,5.31559
15753304,4.2196293
1586304,4.532619
6853661,5.569983
8308964,6.024216
4538906,4.6759486
16756108,4.415522
10886224,4.1150823
6727254,4.980872
19569411,6.675777
15867268,4.4542656
8629901,6.053976
4347535,4.293345
4833414,4.661454
14697606,5.166803
15113708,4.8144617
4262120,5.851777
15268504,4.854189
20990856,5.3085814
16571530,5.3601
4958990,4.497241
1588695,5.3363886
13376767,4.2525764
704844,4.949895
4791542,4.7593226
938434,5.3023033
13714073,3.8290203
2115530,4.841605
6487933,4.3645544
19858006,4.6362486
10657189,5.1171007
20017291,5.0676484
20074372,4.2871275
10972427,4.1685824
12955284,5.06497
10282754,4.014511
10438571,5.0663776
20788831,5.0874276
260698,4.1529446
16136972,4.4857755
18656413,3.383805
3568159,3.8708498
19286324,5.6404834
8457970,6.1093984
6676250,4.121838
15670769,5.2671924
3303165,4.472439
13724120,4.219747
16603646,4.4951572
12915074,4.0149717
16573467,4.970272
9902915,4.8708615
3318745,4.957818
15594004,5.7992773
8231648,5.2656593
941625,4.672892
10622621,4.86318
9257300,6.5273094
8064174,5.0317516
18488956,4.298997
18072952,5.6098685
10157256,5.116816
8295039,4.4554496
15285541,4.3972187
13251336,4.8874435
8078444,5.284734
9189090,3.869379
21150388,4.4487824
9044976,3.913056
7717452,4.094034
17172878,5.138837
18358523,6.345894
4787084,4.162387
18944060,4.768689
2802913,4.828404
4144849,3.9715273
1213127,3.9166832
1999224,4.347048
7024670,4.916501
20467162,3.9949832
18345211,4.514607
16723818,5.161145
3457187,4.077167
2002467,5.0977845
20216401,4.6807723
15984213,4.9489927
10000717,3.8890116
786685,4.8478384
1408932,5.0015745
11305302,5.505466
16533954,5.4132504
15297194,5.119019
1411811,4.5264864
14505006,3.6952121
4967917,5.277894
20941245,4.4929733
5054397,3.5178745
3079665,4.2546024
13042752,5.661588
14551432,4.1324744
11879348,6.155486
11400121,4.089247
6870822,4.1119137
18466000,4.959601
20558381,6.202645
14953496,6.4576707
16809421,4.4721565
7387846,5.818809
5534795,4.397204
14469621,4.4110565
6331598,4.1473227
18197368,5.931994
10071264,4.691522
17285926,4.4709697
19947590,5.972802
7957339,4.793079
16767317,4.1606007
19501578,4.0785055
205894,4.5650406
16986137,5.2399764
13430210,5.138146
1100753,5.130249
3646194,4.564938
4197760,4.5138597
11126763,4.7397304
18036722,4.19195
17696882,5.165852
12425296,4.2899
6349310,4.171381
7787983,4.6589217
1817907,4.589095
901528,4.8721147
16763962,4.497527
2926285,5.5500026
8397296,4.009656
18639615,4.1966553
6866321,5.9606857
19245819,4.3437295
19713083,4.546718
15164730,5.6319714
9935894,4.333915
1819623,4.1253633
18237729,4.51527
1672860,4.367287
10227474,5.3709106
19548825,4.94029
15990662,4.7791367
18502354,6.156462
5081207,5.3091326
17569280,4.0542207
1589392,4.501571
6064250,4.8817554
6677883,3.910509
9845703,4.7404613
9611741,4.0733266
10488915,5.4316034
9185241,4.8483386
9937667,5.0773106
14991616,6.049762
15447515,5.076974
9827641,5.4672437
1210121,4.019512
3157463,5.3669686
7481675,5.6261816
5434197,4.5020394
20687177,4.7800293
7275807,5.495829
703757,4.049538
16037565,4.046333
7526569,4.1675835
21089935,5.383903
11324439,4.824894
19122211,4.973123
1613892,4.1680026
15238989,4.9875517
9550554,6.4866195
9627513,5.213236
2604454,5.1838865
8823472,3.8892324
14135050,6.024136
15452191,4.3173647
10937873,5.1113634
4672445,4.2566175
20459351,4.257576
2776119,4.7834153
17829495,5.154977
16566429,3.8812516
4644788,3.512918
4765675,4.2750406
12154267,4.3625865
449130,4.8227916
16320062,4.820942
8029160,4.3216157
326785,4.233888
943814,4.301354
6423759,5.2862253
17408337,5.3083534
5499699,6.111113
18892074,4.696729
7518636,4.2726483
3860981,5.8093214
17891695,5.7798333
13082298,5.749984
2149954,5.0218973
16242506,5.085878
20570643,5.1412735
7950884,5.6008797
20499635,4.9661465
5905163,4.8433657
19179558,4.8630037
5403986,5.220617
9212213,4.5852933
13670455,5.3907976
19997026,5.068966
2936517,5.054563
12592639,5.0893946
2918393,4.954569
21040119,4.291873
18775188,5.8822107
15124623,4.65747
20250364,4.338089
9179751,4.74497
16064495,4.6193933
1998112,4.6963162
1801233,4.4277225
13109268,4.006712
13675413,4.8953123
6167683,4.0750628
10836765,6.183931
424192,5.0541887
5031321,4.209755
16224322,4.258767
6478214,4.760825
18141660,5.11726
14202826,4.578599
17450026,5.184917
16653772,3.9193428
7483853,5.349047
16488480,4.9707675
15647142,4.8681707
4637003,4.8152056
10058088,6.5199513
1160367,4.300051
2604409,4.0688586
3411475,5.297993
2601068,5.0274634
7281884,4.17521
121473,4.4380527
20955156,5.6476545
5980518,4.3095813
13443794,4.2139025
7984768,5.7304935
6278531,3.998169
4103146,4.828404
13377441,5.228114
9079580,4.541939
16846394,4.090919
2248069,4.2491474
6360200,4.418664
13735664,5.341082
8372234,4.6711626
6007925,5.123969
19309607,4.4489903
15307093,4.5648913
3971244,4.3034925
10359296,5.144393
13446921,5.535193
13327413,5.104098
9013893,4.9512916
2467377,4.910226
10699205,3.7784696
19822902,4.7067704
19307798,5.079106
5037654,5.537484
18848342,4.500303
1446537,4.3448195
16217747,5.695093
18786789,3.8728313
15663247,5.563508
17142987,4.1485777
13770490,5.532296
18471605,5.4005623
11460606,5.094312
9844509,4.97325
17546111,5.4318366
14854199,4.152884
3595607,4.083315
15664777,5.4392085
1934512,4.0500436
17604416,5.8775764
16931380,5.402569
891912,5.1658545
4854870,5.523063
20522264,4.032761
1500202,4.6777844
3433018,5.3834295
7341424,4.706415
1092713,4.0186768
8482847,5.231928
16965676,4.198421
13799488,4.9600763
7804135,4.049219
17045314,4.566228
12492611,4.2810717
9476849,4.4979615
11985521,4.8245115
1803165,4.2336297
2095959,6.268011
10399663,4.4855804
7730759,4.7326355
19066476,4.684332
20551068,5.096111
20230930,4.9185677
11473750,4.333878
4288763,4.818446
975965,5.0225854
21000540,4.8250203
7087752,4.331515
16546936,4.755848
5382974,4.203314
3961423,5.3577642
11079072,4.829932
9386678,6.2866364
13747502,3.921261
8293644,5.263974
12669603,4.58295
16287968,4.33772
11659242,4.5355954
9089306,5.508277
20076606,4.967209
15769333,4.6382437
1331985,5.6319723
14820662,3.9972396
2267177,3.843098
14059070,3.7416685
3193739,4.9313493
21037246,4.9041443
7811344,4.508652
344019,5.253794
17739121,5.5915694
15705512,5.698696
12443196,4.8078017
14991,5.2021937
153412,5.229963
3626835,4.6867375
828218,4.6894794
15288474,4.912049
3921600,4.7738256
16674124,4.4858007
2940102,3.898645
60680,4.972315
12379298,4.6904235
7750695,3.5336225
8364979,5.3625164
17513426,5.3656077
1263837,5.4851747
1180473,4.9063005
2098615,5.9004703
4879069,5.022392
14401173,4.9446745
2145532,5.6196547
7347419,5.4722304
20601258,4.924731
13157326,5.623274
2551994,5.068489
18426039,4.660544
3870797,4.742798
20947195,5.3960013
14422439,4.5653596
3303809,4.579702
1733157,4.2262173
7530243,6.123914
7304165,4.9849534
6761084,4.2969265
15927761,5.027146
13907872,5.1073847
1629740,4.8264914
5884290,5.1177597
11238715,4.787401
16054883,4.6587973
9281366,4.796597
7973781,5.0077753
15097007,4.485678
504308,4.65169
15700779,5.050546
4024107,5.4885745
13762221,4.451606
20554245,5.5278535
7990478,5.2534637
18430912,5.513343
6580431,5.2646513
10659136,5.1628075
18039869,5.846973
15342084,5.4397545
3469686,4.4049244
13246341,4.227139
16555921,3.9937353
17367378,5.364825
3316224,4.1502657
15642861,4.5014153
18172992,4.1026297
7508799,4.950847
16466733,5.6649323
4024936,4.2875476
13360060,3.9580052
3293500,5.168454
15101750,4.3668394
9296457,5.585845
15581663,4.27664
19179844,5.689091
9630344,5.124956
6202091,4.5438027
13780278,4.5599422
21293,4.6579614
20476779,4.7465367
2318183,3.9631846
9007919,4.547442
18926518,3.9900308
18306265,5.637808
19084313,5.8229203
17404144,4.8455234
4879296,5.0846653
10072678,4.301716
15554120,4.2259502
6765262,4.5010633
2000546,4.724945
11818728,4.622839
6089077,5.3826494
13540224,4.955199
1755874,4.978139
7933932,5.184921
20183579,4.296548
18124086,5.7844357
2515,4.1838593
17193886,4.2594476
14231092,4.911893
17715490,4.4725485
15721683,5.261264
10756223,4.3931217
20935980,5.093461
17500539,4.667606
9091710,5.0084653
19015884,4.0121284
14255278,5.232161
2451647,4.405144
7122067,4.31285
2209835,4.6843114
18361390,5.5874867
1914590,4.8860645
20381047,4.952617
6092539,4.7274237
4244576,4.9099073
14472659,4.7246294
18959033,6.1481547
14384883,5.2506795
15661436,4.927699
7279397,5.5614557
16542847,4.419196
17462148,6.0590324
7028127,4.7842097
14500176,4.8550673
9956291,6.1459894
14962663,4.7656026
1425801,4.116805
19199353,6.3971834
17534331,5.783727
1813934,5.4383783
13734663,5.137779
18020906,5.0354257
4718452,4.9087043
17192158,4.3170495
379418,4.3498306
8722224,4.648292
13613234,4.6704955
14575233,5.5979085
4258250,4.699485
17463059,4.5627995
13959228,4.2616396
15599333,5.1880493
9476397,4.2334313
20392393,4.6759186
63360,5.001682
3172794,5.0617886
7500451,4.73038
582239,5.085455
4267133,3.9520414
18720311,5.932408
7661735,4.152829
17642180,5.4056354
3816665,5.8728476
8613171,4.4226694
16202179,5.2854495
4812551,4.855319
2942505,5.321997
1614817,4.5768313
9578624,5.138398
1837190,5.558241
14317137,4.3288836
20728160,3.8253014
8113764,6.2465115
3083959,6.0203557
16548856,5.2275953
18582425,5.2237606
15301909,4.2324476
12228298,5.161771
6385255,4.5890875
4918125,5.208985
17246795,4.365459
5117339,3.7774675
4429685,4.8310895
19341760,4.965235
9645338,6.0994406
393479,4.1966605
7483097,5.221767
810082,5.222808
6302346,4.365836
19618636,5.395592
12866793,4.6809797
24723,4.4011025
13291059,5.080842
9437574,5.402558
16664669,5.128063
868801,4.965793
7983070,4.674641
2177545,4.136484
14649120,4.895031
485195,4.3433485
17765841,5.7242093
20532490,4.5792465
4279446,4.117049
15073644,4.456001
436916,5.7391953
4775278,4.5148544
837470,4.949739
10280108,4.2353835
14150020,4.7609353
15605267,5.3162494
19593038,4.849594
3775259,5.039014
8272532,4.2647023
20762865,5.2445817
550809,5.7751904
20572271,5.8220162
456190,4.2514086
8556635,5.3839607
14768807,4.243236
12360674,4.294987
15554207,5.0388455
17214699,4.8174257
6033,4.6309056
1725853,5.3811917
3930149,5.249179
19918817,5.406279
16932750,4.7572613
19610569,4.817853
1042878,4.201561
9988787,5.452107
17026665,4.601716
4279365,4.1615787
20725400,4.3732896
16541540,5.379326
16442017,4.7196155
11282499,4.7332053
17792628,4.220469
18794969,4.5638924
12136999,5.1898966
6972151,4.3616686
15310445,4.3123546
10022620,4.168491
6937897,5.5873504
1187588,4.5646853
15299964,5.241351
3292643,5.3168497
6554879,4.7740884
15581821,4.242171
10012292,4.600463
14468,5.634053
17420241,4.407245
18345436,4.6008854
3105733,4.268412
12738641,4.9670215
13686425,4.3186398
9131704,4.208517
17241035,4.202787
4150060,4.7567945
19700463,4.7546935
6300353,4.7529716
16518720,5.134253
16703093,5.235813
20006934,4.9070787
18067296,5.3404083
570695,5.5003514
15941197,3.802774
11910497,4.9568768
12353119,5.252344
9279978,5.7995973
11634283,5.1449885
3649988,4.5647106
17457497,5.207539
16348636,4.403123
268868,4.0583377
16959759,4.408544
1334793,6.4333477
10708414,4.335324
11738270,4.3407354
12623332,5.1194606
10386594,4.532581
19427899,4.6711006
18434433,4.527106
8966643,4.8416767
9669444,4.4640436
12055506,4.783791
2514831,3.912383
18350662,4.967787
14904682,5.9724803
4863101,3.3403697
12412900,4.5606246
17224052,6.339246
14484150,5.173653
15859741,5.2150097
20185952,4.2335463
16809162,4.7430944
15774102,4.2919197
16390233,3.886007
18804424,4.3361607
65268,4.099601
2051013,4.706569
5985742,5.2753553
16099713,4.9184227
19084168,4.4302897
13328254,4.5893564
18561873,4.1160026
11319787,5.9710197
9646126,5.80868
6261301,5.3697996
6782456,5.0061316
14011318,5.0076537
19162994,4.188226
20014618,4.2259707
18392528,3.8566985
16325781,5.157007
16122018,5.4193244
6464254,4.3428597
17554898,5.112454
16265428,3.8229084
12271038,4.380366
13362818,4.6450295
15604619,4.347228
9089397,4.2306094
5386448,4.824726
484312,4.27783
14991226,4.6602955
15536966,4.7853937
6370012,5.981468
633276,4.904507
11301136,4.0380697
11982791,4.526522
16382486,5.097508
12209733,5.7582164
14543437,4.971379
15562188,4.1326222
16367520,5.1934266
17445405,4.875927
8720923,5.2904105
7055559,4.7221537
9973002,4.630672
4069422,4.341893
8929521,4.907434
13514774,5.501622
12539250,4.574675
13186395,4.559257
9617306,6.271684
15869718,4.233888
18348195,5.321375
2875019,4.475463
8108376,5.826798
15054327,4.7065873
6783618,5.8011413
20454892,3.5023193
9894686,5.137968
17633832,5.1159964
12309643,4.0434394
12340407,5.192049
19727919,4.7793365
3967945,5.027454
9014060,4.807077
1304952,5.1021914
15706102,4.531404
4218208,4.302096
6276737,5.411883
20783985,5.800686
17704561,4.8463435
15852819,6.977059
15713028,5.329108
7716322,5.1198683
2365632,4.56502
15567051,4.329367
14262477,3.994906
16504499,5.9509315
6693134,4.2132573
8092302,4.061187
6731350,4.561711
6780147,5.2427635
16456128,4.624114
20730657,4.6727242
18060895,6.3857503
17160522,4.05375
17042471,4.4917936
10988358,3.9962544
16071277,4.648106
6952815,6.077436
925075,3.9240193
7052366,4.3684864
8273742,4.274711
9002096,4.5675764
17305700,5.863688
11562068,4.031519
5968050,4.6969843
893413,5.346735
19270375,4.725254
848722,5.21613
1304181,5.979546
20819487,4.642542
8741349,4.9992614
128036,4.0478354
15756117,5.6325297
11211985,4.4300375
699556,4.571778
16470117,4.6084337
16228948,4.3090525
2356991,5.0264487
20727664,4.1894226
6150893,4.47992
12572046,4.0288277
13182297,4.7931046
3093469,3.8676784
9115266,4.4682937
17851017,4.797103
16870431,6.609624
3736567,5.388029
19821160,4.361038
16274951,4.327111
6237443,5.1196933
16146297,6.2182765
16490343,4.554361
6267679,5.0631094
5604557,5.1651816
16050144,4.823798
5791844,4.2765713
13667633,5.340659
12147973,4.2816358
1351489,4.961959
2695044,5.106487
18254317,5.440594
8504081,5.926014
10773469,4.9416914
10382430,4.7363153
4905118,3.807357
18424903,3.937209
3016563,3.8593142
3539618,4.7780013
566195,4.255441
19159130,4.86312
16767712,4.544286
14301088,5.1427574
19892918,5.6073093
2819298,5.6966124
2686030,3.6048083
9117009,4.7782545
829106,5.0437984
332525,5.3976817
18460119,5.3967085
15484165,4.5980306
14008695,4.015963
8908906,4.5228505
2285444,4.82911
12382918,5.5978723
18124200,5.6873865
14303236,3.9587867
13624126,5.1740875
16687741,4.374785
6259928,5.4614105
15930655,5.1202493
6387526,4.390477
19699218,5.153921
18176463,5.5312295
20606731,4.263938
3469115,3.0529962
17369165,3.9645581
13517727,5.4700804
3721550,4.504551
3250095,4.6952424
7884670,4.875732
16256365,4.785763
17211234,5.35542
6672812,4.6014643
3808709,4.995051
12864784,4.4035153
9596551,4.285327
4795088,6.2796645
17903549,5.3733215
18502972,5.164575
10617498,4.2769723
19904066,5.091522
12996544,4.127874
14667764,5.027361
2021742,4.5562015
490989,5.2056417
4588199,5.5662813
450009,5.04906
20281525,4.20639
14788837,5.0768313
17076396,4.6529546
3695375,4.3535337
17788162,5.4194913
4606473,4.4780593
10085417,4.325335
20053253,5.224394
18104766,4.9585223
10948027,4.4425225
8485057,4.571061
15842028,5.2087545
17335062,4.357588
15397393,5.9549675
1983188,4.256345
10564295,4.578056
17497912,4.881937
15581887,6.0142565
1115276,5.20524
11769831,4.855705
9733538,6.4787383
10803131,5.5615506
4647788,4.186655
6746716,5.6639705
17158062,4.3380394
11418885,5.4822164
300595,6.1255016
20518688,3.7926333
20043855,4.38257
3884636,5.6412373
18094963,5.015164
10858543,4.9092875
12849967,4.163186
15042453,4.6375923
18994026,4.823155
3506164,6.5572634
16722169,4.559471
13200822,4.893346
14857207,5.223661
18426456,5.0125284
1083336,4.2965426
11692311,3.93192
19504042,5.53005
5786506,4.714627
13764984,5.3634505
6716160,4.787042
20267316,4.11372
16560212,4.564226
2252844,4.2902865
9301784,4.4227047
12869372,5.458422
1033679,5.061666
14142273,5.1296253
17591306,5.0085583
17570408,4.4096327
15842855,4.7662783
17209321,4.9918203
9164681,4.236732
17697566,5.745001
9373148,5.2455764
9939202,4.6544547
16086666,4.50027
18406927,6.186357
1546945,4.147685
4824547,5.150819
1330972,5.4961786
4706241,3.987403
2576206,5.121491
8160542,4.58238
19263786,3.785575
8880994,5.6875744
15528972,5.371033
18962916,4.281767
7827566,4.1418433
20256042,5.065614
10752737,5.151031
6749628,7.524113
6220514,4.6613164
7834765,4.7331114
14106979,4.398771
1156733,5.080434
18162012,4.887181
7956149,4.6042027
7547105,4.2143316
20678183,4.679953
10157393,4.8207183
2257064,4.08588
5113910,4.3337016
5511812,5.2025785
2849596,5.520073
15485898,5.2903214
12366762,6.346946
11327484,5.571658
3048760,5.121757
8671156,4.5982995
20539875,5.057967
5036659,4.272003
12403816,4.094011
11497800,4.4304543
2565399,4.942586
16870873,4.757273
20048283,4.0636616
4902855,3.9494998
7884952,5.693975
7110810,4.139291
2400010,5.7348647
16056031,5.105865
13328202,4.8182216
17225485,4.8736854
20444584,4.3856516
10126519,4.3264146
14522465,4.4794474
2764516,5.2162743
12566262,5.521043
504440,5.282952
17016159,5.5369606
3137069,5.552015
7385651,4.2487373
9316519,4.519303
20209459,4.2482295
20607164,4.2457795
13900504,4.011923
3581087,5.2229247
15267916,5.2177153
15900766,4.7163973
15798969,4.875256
14371353,4.613844
17840858,5.181792
15801344,4.0562267
19503229,5.1874185
5442901,4.683172
11555105,4.1505976
3168163,4.296203
16649773,5.455027
7054912,5.468755
11402440,4.0030804
399640,4.4374876
2969749,5.419687
9167889,5.180939
13310836,4.777212
1004578,5.0269537
15310116,4.1446633
17686630,4.234176
14844758,4.7678256
17994861,4.781363
14028637,5.021684
16360868,4.0703974
6076202,4.9891686
13726565,4.713522
16268194,5.0430546
392794,4.0245833
20505979,3.7586648
12095709,4.0748115
19893526,4.988266
20045444,5.3442173
11672450,4.688276
234184,5.0643516
12987983,4.2096033
8568852,4.129557
16645828,4.9258013
6385039,4.8114815
15790508,3.8800375
16258218,4.4997888
18278425,5.255679
20895742,4.7466164
18618632,3.9486468
16015217,4.611567
2003180,5.9364862
13993626,5.360167
17001424,4.096475
9028856,4.220922
10321776,4.5661974
15470479,5.273765
17231066,4.439915
883517,5.0079923
2526345,4.691858
16050332,4.1191554
15969273,5.160761
3873776,4.566583
11798956,4.2338214
9847917,3.8987365
13175533,5.413515
11594600,3.8260999
15531588,5.5766015
11793542,4.864677
11590171,4.611911
13937181,4.4107904
20309321,4.8447385
1541129,4.759331
15702992,5.5063305
17668313,4.4984565
18638985,5.5539417
12857087,5.0782595
14540094,4.188017
16713521,4.296352
7764721,3.9248838
20459710,4.167704
15167862,4.098681
6291435,6.3384213
4129909,6.302729
742791,5.74145
2268845,4.6825843
4645831,4.840152
8655125,3.9321156
20634473,4.941663
9809458,5.1026955
21138063,4.2507706
14883537,5.070592
13899358,5.2815604
16639826,5.017682
21095044,5.44273
8566407,4.9719253
2055802,4.841907
9452127,5.5909777
13855164,5.1538086
7666482,5.4900146
13467547,5.0248713
10133444,5.8542714
17381,4.860382
7553821,5.8125987
14371293,5.148795
8894773,4.325319
7418562,4.6758065
14653831,5.474365
19693808,5.230497
11604885,4.227965
14035390,4.313349
13697216,5.9772635
9119564,4.665492
19927187,5.0031986
41513,5.2519436
3411380,4.7198977
17568128,4.3460445
3614983,4.863144
3993234,5.1847396
15328326,4.7130976
18645174,4.2790785
12095413,4.1887927
5562962,4.6777115
17572893,5.8329005
5277829,6.1208014
14200946,4.3177233
6416763,3.895722
5142318,4.605949
2440357,4.8179736
15820203,4.6658545
20995137,4.5044518
17847925,5.502493
5308650,4.6858883
18240184,4.761433
14667640,5.0438447
12874607,4.0053854
10788486,4.8722563
13116355,5.1282406
4550062,5.3393393
13239421,4.4140387
1066727,4.779367
6758849,5.1168323
13490397,4.4842486
6413186,5.45225
12366069,5.3537626
14553693,4.1515436
6033550,5.011599
10475981,4.048556
3625075,5.421866
1096511,4.278352
4165927,4.5959315
9897713,4.4448295
15666107,4.034118
11360976,3.9179454
16519349,4.002221
1128681,5.3677454
9698250,4.528558
12987360,4.4498262
12932186,5.241978
1842931,4.100744
19413540,4.0763288
15538284,4.2689595
14057062,5.649224
1961417,4.781271
8289792,5.0891767
15548347,4.557131
20072717,4.628581
16404866,4.36951
16872040,5.443241
4724943,5.2519937
14896095,5.885058
15701663,5.2455177
17423675,5.309468
19310183,4.851653
10102882,4.0365505
7339716,4.7198744
3278624,4.542603
9219569,4.6775146
21068507,4.1924825
10034187,5.8301325
970659,3.9615247
14597577,4.403725
7206075,5.0782185
1194606,4.7885494
9732432,5.179686
2324977,5.3910646
17023173,4.9691863
17845588,4.83927
15590003,4.9225035
245359,5.3981113
16241602,4.359732
16301899,4.67745
245366,4.3801346
11968539,5.8727703
16396729,4.5806046
9874042,5.773948
14715067,5.1586695
2045245,5.1115627
20901323,4.82585
19489369,3.9909499
20231046,4.973584
17030885,6.0355577
14691805,5.4835277
15646546,4.6930447
13881415,4.1823964
16766571,4.2681313
11117439,4.0777173
1118801,4.23231
19123591,3.821935
19032449,4.982625
14787826,4.585729
4657892,3.790472
13945834,4.798657
14320263,5.3451214
19307356,5.15998
17846230,4.432035
14486098,5.2546377
10766309,5.0362606
20639311,4.217595
20726260,4.7443733
15473525,5.8042283
14933467,6.1537833
9334228,4.527786
13437219,4.8844056
262343,4.2190638
16099007,4.768493
9125711,4.6807837
13226293,4.001906
14727460,6.14962
3594191,4.0689874
15178725,4.6162515
12295233,5.019572
1045438,6.4334188
14931550,3.943009
6246681,4.811068
18227022,6.001437
883653,5.573483
16532176,4.157909
19031108,5.17957
11989649,4.979072
20243723,3.870864
16790525,4.332435
13541941,4.136158
15294475,4.790226
15645257,4.240044
1113272,4.214846
8668115,4.207338
1637213,4.4508553
20696525,4.8543124
8646530,5.1040077
20920048,4.6028304
13743061,5.3822675
9950923,5.68627
17402766,6.2425156
9904485,4.907055
15182467,4.0809317
9591579,4.6428475
8777316,3.7388346
1075426,4.0554757
19589726,4.617121
20761314,5.3997245
20572801,4.2895856
5762947,4.8999176
20858221,3.9508045
11165425,4.125163
12868842,5.2825084
14279793,4.2208214
18945236,4.922537
13490175,4.3667808
15987687,4.658942
5477842,4.0716786
7205456,3.7747495
6591077,4.8424854
15235535,4.7017326
16664008,4.1055274
5839979,5.4763017
5969920,6.420171
18766879,4.60465
2123284,5.3333373
16688647,3.9266214
9801260,4.8100686
848087,4.6378503
11043594,4.894923
14182712,4.0715046
6335866,4.582636
20998700,3.930866
19588669,4.479775
19084978,5.1701317
1465891,4.7685995
17554081,5.7877455
16337047,4.834407
8254674,4.753756
20311253,4.8294663
17221938,3.9889996
6627016,4.1584473
6209799,4.410198
17512898,4.5163493
18060320,4.5344853
766813,4.26964
9838145,3.4928617
3083907,5.014619
18190775,3.946591
17716204,4.644314
15550715,4.3975286
15939098,5.6060805
12419766,5.0564814
7415235,5.0561576
14397802,4.4196873
17189644,3.9166772
15985737,4.8747883
3700395,5.607149
902467,4.463215
9444903,4.4276886
20635866,6.0156007
9429038,4.952929
562478,5.174946
1825386,5.6162195
7653991,4.956531
13714529,4.6012897
14747766,4.666213
220946,5.198947
17602719,4.458668
20648678,4.436772
17464690,4.06868
17670245,4.154011
13398901,5.0242896
6611314,5.284212
12950970,4.5449247
15190865,4.7650366
279093,4.1266575
13318239,4.1891665
1136972,4.5002146
11296046,5.4128776
3793831,5.1879086
9013270,4.9424343
18374071,5.253987
15040421,5.2496924
14085728,5.1849136
17752035,5.33995
14402383,4.684506
4053912,4.6299524
3644052,4.746382
17663849,4.9079638
1888006,5.5574856
6822747,4.0713077
15824294,4.5194316
14682931,4.4211364
16376546,4.553194
16171896,4.008882
7094462,5.0053515
8720865,4.2636633
15083267,5.6114283
2397852,4.779938
16597173,5.284593
13325468,5.301824
16020857,4.475316
16291677,4.62713
11280898,4.3337345
6553661,5.217239
18841477,4.349295
12469041,5.345731
19887332,5.365998
6626911,4.6951637
6972777,3.9981148
24712,5.2954454
15631734,4.9907527
13625482,4.37687
17041907,5.0829563
17833439,4.2990694
4511482,4.779532
14692747,5.146378
18356556,4.3477955
20570865,5.6627793
13948486,5.01505
15634281,5.271328
8163336,4.4118996
15877171,4.7931895
11845978,5.220447
13862304,4.2688613
13015239,4.3873434
18879414,4.0470786
1494596,5.145971
473601,5.551131
11095719,4.316432
6031904,4.968211
16170694,3.5308695
17585561,5.155261
2969630,4.2229395
15095408,5.879853
13859361,5.030843
13466713,4.1224437
4026075,3.4284334
2175827,4.520444
17159798,4.0849123
3577543,5.556753
13041392,4.8599906
10231620,5.0328617
13434874,4.180942
1310672,5.219559
7276603,3.8420064
9165281,3.934093
18068913,4.298258
14213037,5.261292
16418341,5.21285
802839,5.1676435
7893901,5.504432
2160591,5.5951085
15917321,4.66795
9414521,5.62088
15833807,4.6368556
11415455,4.343059
18241445,5.0365143
9725232,4.657
19620966,5.1545954
14405224,4.9318843
10658613,5.4755344
10410842,5.7345967
2943450,4.219006
12845862,5.142231
3098703,3.3651342
1467577,4.069853
7741297,5.0534797
10366041,4.3899546
14705126,3.6630127
14237406,5.0266848
16612877,4.9509587
5261044,4.692366
6260599,4.2373652
10824676,4.262338
16243823,5.3449917
18746930,4.3337793
1025161,3.9501686
14991035,4.846153
10994968,5.6953726
3015450,4.9644213
9433268,4.110326
11967857,4.948963
10332831,4.5235057
17658094,5.0177307
13473948,4.566423
14377,4.3644376
4795356,5.125176
6952692,4.877318
3191678,4.0392838
11708,5.0261474
790017,4.6681595
16712101,5.7579417
990529,5.120248
13020789,5.5466423
1945388,5.604156
16912472,5.1082816
4375603,5.5171905
9699745,6.230456
16252761,4.599346
18517584,4.863844
19637278,3.7370956
6726748,5.0044847
10861614,4.6844583
13333552,4.801523
13018248,4.821367
7331201,4.8724093
10832099,4.586461
13942062,4.232444
13770756,4.894975
5406131,4.201967
10965962,4.5853167
7917156,4.4108477
18433508,4.7063413
7451805,4.259653
14426998,5.67867
331854,4.5803204
8887413,4.6703544
16557960,3.824326
8194908,4.2161746
17268712,3.9118698
16231826,4.6238694
833149,4.632292
16350826,4.0377684
8368773,4.675049
13172582,4.2021966
9054109,4.2508283
16545545,4.94322
4330309,3.8173437
12623839,4.3369446
7501292,4.501995
20034244,4.794285
16824550,4.1942677
9827188,4.743485
7325896,4.3571777
4916223,5.038105
7701769,4.984112
17447212,4.367885
11720627,5.26956
2243721,6.2157073
9119573,4.8459673
11972989,5.482058
11303678,4.3214297
17907159,3.9752245
14055105,4.506523
4700875,6.015618
5730680,4.983417
12247245,4.901183
11357222,4.7540894
6133150,4.2620792
3474269,4.0669737
13301427,4.289965
4900034,6.7915263
13661036,4.6392593
15292103,5.246431
7575626,5.0530715
3812595,5.866445
18387756,4.185048
17123983,4.023259
7246010,5.046517
18341273,4.165401
18428508,5.077695
20358562,4.543789
18240098,5.321047
7097488,4.9438057
6866061,4.8210917
4615244,5.0519457
302309,4.5262446
10767624,4.326786
19991838,4.390856
2686794,5.0871615
5605532,4.040251
2115333,4.1439543
13681728,4.160434
14539216,4.9465666
6007066,3.8117752
26362,4.7234764
13461852,5.5259037
8775344,5.1567206
799924,4.172603
18177610,5.9727416
11337913,6.339902
18390064,4.288292
17839897,4.893671
20803354,4.741021
2142150,3.7049835
15773850,4.057659
4350495,4.841851
17430853,5.104258
17465579,5.1231227
17234700,5.143925
19051760,5.1031327
18615001,4.4298043
9033864,5.166347
19701093,4.5403333
5271019,4.737788
16710935,4.134328
9740264,5.6405168
9148138,4.2883763
16769813,6.3292966
9717335,5.1741858
7367795,4.054024
482969,5.711982
7417793,4.8342032
4753599,4.2964063
5185807,4.5174546
17432058,4.5559177
17330389,5.236954
18080411,4.642535
139143,4.69097
8489712,4.4360356
848170,4.231591
16287456,4.5244646
4868150,4.9806232
81552,4.931971
9263457,4.1753745
10433113,4.2924476
20709966,5.542674
20322645,4.5119743
17074852,5.1483583
3074304,4.3189955
19721014,4.0292625
2702838,5.7439575
559511,4.482065
9667459,3.9984643
9650878,5.018332
14790081,4.4554315
15270922,5.668208
16630373,5.315586
5481685,4.6756525
6689948,5.3884463
124011,4.8109975
13994052,4.4175158
17695593,4.651013
6103146,4.81026
12793489,4.4995112
10563076,4.935822
8924942,5.715852
11601327,4.130049
15142679,5.0179996
15290561,4.4171586
19430067,4.579049
16856233,3.4782279
12996664,4.5309134
1718770,4.6103005
13345384,4.3687935
3423032,4.3545995
12570895,5.471173
13446870,4.3848658
7628791,5.49925
4767139,4.0289345
422214,5.057354
20770742,6.793994
4951025,3.8888347
8111575,5.0950103
15166481,4.251967
18343148,4.522803
15648993,5.537386
4887475,5.7777104
17612481,5.05687
54626,6.4426413
14298697,5.443769
320877,4.7702723
7264849,5.549334
8675378,4.5731416
16972627,4.042908
165461,4.245477
13506967,5.7400017
13824731,4.2676973
18332030,4.9649305
19926628,5.023885
20120690,5.3998256
16244717,4.2202196
19212838,3.7818475
4077186,4.9870086
4246135,4.0255847
18112461,5.1044364
16766743,4.611623
1869961,4.841334
16134449,4.60326
12913007,4.6045804
12898943,5.094531
2472461,6.104631
14554389,4.4264145
6717390,4.2046924
287272,4.0079355
16208121,4.442288
14501592,4.81709
19975703,5.0797224
17462053,4.5151668
14489201,4.1367254
20067972,5.2706494
5836043,3.9630153
2458029,4.7118883
1115349,4.924629
11414243,4.8860865
4606614,5.108305
11212601,4.135782
8152867,5.6379514
19861011,4.7601066
19143826,4.995087
18563122,4.925197
18097379,4.185569
4863176,4.548755
12761812,5.3535395
16735848,4.57234
14027250,5.092358
9884237,4.4954247
6725463,5.475173
15398400,4.187156
8520667,4.901924
6959057,4.835302
4741346,5.2094336
16576373,4.1018
12190267,5.096583
17302114,4.2273827
13721032,5.287357
15287084,5.15873
4832939,5.3967204
15397491,5.180069
16492958,4.5124435
13785354,5.3195004
16113122,4.9901934
739811,4.7836213
789559,5.428348
14859925,5.6499696
15099815,4.2085733
3812797,4.7605467
13625610,4.0525885
1678763,4.348102
18066845,5.2638893
6716027,4.095504
12773462,4.2509637
12776549,4.231169
2997966,5.0939674
15962688,4.105159
9690939,4.492691
12324428,5.9599385
12302429,4.1177526
7652993,5.7226176
18960376,3.8464718
58294,4.415885
20394608,4.2766304
6039038,5.166345
15648407,5.1228046
18675571,5.7770495
15360319,4.2379303
13580032,4.161736
1529321,6.504956
6846210,5.592389
10547887,4.6939597
6106777,4.8222046
17894673,4.4504294
7697223,4.5707064
16162933,4.9896913
17858987,5.224589
12202155,3.8302064
828497,6.1084857
2346018,5.2051725
15822779,5.217845
507517,4.1806726
7629141,4.083038
19566229,4.7384644
16928712,5.3092537
20401541,3.7121696
20639808,4.361392
9108883,5.0430036
19643198,4.1876974
13784363,4.6133385
1335036,4.54222
16966776,3.6497684
10126716,5.417765
16676176,4.6156626
6831518,5.9197974
11206039,4.6069674
18475261,4.52854
14058763,3.9575605
9380145,4.2000747
16708692,4.8040433
20897863,5.946552
13650177,4.687761
14058941,4.7882237
17692964,4.726093
1423063,4.182373
20364066,4.769281
16690643,4.122629
16226497,5.537642
20256213,5.070473
826388,4.4119053
17295823,5.1187577
8125874,4.513459
14284950,4.725975
80700,5.4989195
7576910,5.0708613
4727912,6.821712
13429535,4.1486692
7463102,5.0162854
4776301,4.942331
12728997,4.509475
17682955,4.875122
15255593,4.6660066
16647588,4.145048
9150429,4.9513955
17359903,4.0563974
3945201,4.6450624
5932313,4.540906
3871177,5.0596385
12290886,4.21718
2519112,5.354486
16395494,4.6109476
12850682,4.573987
18957138,5.012651
18123867,4.530386
4075696,5.666066
12386579,4.538461
15767124,4.5099835
14499172,4.3757057
4105435,4.8308535
7199464,4.7515836
15880526,3.9914956
6119918,5.4478064
12026845,4.2590823
10269315,4.472301
6660511,5.5212803
10625297,4.6293516
15918537,4.059126
3618458,4.6064796
6657708,5.408573
622766,4.280652
13848005,4.78986
11987588,5.4251065
17626263,4.9112816
5932678,5.2630477
3090474,4.1674657
6662147,5.6053524
1200697,6.7177143
15289098,5.6296535
93359,4.702266
18618247,4.0925155
729841,4.3393703
9749603,4.610147
15087746,4.065203
1619695,5.2184577
1939283,4.019403
17964535,5.605576
5970123,4.0914817
1040018,4.1221323
17611836,4.748288
19526855,4.180533
3946324,3.9629345
8373675,5.164556
12806491,4.0335345
793610,4.5554233
11937618,4.010338
13814827,5.9277453
2967631,6.221521
1077521,4.563359
2933941,3.8128102
10676959,5.867004
20815969,4.2800217
4613323,5.062093
18413118,4.2981896
4482584,5.410526
4983691,4.7502522
8935510,4.1048384
5851115,4.484195
5991341,5.8732147
466402,5.536312
126046,4.8284006
16338618,5.252554
3447745,5.883003
10036480,4.6102967
573144,5.132677
5013119,3.9043653
13546556,5.021445
15418986,3.963031
17440484,5.437434
1236788,4.9589834
13512130,5.8206606
228925,4.118692
21158249,4.5598655
9529089,5.4032984
17120221,4.696537
17368582,4.115489
11693843,4.2515016
14279874,3.9563286
12561681,5.4130855
5162420,5.3383574
4692537,4.288652
7264701,5.40682
16037497,4.5765123
17995663,4.4081964
17191860,4.189301
6089865,5.178484
14203400,4.1773844
17448330,5.535434
19819860,4.538147
19766824,5.3195553
16351003,4.349407
9779960,4.8102417
13379064,4.218797
12168198,6.5151205
17221109,3.9734044
3683241,4.8433003
18303895,5.152508
10228824,4.112946
18023847,5.68336
7853110,6.1658244
5616298,4.5711265
639199,5.0326176
1628415,4.729809
8408768,5.425021
16894328,4.704874
1748036,4.7493744
17630540,4.591843
8956687,5.3836484
5143896,4.399491
19316580,3.957852
21174905,4.563021
17574877,5.241227
4745876,4.4040465
8565299,4.6844797
10232039,5.010862
13695833,4.266275
21067615,4.7598658
15130400,4.5174017
4915180,5.452254
19092315,4.8545723
18238213,5.1488824
18009688,4.5893683
1086714,5.386349
8907930,5.32304
5325355,5.180082
19531580,5.7135215
10054046,5.1497073
12814269,5.367325
10434902,4.5763507
4296274,5.1515284
14414440,3.8907614
3102310,6.4560137
15832677,5.469307
17207664,4.1344295
12184433,4.9492173
7651638,3.7143414
8104879,4.6762266
9412292,4.567945
6066407,3.9421751
606666,5.5355716
12188928,4.37303
8194592,4.3838506
10156462,5.71124
6947041,4.4822383
16271281,4.1304913
10732710,3.868762
3312253,4.807
14959195,4.66029
19121342,5.0961347
442098,3.9623194
10105496,4.3745055
16810456,4.4442997
8492253,5.2642736
14199057,4.076469
77136,4.4162493
3509495,4.890671
14791537,4.740543
20092176,4.9118185
4085887,4.0827756
806199,4.470049
6014992,5.356967
17318207,4.287421
13515118,4.4711294
12157959,5.7231402
17956375,4.465689
12062745,4.1215425
14330713,4.29519
15454635,5.436103
797712,4.3564544
20038576,4.9983535
653118,5.291674
15916066,4.549606
19030537,5.366097
4964259,4.2396774
12041,4.7932568
4474281,4.700583
19951868,5.7273517
2594478,4.1144056
20801864,4.8388567
18368441,4.9736075
19111197,5.4749727
16259189,5.0866566
6450408,5.304649
2000611,4.6955357
4873690,4.643291
13266485,3.9868903
13769476,4.6406007
1121497,4.452421
12335328,3.852112
2620676,6.223732
20976155,4.923779
11609650,5.1319747
9098087,4.850481
3630162,5.046661
11573475,5.828595
9330594,3.98744
55320,5.309759
15111599,4.6166973
15784488,3.93121
5904746,3.904893
14730841,4.5628133
9968223,5.32467
7962707,4.1291237
7262439,3.9877894
4786580,5.0036945
1989731,5.406367
9107681,4.4866667
18408236,4.7665567
15987934,4.6801925
16911773,4.482569
17266805,5.188841
21079967,4.0976377
9788141,4.3644314
5575736,4.743371
16026199,4.619073
6288917,4.569291
12111955,4.920993
10637666,5.27563
531552,5.0834694
2461461,4.997153
12829242,4.6681294
12192924,4.957873
16291340,4.446619
14170388,4.2064633
1434078,4.3777194
17532536,3.9618354
13797466,4.4275417
1993623,5.2049975
18088349,5.5119057
7772479,4.5947447
2503408,5.7502403
15494076,6.248975
19554150,4.9112163
17715213,5.0789647
18498919,4.1073284
1713602,4.801404
3289009,4.69669
8800996,4.922752
16735021,4.7011657
13018453,4.0469203
7074961,4.9089165
3601900,5.1046433
17964166,3.9970179
20625403,4.1725144
7238641,4.3926187
15951388,4.720082
13627991,4.086288
7802598,4.1695657
13752025,5.849281
2997467,4.5709786
6414967,4.8100758
10784969,4.5026317
4526809,4.892641
15147053,4.4888396
15603961,5.693834
6656567,5.6745877
15926217,4.1405864
5570446,5.2251477
6674210,5.4667177
15065730,5.4024653
16368541,4.068151
5968874,4.963188
6662609,4.1889195
18273831,4.8280387
1112070,4.180216
18126916,4.4298716
10881879,5.6014977
8688460,3.972741
16225673,5.0609426
20704205,4.7355213
488083,4.4246135
19222455,4.748468
5183502,4.586728
20651132,5.090429
9651543,4.0943556
14295456,5.0458074
100002,4.869708
2011301,4.752571
2207459,4.94843
13572291,4.090398
18118246,4.1162252
15990199,5.194474
13532901,4.24318
10733505,5.1431894
9348145,3.649309
12201138,3.840687
17435074,3.8388143
16987503,4.0526075
20832160,4.6895566
20308749,5.1900253
15620835,3.9995537
16321524,4.6608543
1857226,4.8308578
15150380,5.9728856
783158,4.757403
16123903,5.693825
16678094,5.161053
8631355,4.959434
1672647,5.347017
21077900,4.44801
4205883,4.616656
20786225,4.470636
7367373,5.123241
15251516,4.7937536
20234018,4.930694
8387244,5.9470143
1209832,5.2445
2578122,5.056755
11910402,4.0621214
1123343,4.0823927
5749314,4.784018
10753755,4.598829
13033732,5.0745296
17265669,4.8464804
1633630,4.5536623
16427050,4.5128016
21097638,4.075173
18889564,5.8928704
18255651,5.5511847
6758846,4.3235006
16363743,4.2360096
2097617,4.150277
8868841,4.623441
16085583,5.5697694
19221072,5.6310363
1786412,5.2194138
7053502,4.8035226
14834903,4.3921328
18221952,4.6439385
18315088,4.128421
9529246,3.9515493
16884487,5.3155994
8791898,4.7356544
12738346,4.405453
14873250,5.02259
15902192,4.8221765
14669230,4.174121
1811051,5.2871847
11441498,3.8387094
9709039,4.259699
806345,5.7507887
14317454,5.4101453
17723516,5.6126957
17857431,4.7881503
10751336,3.4771106
11591546,5.1851935
8758259,4.343444
15052895,6.47947
12453894,4.9152207
5480755,4.2012167
9885430,4.680998
18316379,4.9337435
16085227,4.807298
4539937,4.5670185
285716,5.6364675
4125300,4.7766223
4942985,4.3862643
13785184,5.606676
19364110,4.181586
8153369,5.3160458
15925822,4.933879
11640293,5.564634
242178,4.3450584
7612456,5.246626
16620513,5.313887
10166394,4.090468
10154118,4.170409
18443719,3.8918865
15008570,5.314594
1059849,5.594525
7880998,4.428014
13900170,4.7008314
5827810,4.1899815
18058836,5.9392676
13982791,4.992719
6661227,4.6932244
12704159,4.322474
7156847,6.2488484
13174293,4.3816996
15238184,4.567967
7071880,3.9598324
7651993,4.5817947
14716443,4.84385
10220860,4.3959994
19758007,3.9836588
11126756,3.812528
11107261,5.2368975
12053058,4.5308285
16621275,5.5425954
17981730,4.0716534
15196650,4.5909467
2856036,5.2171903
5813992,4.9321103
2116059,4.2021785
16290144,4.002986
14101740,5.0056915
14236545,4.4019094
17895468,4.828282
6957253,4.1604896
12154150,5.526854
20175536,4.690287
13460331,4.356318
12875978,4.4006925
11010892,5.5683374
9896754,5.9149203
10043601,5.475136
20982400,5.3552346
843015,4.72729
1948543,4.6186123
10927486,4.5565963
17996884,3.6557531
16258220,4.6159315
5458248,4.537508
15635466,5.1150823
15887544,3.8882346
11229232,4.473355
140335,3.983509
564311,4.621037
9533058,4.7387853
9526314,4.1987348
12004930,5.5362544
6967482,4.749643
182225,4.6440215
16769883,4.410614
18316798,5.3385086
7459275,4.663921
1959224,4.9019065
9402784,4.7638593
19136169,4.7376757
21138581,5.010812
10724176,4.494746
371595,5.3966985
16149160,3.8981667
19954751,5.019621
8902837,4.854646
12826068,5.310573
6569350,5.6059356
14807957,4.6289034
17155824,4.3449645
14486212,5.5378814
4532435,3.9608884
702090,5.2341175
9610933,4.664195
13885782,5.405033
4837813,5.550389
1815326,5.872229
14090131,4.8885303
252867,4.9679594
13529753,6.618259
10075221,4.8527484
3497704,4.9801326
18310014,5.8847938
15208990,5.027168
15451844,4.5878363
11928411,4.821547
20308833,3.7611997
18211034,5.6644616
11501188,4.6067514
13748806,5.5034146
15779973,5.1081967
5914715,5.259737
17075311,5.1213355
15433768,4.655973
20016841,4.1726236
1999200,4.6052637
9847111,5.620367
11227489,4.5127215
9995713,4.755792
14779590,4.3483133
9495405,4.9967217
18777330,4.7802114
5653004,4.7751927
10983169,5.009189
8734246,4.2846637
14920747,4.9277425
20957690,4.7389784
14786197,4.319746
16444330,5.152688
4617410,4.401053
10594322,4.159991
15328573,4.7604065
13909131,4.7556744
10342165,5.8797374
15508674,4.2007923
9411906,5.112795
5729793,4.3653483
13565111,5.9578753
15153375,5.0566974
10766240,4.385438
9031081,4.0523167
11718547,5.0105886
5894720,4.8397293
18472852,4.0634537
2028377,4.385242
20879912,4.6932898
10764345,5.9630933
5013564,4.376863
13380219,4.9225645
921695,4.0131154
15913067,4.5496097
18875426,4.0893135
3116974,5.528679
5213865,5.765393
13939271,4.20161
503460,4.130592
16756427,4.505484
16326596,5.330932
4093967,5.571605
3843678,4.6309757
16824823,5.0625095
7389196,5.6815743
19863189,4.2708006
233933,3.8732502
19033972,4.842179
2333234,4.306174
9920363,4.6135945
20193909,5.1429267
17016281,4.1646104
12823846,3.8507724
9835124,4.978332
12306153,5.2878723
17288739,4.8536863
4196643,4.50241
16017817,4.088856
3026050,3.996449
4334513,3.8475502
7106945,4.6182566
5252442,4.025641
9679518,4.3529887
2203926,5.4507585
9102340,4.5403466
16289097,5.900723
17339881,4.5922384
12988242,4.918221
14821268,5.6961594
16351554,5.3027267
17865286,4.6931033
10629003,5.1245656
14804403,5.75568
15026222,4.9735413
7003507,4.9417205
11985414,4.9433856
13786473,4.5382137
1055029,5.3072653
18486790,5.38864
5309168,4.320705
19608042,4.8934817
7462108,5.0126033
20494180,5.762033
1043046,5.159588
21127815,3.158701
17583460,5.0580053
8283627,4.7837076
13452362,4.7196536
17268185,5.042487
9549850,4.719676
3933203,4.308058
13673585,5.1550426
5181619,5.337672
14670685,4.3143454
6602217,5.3364162
667836,4.887078
1037198,4.8975253
7972462,4.5941687
14918238,5.8849397
20990948,4.6825013
2553441,4.766322
20941471,4.082595
9678870,4.086553
2880864,5.677679
17865021,4.014517
6364280,5.075233
5301003,5.0089145
11421994,4.6272025
14869260,6.061425
2705164,4.7899723
1403949,4.2771792
16751771,4.396692
19555770,4.9360003
9235081,4.6759973
2061725,4.0086374
959788,4.5165067
15410095,5.567211
9173061,4.962126
18674105,4.640767
4411289,4.6929994
13112324,4.7134414
8470717,4.3435345
14605582,3.81819
4531215,6.218251
138211,4.465709
7343279,4.726227
13506472,4.614576
12522809,3.1935987
15588055,6.42308
17387565,4.267364
16251985,5.4695764
14179931,5.378331
9592585,4.6922064
16932091,4.4588313
3563047,4.6218567
4643145,5.5234594
1122374,5.337685
8617250,3.8822134
4550647,4.08283
6713685,5.2603655
5728008,4.9765224
7459069,4.558569
18474118,4.2728767
8386663,5.14034
5525206,5.480758
20732065,5.136481
594394,4.5313807
4073934,4.654828
15399745,4.9315443
15568588,4.3933134
643948,5.4876466
17386176,4.1789784
16870730,5.3867764
627758,3.9508708
5444992,4.1389
14091854,5.61873
12289125,5.755891
7240149,4.2787004
6445371,4.3393393
20607428,4.756553
13880573,4.9401693
1583111,4.98524
13223524,4.8630257
8271384,4.2696614
16857968,3.8416295
9988233,5.4201956
13428556,5.106032
9281849,5.001089
18637912,5.720893
20409141,5.164027
17436054,5.779981
16114438,5.1176248
950262,4.052008
11506248,4.84307
12112504,4.362083
6643091,4.250048
15396005,4.093482
9901423,5.245259
10732733,4.9669323
3378404,4.330945
16476141,5.6631694
15455401,5.0469184
20666793,4.5581164
20270960,5.2784467
8669130,5.212099
14076631,4.460534
1992751,3.9962454
8593868,4.4662566
16440276,5.1622806
16096911,5.008452
18600236,6.1926446
17749444,4.9369874
13803428,4.803622
16707117,4.7287183
10679064,5.1086698
4576206,4.3640475
5117490,4.3924274
12186933,4.5740924
15664674,4.8820667
16797460,4.80589
14844204,5.99885
21106251,5.6394672
17212078,6.1066732
17547106,5.4204926
16997599,4.357559
272637,4.46426
1691660,5.2723994
16757056,4.6225786
1034005,3.9559815
8955927,6.2271643
14064346,5.1801653
11102591,4.759084
13605065,4.70031
14203975,4.883999
14993134,4.138163
20887065,4.212947
12738816,6.197784
1887874,5.899357
14214998,4.638104
15597600,5.6823287
4916997,6.054012
11367489,4.8590207
9278786,4.079225
8336042,5.015976
3884769,4.599581
4490509,4.363248
5309235,4.56956
2296312,5.018829
8953956,4.1654563
16449796,4.463587
9316287,6.7255764
10545815,4.0084567
6782506,4.072021
18824451,4.2389503
10323094,4.4206266
4422234,5.600396
14181323,5.3286133
8886241,5.320412
7135778,5.0473228
17973663,4.50095
16212477,5.2762647
7531309,4.2850614
13525308,4.7243953
9496542,4.837479
7956185,4.97672
15308517,5.698729
15486971,5.114643
13748546,5.058453
18199513,5.5113826
6515154,4.334636
18142357,6.0832253
16516883,4.2124853
873465,4.2019954
803835,6.1076064
15939395,4.9931736
13899101,5.0566125
13376437,4.5674596
16885435,4.222966
7350605,4.089268
16905585,5.2204924
15887264,4.1970887
16769052,5.1880755
13825358,4.7192225
12303,3.9377398
16663520,4.2239704
4331601,4.519054
6558237,5.8659925
14025801,4.5865316
11850334,5.790859
272706,4.2476535
1573965,5.064752
226021,4.444082
13841319,5.298185
11657897,5.3820305
7777469,5.1213675
6973598,4.8568325
15445485,4.757524
4471012,4.101878
15513815,4.779085
9315809,5.273421
3259107,4.546867
18635794,5.4838696
16566937,4.9200892
72190,6.0737977
16661573,4.7118917
996866,4.072596
12815395,5.0841613
8456613,5.302115
20715120,5.0881743
12008415,4.076438
13820571,5.496765
7700054,5.7172136
17814136,4.7753863
13077628,5.127587
16793525,5.227061
13684319,4.5455194
11242469,4.233107
16179023,4.456473
7704920,4.779423
9432869,4.6581697
671633,4.9869404
9923887,4.637272
10069781,4.5521502
16354170,5.055807
1445819,5.6424303
16345072,4.943334
15028552,4.890851
18372468,4.4192405
15341441,5.2678957
18171613,4.184109
9794077,4.585761
12985023,5.072344
456296,5.8751154
15788490,4.2037883
4037426,4.653769
19914995,4.7549047
21104475,4.7077837
15043805,5.360464
16893907,5.5597577
13857521,5.1367836
13866269,3.9514446
17633800,4.5394616
8258324,4.8341217
17668159,4.7083263
19721535,5.2781925
6560870,4.6379757
15407347,5.723873
18893669,4.8233066
12226016,4.3752337
16015215,4.60955
9431367,6.0982423
12711445,4.1099067
589676,4.036415
8548176,4.1196966
6886759,5.885837
14170956,4.378509
2729723,4.6711354
5102006,5.3684487
20459849,5.4008503
9805128,4.8954916
9461837,5.051501
10050351,4.0548
13809471,4.387246
17875924,3.9954035
9575138,4.718317
11335931,4.265766
20980071,4.2151
6674482,4.7222347
17164542,3.9464965
9678327,6.156375
13724666,4.2995105
16180645,4.243811
17813907,4.312861
14014541,4.036948
11275661,4.793562
1478315,4.828407
9015954,4.2659025
13943523,4.8958745
14577780,4.8698583
21150890,4.7997084
17869087,5.217004
4518031,4.379299
18950652,4.4058294
6000531,4.8321624
14450761,5.321241
6607086,4.138253
14880182,5.367538
630026,4.573694
12796980,4.5233965
17764559,5.1877036
12832723,4.7856727
5325896,4.4334836
10163140,5.417072
19912065,4.3648367
13879391,4.770579
8412188,4.5349555
8383325,5.162838
14746104,4.8032007
16617589,4.7059255
14936250,5.2657986
18226793,4.543707
15182184,5.178984
722333,4.3360047
18309217,4.1436524
5328080,5.2396264
763932,4.183641
417858,4.370385
8007908,4.2738748
6120611,5.0031776
12990161,4.81123
16995266,5.3904085
6146409,4.570073
15344363,5.964598
4771229,5.2630353
11086888,5.198336
5271199,6.1187773
18458174,4.9678154
6715,4.9002857
12021460,4.6406093
11366062,4.2075915
18242004,3.7996666
2093956,4.287786
2375247,4.2519474
3219401,4.2214527
19507888,5.16839
8760775,4.5457864
14194293,4.646368
20801701,5.079585
2069027,5.0719647
9087285,5.6066465
11323228,4.2067213
10318976,5.842453
13032930,4.963733
3476805,4.645385
17107656,4.6517415
16826934,5.2618456
19273465,5.493127
11634575,4.25107
2601744,5.7270675
1215122,5.105242
13960617,5.285024
7127757,4.4219704
4257741,4.2347374
17981168,5.1571507
16227131,5.5336967
12587017,6.0409017
4296291,4.1243963
20140519,4.1951237
13654448,5.4071717
15657856,4.6831226
16263744,4.874972
11546462,4.0460124
3992326,4.7433076
6383040,5.3406134
3604749,5.4313684
3411845,4.7237873
19084108,5.3230505
19884374,4.7443295
17733920,5.0635357
1496484,5.0612364
20604638,5.139692
16024539,4.552689
11283146,4.4964123
9211534,4.803315
17038720,4.645096
281806,3.6590104
9998452,4.888274
13807441,4.101148
3887138,5.4033895
3739971,4.499214
9366256,4.40938
2197591,5.110207
594640,6.5738587
16255688,5.167434
8777763,4.6184072
2198953,4.252554
16930020,4.287688
15754813,4.6331205
15392732,5.8492103
15342306,5.1265707
2407415,5.1413155
7302762,3.7491274
13981725,4.2848344
18329418,4.2030225
8442997,6.0156965
11888263,5.1200943
9449220,5.127186
18040553,4.773767
17437508,4.8130355
9512793,4.985144
18505129,4.3110123
14089727,4.626348
19473178,4.5945735
10707035,5.009534
21021897,4.211104
15841513,6.3107405
1177531,4.88293
5729118,4.7896624
11506542,6.2252936
15510706,4.1148434
17033408,5.6147323
8307606,4.9272566
12368734,4.4952374
19288313,3.9841876
14535325,5.2600484
9792182,4.6881027
20588210,5.025852
3010571,4.8353505
7775879,5.1508904
1705175,5.4400334
97354,5.089726
4358976,4.710542
15577345,4.3572106
13114257,3.969478
12095048,4.120587
15801639,5.078709
1038326,4.5229096
19874046,5.226219
17407487,5.8182535
17767695,4.619393
16216234,6.3958573
17990948,4.2198467
2395993,4.411247
16498921,4.6629767
6214893,4.538571
369880,4.9162407
18071978,4.3442774
17677767,4.785385
9698911,4.7889824
17830628,6.45897
5445451,4.728825
931105,4.2936397
4261781,5.160886
13435446,4.954897
9405976,4.242682
8194363,5.774875
1869685,4.568026
3042436,5.193195
11656411,4.9061003
18668136,5.2366185
5704923,5.237053
13803488,5.377811
15113277,4.5970287
7603693,3.9313624
16665876,4.1103606
758782,4.901635
9810758,4.0884056
15376050,4.6375804
17750661,4.813408
20478876,4.5139585
18389483,5.494699
4016791,4.604796
8989320,4.7096324
14575964,4.6433063
418846,4.3801966
3816460,4.740489
4527218,4.3282175
3061118,4.4986367
16260056,4.922452
4137680,4.9483247
15313703,4.679214
3980511,5.342924
18579416,5.552881
18038352,3.7863145
3773430,5.248359
2429982,5.18454
1156374,5.981087
5593241,3.853786
9424217,5.1418242
2776897,4.5206103
18322783,4.906182
13789259,4.1886683
10898767,5.878095
6391684,4.9718966
138619,4.515444
17570773,4.3682113
4604991,4.429785
15740494,5.2262535
14524401,5.312505
20624541,4.094991
5902791,4.5571756
16309329,5.538826
9647904,4.880152
1178281,6.115188
19329911,4.950936
17879764,4.8955913
4596953,4.2378635
20437726,4.7873507
3930914,4.0772295
1831361,5.6478267
2627737,5.271203
8210415,5.421983
5414911,4.330381
8797016,4.9308553
10941385,4.650911
17881149,4.8804045
13734958,3.7276578
2057474,4.4225364
8410430,4.934717
2217609,4.551285
11080978,3.7660701
18007266,4.7742705
12389574,4.662853
17497948,3.9591148
2151479,4.6690526
12806940,4.9249353
18207682,4.308251
17276301,4.684105
12440668,3.7350118
14194024,4.903943
6908178,4.293566
9346869,6.027488
6938507,4.3933415
15479066,4.3022714
12006462,5.9512696
16555259,4.974549
19161974,4.744644
10970661,4.03405
19701029,4.148295
21066532,5.5890317
2623348,4.786353
16479789,5.4405556
18294702,5.072776
4667367,4.1893873
15656585,4.331184
763336,4.918276
20864355,5.5366874
5918014,5.0704613
1202866,4.081112
11239207,4.5101776
14560685,4.306794
12004174,5.6602125
982327,4.9533634
15156157,4.7222795
14201057,5.398702
15716633,5.528543
20616785,4.0263004
4183424,4.6306767
15970080,4.2553325
15591630,4.0884404
14809010,5.032655
8516411,4.6907454
11334152,4.4087744
13419864,4.8389564
13097757,5.0644803
8473794,4.539004
4427442,4.9198976
18411753,4.619418
3090312,4.2500515
16178677,3.9591825
13235417,4.34089
53469,6.163917
2811745,6.0795436
2250557,5.076985
18332319,6.167625
17908408,4.9336987
5855595,4.1659555
300976,4.1728578
16274753,4.269335
11459958,5.4392004
19981889,5.0365987
4595569,4.604861
8473480,5.0497007
15494796,4.584308
14109365,4.183422
11713899,3.094395
2047469,5.6812057
10164539,4.1867585
14247824,4.471276
11040622,4.806688
13768816,5.1671658
15798241,5.6094103
11016886,5.6184626
18493434,6.2812443
483414,3.3472219
16039516,4.145723
1126492,4.1755514
12885815,5.3225765
870246,5.6417193
9342478,5.347517
15591266,4.756296
18476523,4.460089
11754314,5.434486
18447785,4.4148297
6675896,4.540574
9351013,5.147868
1090564,4.9123197
10945407,4.756483
7618587,5.262098
4728060,4.258232
2866418,4.413712
6326133,4.6721206
13247489,5.2968097
14590533,6.140182
6028539,3.6895132
15437411,5.9844847
10050847,5.2794795
8825297,4.3686852
5577516,4.525901
8010033,4.0649166
17622447,3.6408226
2998969,5.717619
15847001,4.75728
16365378,4.2116036
11874600,4.7542076
17257347,6.003741
4940859,4.1682963
9066788,5.412961
12093734,4.901858
18636898,4.8119583
18205794,4.401994
18471439,3.99193
14080841,5.095635
13861816,3.9319575
14033731,5.1019464
79067,5.364383
11677993,5.651112
3351453,4.279266
1328192,4.762669
9216687,5.078165
6748032,3.9604354
3192030,3.674944
14224977,5.303741
12496332,4.0768223
15740766,5.5078025
252865,5.127778
17558516,4.6054087
3958976,4.0383844
13687717,4.701442
10882066,5.891157
3969367,4.9285007
11612050,4.0674567
8291897,4.255049
4652938,4.643866
17458415,5.0652957
10460314,4.007152
16188517,4.5708184
16814417,5.1239214
10524332,5.519108
18342490,5.3086104
7055184,5.215402
17810445,5.036587
3176619,5.755333
5631088,4.599469
391955,4.8745494
10205012,6.2663937
3835334,4.935764
13217991,4.0143523
20210030,4.081919
13998138,5.376839
7395202,4.587144
4700433,5.020029
13916599,5.245699
18671866,5.3491015
140167,5.253207
12965288,4.9000163
2867542,5.371059
11715358,5.032087
5405138,4.9896936
4718773,4.220397
20438896,4.715839
14167708,4.475958
5927418,5.061614
6758612,4.1896644
14256305,5.246523
671510,5.4708085
11827542,4.237851
21006477,4.9617033
13727995,5.3379655
10195613,4.0926003
13372035,4.3510523
10251790,4.632769
19569016,5.215773
13821806,5.5925784
16635538,5.3420024
17736019,5.0123105
2154122,4.3410115
3953537,5.001984
958507,5.2023625
7675917,5.012159
19855805,3.9663754
13641437,4.392168
980098,5.2018805
5560698,4.2696185
10524365,5.7010612
18124838,5.031246
18774020,5.0753093
10961847,4.2744174
1782340,4.9910183
12495831,5.414216
9506861,4.323569
9691546,4.7223253
9823636,3.910078
3865141,5.755218
20555684,4.250604
14668906,4.336816
12495553,4.6890583
15494283,4.908818
6366378,4.328427
21188020,5.657993
19914233,5.1855407
5266717,4.289552
7709304,5.0447445
15836744,4.257145
15086143,4.804383
20761753,4.728513
15990686,4.5950255
10021464,4.1543994
16679342,5.4513435
13667739,4.933286
20932415,5.089502
13156881,4.3381824
3279987,4.621307
20156382,4.5997953
3361279,3.990816
20798161,5.0647197
13961253,5.253859
9714250,5.650532
12423497,5.484745
9494084,5.167197
11874212,4.9457197
5495646,5.3934054
4847648,4.4591813
16102308,4.739291
12852960,4.3303294
9757875,5.657886
13883393,4.6980796
3048606,3.7527757
2673792,4.0635486
9197804,4.142081
10478114,4.087988
1296589,5.1230645
7022756,5.5235453
20206239,5.2617583
6194377,3.8277044
16178357,4.792443
5768819,4.96953
16054744,4.2779746
16087249,5.1035733
20814139,5.5800505
19621012,4.228895
16830544,4.382516
18721078,4.7898583
11460916,4.63718
12866552,5.1837645
14387027,4.766143
6400482,4.783886
7060166,4.4951234
19291785,4.1095514
2748128,4.5257063
11926732,4.2327633
10272797,4.6237955
8672054,4.290234
18353380,5.5988135
17761020,4.9185705
4968197,5.357409
9845618,4.9188447
7845074,6.3301387
4623696,4.352475
12870849,5.8425784
303851,4.7411747
19200196,5.7626324
15908840,5.140338
6032335,4.069587
3718513,5.3420763
16485299,4.4972525
4713319,3.9989207
16081760,4.240925
13080317,4.771516
7583731,5.4889746
756777,4.513053
5275949,4.117666
87595,5.879093
15420122,5.04521
15973697,4.9522185
15498455,4.5951853
9612265,6.196759
14386700,4.883436
7514135,5.1528273
8444229,3.9979706
15820575,4.799828
10807060,5.212561
16660847,4.852127
17696202,3.9489746
13081225,5.6995926
15377740,5.3054457
15616135,4.286292
15380100,5.287658
11927345,6.0555153
16300328,5.2292333
6461833,4.083154
11530837,4.889453
10127745,4.873201
18421622,4.3044205
16983708,4.439377
15674013,4.2675004
18411433,4.0306664
15100599,4.5974207
19119469,5.9572363
19696922,4.663978
1129432,4.9294043
15464146,4.1632857
7772486,4.7342153
727547,4.060668
11374380,5.238109
14945624,4.7752757
17590260,5.0311546
8649538,4.0451574
11973518,5.0534544
12041445,4.8609247
17492303,4.0775495
7342359,4.9916043
16148756,4.103086
3489481,4.9991226
20165798,4.732634
19423386,4.2924366
892183,4.432877
4125832,4.1728883
12742621,5.0243907
11379244,3.9016714
21213790,4.750249
11305103,4.6297083
1914787,4.871507
18956855,4.1207113
3294174,5.098197
1948379,4.929254
15968872,4.5178475
15704180,4.9219885
19887,6.145313
16632785,4.32378
16688753,5.3026133
16232278,5.7555833
7859095,4.713009
13225003,4.508695
17796507,5.3428707
15791823,6.111524
20352865,4.2261887
5125396,5.190922
16741245,6.579244
3372859,4.0451255
6209084,5.3373384
20267865,5.2419705
15925916,5.187883
15868472,5.303956
4251101,5.20358
16769114,4.639857
6901228,5.418475
5602320,6.1666775
13346767,5.45928
14115706,4.9616103
5668372,4.141843
18342086,5.0852633
4531035,5.0474515
18484597,5.0932913
8284881,5.137984
11280583,5.2467427
17778147,5.3895764
14666899,3.992712
3334906,4.864521
17911903,5.4842186
1914540,3.7052152
11604488,4.7925205
11656716,4.381158
16770224,4.8975377
12071820,4.3143187
14375343,4.746998
2818169,4.363942
579716,4.954647
13433642,4.1926417
13879181,4.132025
9261548,4.6764097
2558071,4.7386937
16937049,4.9355397
2164631,4.6888423
16749235,4.8706803
8224214,4.2444353
7403319,3.9243426
11785,4.4801583
21014487,5.1376595
17305040,4.1595573
16054360,4.563208
20387832,4.0748425
11418967,5.0909257
9979094,4.300108
16602694,5.668265
20954165,5.0557227
12699603,5.944857
1751298,4.338297
3599882,4.9898067
13577027,4.850177
11262063,5.2546425
19489633,5.2641525
7813901,5.379722
18585120,4.6749144
11373490,5.23547
15744290,4.4516697
20758985,4.821073
4788133,4.266286
6014002,4.1289463
15665485,4.6877303
9369716,4.272447
10516381,4.2202954
13020433,4.864923
3089828,4.863305
18124990,5.255577
18767331,4.269027
14108671,4.786684
7857558,5.0792017
14576203,4.909664
545949,4.0215864
6524543,4.0492344
4765070,4.596994
13205376,5.267665
10040780,4.452974
9988434,6.660153
15955004,5.042486
15329980,5.1608963
6777949,5.4711947
5066364,5.104216
7335879,5.03069
6325852,4.1230335
3810218,4.7109756
12853799,4.222048
7454450,4.624095
4033422,5.8258066
11700750,4.7602563
6820713,4.174685
14181565,4.0357485
19102654,4.9241614
5173185,4.7751384
18330777,4.627749
17704293,4.847964
17992541,4.625512
16318720,5.658998
6686393,5.708738
1099774,4.8912253
11117800,5.124147
12073099,4.142005
19890767,4.9117174
8195086,4.8760943
17027375,4.577708
14149669,3.9110115
21176767,4.0933337
12836932,4.9109488
2032214,4.4309874
12973308,4.6920714
14344285,5.766572
15296800,5.254023
13624030,5.3335776
145994,4.378802
3877951,4.597991
11145251,5.1851707
15006184,4.2870283
14254092,5.246632
27006,5.054449
14376622,5.6953826
6065778,4.5547495
15313321,5.1921935
19453758,4.9074802
10636648,4.655599
5505592,5.4849343
13424996,4.193385
6268515,5.098158
16790728,4.282977
20024499,3.648681
16753343,5.0505166
18473958,4.424322
14445529,5.668163
18289327,5.26676
20942352,4.495227
13216953,5.1351256
308241,4.7522745
8859689,3.8735802
1404326,4.323727
4243837,4.634984
4121114,4.201942
9124975,5.1596203
4223238,4.624988
18005525,4.9797215
13062975,4.300943
3302463,4.569865
5834648,4.028183
1074155,4.2766848
8195090,5.0407186
4839357,4.3575697
12085141,4.7159452
9403935,4.9612327
16350714,4.35501
13592944,4.833367
9269191,5.0077643
1479084,4.0354223
5075267,5.7921286
3938279,5.362407
12571731,5.2586803
1360791,4.796585
15530531,5.2452307
12106348,5.303026
13217036,5.4063954
19570262,5.2649727
10906704,5.3834004
8557304,4.9073133
15070507,4.6422915
20743703,5.3184943
8799529,4.131354
3103038,4.304499
12087296,5.035563
15832676,4.5533714
13800671,4.07846
8651941,4.8944087
7601779,4.470542
2332199,3.7344065
3029597,4.0442886
13551245,4.064322
14119078,4.0765357
19176790,4.6818295
12600622,6.056654
8187719,4.6951733
18915576,4.6581016
17108129,4.3100963
10945649,4.8869987
3993388,4.6202044
18377570,6.046904
19055241,4.496053
18550398,4.9434934
6377520,4.7007775
20572019,5.5922136
20911697,4.428824
16840836,4.1933055
10113316,5.8428745
6262645,4.1037455
12833506,4.14684
3767098,5.0725293
1977530,4.7277246
12487255,5.239548
9091805,4.593039
16015940,4.594355
8686040,5.7394104
2723554,5.4352274
16098269,5.092313
9300677,4.708791
1530745,5.2370343
8472888,4.75258
14579123,4.0127587
11435331,4.7792416
2530757,4.8150086
15343674,5.92868
16014394,5.7688518
20362620,4.3919663
17500331,4.3109975
8410796,4.840812
14125183,3.8924723
7116786,4.8456383
14040467,3.8436074
1016105,4.976711
13362329,4.052072
3131756,5.351678
15579505,5.7168317
234241,4.9556074
2314930,4.8253856
11083352,3.8261905
17929422,4.796253
6990,4.3066397
16101296,5.0985365
10811560,3.995328
3506399,5.83843
17533420,5.0519
3721904,4.781862
13650422,5.2278395
19699023,4.708753
7718819,4.693717
11448048,5.5455904
11167618,4.210903
7762201,4.103128
14223568,5.5585017
856286,4.166768
17721775,5.2614913
16693328,5.8315916
15585584,4.3197036
7083273,4.36063
15285110,4.3429966
16944820,5.050846
4352537,4.897526
14669627,5.042835
15038186,4.3129797
14854617,4.4824514
8325544,4.1286917
13307480,4.7146764
13590061,5.177124
16839473,4.4105134
6485535,3.706739
17543654,3.9185884
15250767,4.7336698
15022766,4.131062
4159623,6.3825417
10569636,5.114658
680288,5.293192
16202422,4.640558
16200038,4.726708
12945400,5.0554647
15972873,4.2770634
4454120,5.388904
12543988,4.7979236
18265842,4.7065144
13491912,5.237073
15028336,4.790593
8918966,5.0456567
20119649,4.6507673
8925974,4.8742843
17408114,4.259986
16783144,3.800945
14057198,4.873559
3154241,4.241556
5567126,3.8785648
18042771,4.6602435
16794481,5.911615
11918849,4.5011544
12981941,5.4934144
15209750,4.965248
4642539,4.9741225
7549488,5.75663
11973659,4.14439
7022598,4.5961103
4700082,5.433933
9363417,5.5122643
13978865,4.3743734
1647093,4.792945
19490499,5.0545454
11924774,5.302754
15898592,5.21689
20425192,4.162361
17239330,5.057374
8518280,4.304468
6006328,4.486016
16555755,5.4087667
10185960,4.579887
8325366,4.6742163
4503332,6.0381527
20493376,4.5759525
9560057,4.474557
13496176,4.955616
17942214,4.289106
18189131,4.624474
10755963,4.8341384
20491832,4.84111
8450309,4.5527573
1049126,4.5536447
7513210,3.777038
11144797,4.070812
16749331,4.5822644
10973780,5.2807655
17958414,4.588801
11819865,4.688895
2041143,4.373163
20002306,5.972484
10731035,4.181227
708802,4.2451143
13398340,5.269841
5487435,5.5500994
15785109,5.331858
9972284,4.318837
20991455,5.6635637
13760233,4.4893765
4291607,4.281373
4967157,4.693681
1956075,4.087099
11590421,5.2411494
19767372,5.2577496
14954775,5.806356
1245624,6.344063
10297856,4.403971
18551085,4.1998267
1796722,5.0393057
692605,4.602932
9594997,4.3320875
12025211,4.2164154
3645829,5.2782493
2672694,5.5139956
8507012,4.587399
13079462,5.4567313
11306396,4.858055
9925349,3.9995017
15236777,4.4501224
11319588,3.992589
4199015,4.867905
18395089,5.84458
17905479,5.575357
9645421,5.854523
14319833,5.3563976
10544363,6.447632
16882644,6.145786
13274952,5.92864
16812019,4.531853
2815482,3.732393
14454924,4.651581
17031009,4.8812003
12751856,5.342194
12041595,4.6389937
641817,5.03954
18456430,5.243812
8442243,5.6500897
15420883,5.8501573
12323062,4.6834564
16450421,4.9642863
15657290,5.485259
17583732,4.8754525
4278990,4.697522
18270108,4.457605
5371463,4.6565437
2830518,4.965371
11982313,4.830688
8071607,4.647386
20529328,4.387102
14698527,4.231576
15034825,4.1532507
4630071,4.6039734
19111261,5.5059752
13655933,5.1033707
16429240,4.997447
17589714,4.63592
16377285,3.9484825
9137593,4.6113896
16030685,5.242181
18485633,5.206799
18338709,4.8338366
8323975,4.74196
4822324,4.574224
15641937,4.4490123
6230733,4.0978127
6156781,5.337953
13077148,6.221883
9683720,5.144172
14086193,4.1570377
14474109,4.119304
1146534,4.269383
15373088,4.9009647
263814,3.8634
12949812,6.355645
17213469,4.526324
17759501,4.21886
10123024,6.1102357
15057163,4.277935
13511137,4.703563
7181655,4.531114
18639124,4.25804
8088827,5.0404415
14108578,5.761944
580131,6.054469
17046815,4.7020082
15936167,5.055075
15871357,5.241895
3218105,4.853648
13900417,5.361371
8897418,5.2459884
3559005,4.574801
3114026,4.443474
13603327,4.8269176
11825152,4.40415
9304836,4.7457285
14275105,4.510845
789295,4.936583
11773492,5.228002
6885705,4.5584908
401044,3.9400575
5418312,4.2196937
7883146,3.5338814
3062952,4.974612
716780,4.5825834
3140241,5.2600026
7534005,4.9482884
6290301,4.9801626
14808279,4.2784963
16619736,5.3397875
266490,4.434571
1098863,4.625604
16824881,4.4729304
15616532,5.089704
13733931,6.904928
18387179,5.6474915
14407193,4.595197
7202368,3.8337016
16814381,5.4041615
13549391,4.6555114
10880832,5.224234
16133477,4.1700196
1841308,5.0031815
8614318,6.015102
18270335,5.1636586
9489570,4.71938
18718303,4.5013013
11279590,5.415343
16012123,4.1044745
13669049,3.832135
648048,3.8534567
465723,4.0814137
5952748,3.947034
16325813,4.502033
13935360,3.948022
6599302,4.2635627
1836381,4.929836
12790727,6.39812
20248640,4.681518
11638339,4.8666024
9173711,4.9724936
7347913,4.284453
1987627,4.520034
16406118,4.873314
13893432,4.528476
815571,4.798335
10023965,4.061248
7401876,6.208187
4718152,5.9085183
1806368,4.951577
6519873,5.547691
14216418,4.0814533
3198018,5.446288
601049,4.099411
9156816,4.126015
6627254,4.2882223
17339688,4.3061905
585362,5.8745255
9080622,4.216533
20091759,3.8562667
17573804,4.6195145
12282255,4.625537
21120635,4.388042
1423112,5.078555
7053561,4.1232996
3811578,4.5862603
14168559,5.114007
4464620,4.3669915
3499459,5.127022
10833987,6.3018293
10948389,5.0802164
8882767,4.2381263
16149325,4.1895924
7709799,3.8005114
19532448,4.625445
6452138,4.1624494
1264179,3.8364894
9785847,4.2967296
16633969,4.075547
17858464,5.2481728
11710680,5.18444
12502633,4.2372355
16554438,4.559546
14706784,4.1575503
15899432,4.4784765
17496074,3.6114545
7113260,4.2337985
9344858,4.3652954
11324355,4.191096
14219085,4.837911
18999751,4.7212033
16273791,4.0151014
16577123,5.4345255
13588840,4.324138
18023744,4.9361744
16309538,4.077293
13972861,3.7235503
199693,4.8921976
5295029,5.3517895
716169,4.282426
18703571,4.589431
15816784,4.1880827
8524493,4.916029
13314752,3.9574888
4271119,4.219885
1194408,5.1553955
10038447,4.380752
15917348,5.104665
836720,4.495727
19018579,5.238682
20817805,4.78457
16425968,6.00341
493177,4.1478868
1722101,5.7550745
3626238,5.0251603
2160504,4.9757276
16823923,4.1215005
3057844,5.014368
11638520,5.187397
16336759,5.6134243
17515547,4.27585
10684258,4.219759
975833,5.652854
952779,4.3561654
9007249,4.946499
20618671,4.1023197
13728328,4.5042963
551865,4.006452
11084436,5.2848372
20073965,4.2095757
10381729,4.488771
249867,3.7654972
16467328,3.983072
15364015,5.0295835
20979336,6.06252
18942119,5.0737486
4738464,4.2224417
6915363,5.1046777
19680116,5.039015
7852570,4.6536922
16351037,4.984141
1322804,4.3885703
13847591,4.1693134
5632253,4.084228
18346606,5.416414
4408381,4.370549
10036386,4.1043873
16071397,4.2804003
10906832,4.851646
14165982,4.5209384
6760090,5.7102804
10684184,4.8661633
13622723,5.830532
12230921,3.791725
4756551,4.8199954
15300257,4.3181877
13031100,5.403918
4778002,5.974117
17109623,4.8868194
6974801,5.4670734
16613747,4.495372
14143244,4.6560802
16378280,4.1452684
12987735,4.7140555
2967294,4.5008645
10337983,4.6690865
5666454,4.561084
12233758,4.7510576
20090215,4.834044
9728168,3.891741
5537922,4.609429
18160503,4.9082885
415547,3.9883103
12448364,5.7187095
14707551,5.388079
9509831,5.2499833
14074884,5.5341034
14239336,4.8842525
12247085,5.404616
732397,4.6642866
10520894,4.1760554
11046598,4.867789
5904098,4.974701
6758835,4.8933554
10568208,4.1729927
7401859,4.223445
20210682,3.9459722
18430809,4.6309123
3924325,4.8146415
15507292,4.919935
2811937,4.6596417
1509069,5.0146103
2482480,5.9328284
9566218,3.8610485
15813659,4.993452
16813826,4.7269683
8429486,4.4477477
1046443,4.7176228
15455360,4.1580176
17576520,4.057093
16431249,4.23773
32802,5.5817842
9737171,5.0470457
6170127,4.6908407
8690956,3.5141091
11017742,4.2534337
17700931,4.7120414
16961205,4.0408115
17439187,4.147293
7420757,4.7030363
1311399,4.4063907
16518066,4.678479
11239271,3.87715
13689670,5.065566
17610059,4.5511985
13969486,5.3774233
1755158,4.0925264
4791600,4.274554
9057393,5.977269
7368683,4.8716855
8634362,5.3033695
19295093,4.8931546
1360932,4.0292635
312387,5.1621904
15986526,5.024721
6049863,5.0197215
15854548,4.1139784
12222625,5.681585
11376730,4.2943263
13856304,4.9428253
14558032,4.94635
7149890,5.32072
15327600,3.6823485
5303100,4.6837935
6309766,5.293879
14802709,5.225458
20816297,4.2565937
16588039,4.0074067
16284144,5.0075927
9921210,4.075297
20992059,5.140679
17152580,4.1824903
7329781,4.5787554
6993613,4.4801826
15423779,5.2172337
781397,4.3238926
3849226,5.207512
10123617,5.3208804
19040,5.5403013
17543831,4.7559505
16137677,4.5545173
9773223,5.0297194
1749563,4.8890452
18504196,5.886969
13141460,3.9419582
15115983,4.187103
10403348,4.635857
17254998,4.3130918
7052402,6.223334
2277754,5.879609
755565,5.6428747
6001901,5.3562613
19220229,5.480339
15309932,4.759053
7440670,4.099828
20863546,4.7720537
9920792,4.390997
21009685,4.110525
5232121,4.470285
17491711,5.2360597
14110352,4.988873
13412997,4.0834417
54325,5.1615715
14430474,4.981956
7052957,4.054763
3816424,5.1852894
9341748,4.2448826
11255694,6.261614
13397201,4.1069655
9772167,4.9963694
9182198,4.3165755
6678707,5.5293713
18150524,4.4511433
909063,4.372473
8398955,4.683903
15860690,5.166958
20540044,5.3104777
13194651,5.5115476
2838091,4.881638
9238507,4.986097
17041478,4.5300198
13675000,5.3913813
11822406,4.7172155
15817291,5.3117175
2608391,4.844165
11987299,4.756195
7679315,4.7023077
6645634,4.644647
12986892,5.312695
6672257,5.7894325
9645073,4.771456
1488584,4.8413544
15112932,3.9159985
17283514,4.2422457
7162674,3.8275163
19181900,4.116654
13279026,5.379529
5103548,5.280616
18237943,4.822171
17235103,4.6704497
8925296,5.0462537
1850140,4.0559306
923725,5.873057
8367125,4.467182
9943111,4.2054806
12437037,4.5724
19801110,4.587512
11625612,3.1542861
16165998,4.588977
2729395,4.524486
17045357,5.109764
13331143,4.0776715
13982422,4.9051204
6030899,5.610913
12412030,4.762487
3293395,5.7998166
19602390,4.9386683
11138823,4.6316495
15471122,5.059444
6912150,5.134526
21173579,5.0106077
16615968,5.338157
14879273,4.2977886
19050687,4.572683
14312770,5.3133183
13392288,5.157794
767286,4.5968785
5734753,6.2430625
20556481,4.803251
3971065,6.071809
13764747,4.9371676
4364789,5.329406
17572161,4.4503956
9183686,5.6611648
2220415,5.362165
13162066,4.0728397
6560394,7.322732
10407841,4.211355
20014995,5.43529
3543840,4.213689
14453053,5.765529
18655581,4.3727546
13083322,5.9300213
3584737,5.367811
6700860,4.627902
8798227,5.1665635
16576444,4.6341043
12422935,5.2800226
1993655,4.3594537
4881590,4.107253
9241217,4.723574
12444762,5.4493194
14915099,5.505767
8792756,4.2407155
9899499,4.7501826
9304950,6.735708
10807858,5.1354523
14028494,4.3978453
5738011,4.5414295
63693,4.8239827
19219071,5.0693946
14826702,4.2045236
8308182,5.23889
14165555,4.7607927
541725,4.224644
14835632,5.2836013
17910781,4.5684037
11084205,3.4581146
13654166,4.1520166
14406923,5.7697535
11588250,5.9027014
17704747,4.608383
4317357,5.0523667
1743379,4.2893653
6594861,5.1988993
18198400,4.064874
8167938,6.854348
17881936,4.123802
6240341,5.5640993
10357606,4.5683136
18519745,4.883773
676257,4.2903
281521,4.200827
980444,6.1776223
4848799,4.1877017
5305619,4.1765428
19940925,4.2035403
16601518,4.6045895
16572200,3.4138646
12537940,4.3418565
12094730,4.6822844
13779338,4.4202266
6972046,4.4858427
13128841,4.1823707
7955336,4.9258432
16838403,4.3015614
699594,4.1923046
7065748,4.121982
16478212,4.8417015
12488042,4.89313
5534192,4.420398
18052924,4.252796
4261214,4.652794
14969728,4.3413043
13526488,5.471207
12827728,4.5486126
13316433,5.1339116
726620,5.667786
13167467,4.6633644
14820482,3.9483857
10783912,5.318042
13000020,4.694657
15262831,3.7972522
11868383,5.1890216
6660518,4.272478
3070876,4.367457
17479321,4.279041
8669988,5.844533
16427668,4.5139375
17004838,5.0546803
18110395,5.0549316
326357,5.1354866
3363423,3.9151957
2931859,5.99583
12684163,5.7297397
13761202,4.3268027
15923245,4.479187
15675422,4.331601
19928741,5.3217287
8826129,4.316375
15433453,5.062472
4163294,4.1406856
18097149,5.9319386
10547752,4.963819
222601,4.974624
7765071,5.463952
14892123,4.8680058
13940247,5.402318
4574921,5.649087
6620911,4.156239
12089006,4.789542
20904517,4.9720774
6363926,4.784435
13209865,4.5810122
14994292,5.652274
5680378,4.605082
14108420,3.9131799
15436304,6.2659283
15888227,3.7208443
11605415,4.7098694
5874615,5.0068946
12665563,4.588695
15397612,5.0592155
15052385,5.8664045
239410,5.517325
19280895,5.519803
17603059,4.6207085
10108537,4.155891
6950074,4.7914724
9174208,6.060234
12431352,3.9013836
13263987,3.7276726
10203622,5.235558
9175286,4.7156363
794213,5.0828214
16416002,4.0391283
17967882,5.4881845
8483614,5.0769258
20757412,3.970751
9715973,4.7800107
5526245,5.076136
5942800,5.6312
13439061,4.920452
13188022,4.263939
2452967,4.7849884
21794,4.400891
780006,4.177467
9857034,4.926683
4665541,5.08465
12657893,5.3630867
3499016,4.643814
11257329,4.3274775
1534212,4.258863
18307315,5.57745
14451659,4.6125402
14655794,4.646396
14883614,4.7264695
18889516,4.4810357
10680564,4.2481756
1026592,5.179415
8370658,5.052221
3479294,4.3612795
1593645,4.647446
4958693,4.2904654
12057323,4.519651
17478124,4.074067
9392104,6.0501213
11495236,4.018888
19624896,4.6387796
277883,4.9408393
16173452,4.7711167
17606167,3.8402202
4082561,5.1419983
17095296,5.0232863
9652949,4.618973
18134783,4.522754
11257497,5.004854
15546831,4.9725637
13388285,4.546861
16963578,3.9657066
4963237,4.239454
7350085,5.763294
16415014,4.2675157
18493015,4.2197433
13816365,4.5696497
19980998,4.0472193
13814268,3.940613
10038581,5.2971115
9487892,4.392155
16300909,5.4729424
7680552,4.7903075
1747531,4.421128
10043064,4.7978396
20153395,4.6325703
4237949,4.8186836
646325,4.0501156
10930986,4.14529
16916926,4.964567
20410237,4.8140163
4624521,5.3075056
18549532,5.8733187
17134567,4.8478155
13379881,4.2416396
7698407,5.663418
11923264,4.9714804
8818606,4.153388
4808505,4.2271867
12136198,5.251571
5105227,6.1163344
18003190,4.4635973
16916107,4.137061
6044612,6.557898
19913546,5.1316986
15372528,4.179217
13924365,4.0499535
10805884,4.777541
164575,3.9761548
885473,5.1993203
7563764,5.2614465
266964,4.7304344
4917519,4.1020875
14608900,6.38326
15536111,4.3204627
4686821,4.240412
3594903,4.6229873
13896639,4.148438
18664404,4.317331
5050664,5.0107436
6046209,5.050887
16082711,3.8911428
6437918,3.710564
8292724,4.819855
9525911,3.9199939
11436264,4.3464227
12803718,5.1514544
19872977,5.0952926
6199732,5.05419
16688361,5.2927732
18457031,4.5698733
16345911,4.689203
9258899,3.4702535
5551048,5.0221624
6837775,4.611935
9491760,5.22209
16814803,4.097625
2253949,5.006736
15325682,4.2672124
4129992,4.9699845
13883334,4.6963105
12403252,4.6042666
19143529,4.0038667
19568312,4.1119795
6628193,4.6084046
16736166,4.589507
20817323,3.977432
1617264,4.428752
493611,5.7417364
16620516,5.111237
3703037,4.330182
14236884,4.514248
5684688,4.263132
12344231,4.9864273
12970891,4.543706
6914608,4.9239287
15572532,5.162085
18492515,5.1619973
17039086,4.5898256
13466700,5.0802474
17811293,4.7323384
14799502,4.793384
6558552,4.8182693
15149374,4.352598
16582351,4.7735286
17719704,5.2394094
11532531,4.3256927
14240385,5.1379766
6761345,4.5573225
12247741,5.521301
11005957,5.2074304
339123,5.628833
6965019,5.0530944
16778074,4.4843745
4718314,4.5380225
59381,4.2540708
1535590,3.8937285
16350076,5.169271
17242195,6.4037356
11296570,4.01056
20270705,4.581798
10829760,6.4417143
1358588,4.350461
19171670,6.186873
8117209,4.712304
5905310,4.39496
9698762,4.2082176
6374350,5.096455
10411803,4.238828
20501444,4.187575
5057918,4.1988883
8411293,3.8624523
14507000,4.279534
6910305,4.4658003
18049811,4.593915
13172753,4.3414335
7328956,5.5163813
17078640,6.1734347
20847446,4.705253
973319,4.1829295
1936730,6.5028706
17514599,4.5450416
18296551,5.108631
8632682,4.4983664
17965243,4.1681395
13774014,4.0978584
14198342,4.6331105
4517117,5.3748875
453109,3.935797
7361434,4.2163215
8354654,5.17935
16725685,4.985421
12336668,5.544491
16289576,3.9559326
8369941,5.4137025
11221210,6.2887497
11732322,4.3452935
1525494,6.2877502
2634085,4.8954577
6401639,4.7270446
14402393,6.3090744
11601819,4.993789
9370370,4.355634
12670055,5.6742845
13654824,4.002153
11421477,5.1001544
1732804,4.011026
4867042,4.9312615
7678453,4.333104
8564421,5.985597
10365342,4.892048
18376245,4.8682404
13621762,5.5913424
13748272,5.4198203
15339227,4.4459753
17573036,4.646847
3999130,4.903335
9458150,5.036533
7109804,6.029288
11281913,4.798912
9630053,4.927346
20495252,4.577064
10703724,4.1218233
4643192,5.207604
15147128,4.0604267
21151399,4.1768603
20176000,5.1412683
13706563,4.3452177
14708737,5.3821554
11259062,4.4761295
15765087,5.0432844
801260,4.958082
9814508,5.3432527
15167375,4.914517
9593699,5.132081
7817843,5.298586
4291200,4.0814266
9821513,4.9983563
12404998,3.7572877
13885045,4.769533
16276399,4.343253
4774190,5.473514
1177395,4.0184937
3594588,4.1953716
13979519,4.757443
13867878,4.4297957
15550886,3.7428584
15865251,4.120954
8872571,5.6157274
8089329,5.5600038
16518099,4.3581853
15581030,4.38042
669955,4.576522
744096,4.5454926
10356764,4.0271764
16615650,4.339233
15394184,5.3773527
19699256,4.2950206
10158286,4.1563716
1013648,4.3919916
13282553,4.6562634
7071934,5.165841
15282411,4.715489
10730279,5.0307
14068882,4.9706445
11165109,4.6176977
14590480,4.229365
16178751,4.70263
5386565,4.8016253
19785687,4.037391
15988225,4.8420773
15275639,4.659482
1201479,4.205894
16961210,4.4903464
6437262,4.731529
15236748,5.178099
6651156,4.014216
8031823,5.111483
15044173,4.624498
8187354,5.013217
15220582,5.104258
18041519,4.5077596
10427581,5.070989
17332070,4.496662
5519207,5.592336
9233068,4.0152445
1072765,5.0526533
7964931,4.9176292
17281592,4.8993382
1391819,5.907304
12322923,4.138493
796232,4.426141
20269586,4.1775093
1106555,4.2996283
12836808,5.111756
16049215,5.063901
13585495,4.9397554
27659,4.776932
7062446,4.548769
1507840,4.84598
4224505,4.8005495
17649499,4.98549
12272849,4.1871576
13899611,4.3179226
10944046,4.6583815
16084355,5.5559435
17492764,4.859481
17137781,4.899603
9504684,4.4228005
16580343,4.689469
5423597,5.642698
7524042,4.49595
810830,4.297986
257588,4.394023
17779833,3.8211777
580943,4.103827
12209186,4.173005
17340683,5.013769
1970308,5.0946736
8213152,3.7588542
18505106,5.243229
3917007,4.4469132
15322697,5.1233997
4326065,5.1250696
4145874,3.9150681
14183568,4.482659
6758878,4.882934
14181776,4.6933894
5293817,5.25229
6965353,4.707785
431632,4.535994
13504933,4.867043
16394224,5.588742
10041830,3.8919878
18765384,4.4884243
8337362,4.7936053
639111,5.2141633
17833561,4.8479195
10247089,4.7006154
2847596,4.945354
6766511,4.4500628
16346945,5.7116284
9823143,5.931113
20651217,5.8950024
7831486,4.451038
14828451,4.505053
18859411,4.9528008
10769149,5.488391
964167,5.9908714
4631412,5.104051
15466140,4.6144648
16691404,4.7392097
20237047,4.128644
20438506,4.277684
12976716,5.6418324
19292333,5.8163977
17559493,4.6827507
3246480,4.0905766
14610609,4.595761
16437565,4.0335326
6787180,5.7516494
5961202,4.1064196
15654101,4.2794356
16940385,4.763468
13479810,5.167453
8952526,4.297771
9536092,5.9209404
8580918,4.582705
8754339,4.9103703
15463060,4.564318
8902472,5.235403
16814818,4.384284
21174008,5.0199184
7938761,5.4363647
10281233,5.6505117
7710101,4.7380056
4710310,4.285726
1208928,5.278296
20697709,5.0601287
4387007,4.944485
327521,5.2262573
17573004,4.9334974
7665979,4.7571387
15069489,5.443215
2083347,4.404799
6361102,4.442867
16060285,5.453185
15604857,4.6545014
11661652,5.0172815
7735518,4.319056
11760628,5.38101
8605739,4.6296964
14360109,4.146662
16736363,4.393788
9975282,5.044883
6693305,5.3751936
17527694,5.96455
7967982,4.8395095
9738070,5.112678
1472009,4.6276803
10122089,4.559487
3371770,4.4856205
10568730,4.725977
2288762,6.6705403
8830120,5.496159
19677185,5.7897096
18567743,4.6467977
17356049,5.1860847
11760186,5.472878
16554873,4.539237
12972040,5.789606
12186697,4.1200514
13450544,4.762031
18250284,4.2646604
16758308,6.084149
11889977,5.6849713
19141428,3.9174697
11637578,4.3036127
7310097,5.809215
10102510,5.304647
13701719,5.1793556
13713886,5.64749
13223726,5.088293
16616242,4.8064146
16115090,4.67064
6425382,4.6054397
11718955,4.595018
1162640,5.1091228
938821,4.065527
406932,5.3558702
8501323,5.573045
15718623,4.424946
20395737,5.2135477
7711451,6.344698
7391213,5.192137
6201900,5.2549534
12831159,4.471109
17962960,5.228035
12891430,4.215905
5251719,5.2705326
14728306,5.548507
8542461,4.3590107
16362150,4.4127555
12089485,5.124238
4848075,4.7306466
6955434,3.9296064
11032614,4.2567463
16575174,4.94956
15631376,5.263766
8322478,4.823135
12955756,4.79582
13249335,4.1626453
3775090,4.9497786
11413391,4.3074894
14151856,4.277034
11225342,5.189854
4792495,3.8918326
4089954,5.0661006
15734466,4.255173
5969210,4.2762136
2514814,4.5379
1966740,5.3136344
16286570,5.438783
12710030,4.570737
14884687,4.5042725
15433822,5.4099274
17860823,4.2272243
15194854,3.8141866
9510417,6.0121427
15192145,4.9801674
8701226,4.826468
3757461,4.535524
16826074,6.543599
16071415,5.1106935
11989606,4.331838
856123,4.58484
9565942,5.398679
7546927,3.926608
873633,4.438025
7070958,4.7463565
14558311,4.1660213
11778488,4.321241
18942329,5.248101
16781755,4.592081
14075504,4.645183
16382840,5.6629353
18239539,4.0971637
13803815,4.7867494
15657259,4.660144
17450205,4.20194
15042259,5.1333404
12253459,5.21247
20519569,5.0182476
15954428,4.154332
14840861,5.7147884
16233350,3.8067148
7326082,4.242282
19785854,5.0377846
16858996,5.005953
6473307,4.957577
19113235,5.123303
10040930,5.3696694
9548899,5.587627
794281,4.646616
20919218,4.413223
17699790,5.3836603
21017129,4.4454904
13762269,4.5748653
10193343,5.1622005
4668681,5.2341123
17131,4.974021
16288358,5.2823114
2022920,5.412893
9685844,5.503698
16259102,4.9648843
15453414,4.9140644
4866426,4.4676456
16333772,5.401663
9927553,3.8591633
10010845,5.3985033
1787771,4.1705904
6678367,5.421605
2093182,6.717231
11788559,3.831478
8266641,4.176288
8195360,4.246372
4532221,4.3457704
18872495,4.624155
16381453,4.0228496
14083503,4.902038
4903029,6.080955
611542,5.114066
13167991,5.2598553
15935256,5.071003
16043093,5.3167143
566968,3.955972
14028986,4.8981104
13811664,5.3833814
6903051,5.695121
6446853,4.5151734
3206180,5.3837442
21171230,4.8408256
5765547,3.8971684
15020324,4.538535
20896775,4.4600196
1160233,4.1938095
7700393,4.974822
7461502,3.7586954
7652640,4.2970624
9064709,5.1854315
20785776,5.3918076
3101504,4.4870324
1354775,5.42031
13783491,5.455007
4333455,5.2861648
6077948,5.8874984
13114542,4.7292895
7876210,4.699326
16687380,5.241464
17573621,5.337763
4629566,4.2445874
12367873,4.9519653
12567769,4.496651
11970285,4.242589
9724452,4.097483
13696003,4.4569683
7262068,4.6612153
3727061,4.842099
14493950,4.778787
18760070,4.292946
12775020,4.8261414
14726839,6.0848026
9936262,4.496703
16110414,4.159201
11640278,5.0208845
7998525,4.0976553
363673,5.176167
6133578,4.1261034
16742483,6.1303144
13684502,4.3721905
12985509,5.625887
3213813,5.1329775
17583116,5.122056
20573610,4.8631935
15394902,5.669827
7086825,4.837126
19333479,5.1893263
6187183,4.348687
17416959,3.9878469
3978632,5.305688
14749713,5.1146846
5455004,4.7493763
12734234,4.6672397
13251757,4.6384454
9597258,5.198977
4447996,5.9324427
12022098,4.723074
14009735,5.9893684
12109812,4.901794
8052205,4.876956
8910975,5.2988467
16193292,5.15652
18960193,5.234071
16376205,5.772503
15887436,6.0971303
15774629,5.101527
12882914,4.177432
1290935,5.0618014
14203428,5.080815
11616727,4.334439
11339109,4.6978273
11531322,5.2407837
17909014,6.6117215
3916685,3.9181597
17511648,4.1479726
15495164,5.1326203
13559939,5.1993318
4417912,4.173745
16405360,4.7084885
709690,4.7401032
8569922,5.3802342
3980863,5.3461843
14980174,4.948019
7920629,5.051914
15614302,4.204619
12950608,4.7969446
3485073,5.249039
15954187,5.0926514
20584333,5.117143
4322990,4.698657
14319478,4.2002115
18433384,5.658072
6545449,5.1104817
16453576,4.7451744
4950629,3.853279
16768781,4.687173
504437,4.7077622
213330,5.56655
7319641,4.0621066
16164283,4.7479663
512210,4.6152577
13017185,4.187027
276120,4.968156
21172466,5.050341
11475711,4.4789715
13135057,4.8738956
825486,4.1405063
2318200,5.7265177
14375153,6.134293
13463943,4.2004476
19529637,5.300381
13590509,4.2605906
16071883,5.6724324
16738220,4.273309
16199739,4.1150765
8186958,4.32563
20768833,5.7244763
15805709,4.0670123
9473646,5.584023
20285586,5.148085
18047767,4.8130164
20175817,5.6865644
10221874,4.3802953
13896071,4.8638186
11258033,4.2149568
6015706,4.398829
1491991,5.995608
3810839,4.672535
20234321,6.194903
3441949,4.641664
15957963,4.7088223
17824351,4.3646684
7854426,3.9256752
10496900,5.157317
13217577,4.375771
19521520,4.5040584
17173982,4.0867896
17670690,5.3279653
55470,4.6048775
11720071,4.398332
8800628,4.809585
19100435,4.7471204
14397750,4.8480062
15561757,5.041573
11566230,4.0503693
15268284,3.412161
3131982,5.8735056
7387950,4.884747
8504666,4.149597
19963366,5.206456
13043029,4.5611763
11528631,5.2349668
4908452,4.4265227
17420647,4.8840747
5341379,5.438508
2441167,4.344838
12826811,5.326901
18460674,4.951138
16071519,4.162212
13841711,5.4329414
3946239,4.663749
15254173,4.04996
6345940,5.3398013
17477588,4.114048
18650569,5.5268846
6628117,5.1386614
1257183,5.1999454
808830,5.2883835
16963374,4.457074
9382824,5.120971
1677768,5.7783136
12072765,4.2114305
14011434,4.283181
19573782,4.61126
8841646,4.482421
19428065,6.1635222
6462046,4.042438
8213015,3.9180245
9758987,5.357351
17406384,4.6533637
16417616,5.154032
6561509,5.2254715
16416006,4.675421
3523001,4.713566
1688711,4.729985
6077178,3.99719
15584368,4.053279
8662954,4.6692595
7697664,4.7816577
16617893,4.0862355
5383191,5.1749225
16352725,4.773709
9147025,4.895295
13099545,4.611578
5751316,4.388093
17701738,4.912656
17283230,4.852985
12738836,4.827486
2053940,5.0234694
16404444,4.8951926
12630490,4.665083
14997426,4.611003
13878195,3.7893257
16031340,4.7983913
1876810,4.134151
7775924,4.5045733
6466299,5.2142878
397034,4.4442554
6252815,4.451424
10543751,4.68204
18213333,5.8299966
18097060,5.5157285
1454258,4.6702404
4128342,4.1254225
4501410,4.6519456
16839962,4.800967
8593798,5.062541
14406693,5.0335016
7040669,4.0917563
8735325,5.341615
4794475,4.458819
17635861,6.2964582
5307406,5.863127
13092407,5.4014735
6327196,4.896168
13082319,4.331417
2478944,4.110865
8219648,3.8918085
13413210,4.9205976
19623944,3.8940246
7562345,5.046033
9777511,4.189235
8775,4.181854
14406807,5.6269674
11959165,7.1550183
13418681,5.193912
1589073,4.6475596
17165441,4.260235
4842054,4.7720785
926060,5.1430206
16102409,4.868054
10691240,4.667503
17405370,5.0421267
13297711,4.9435344
14268636,5.887841
4601637,5.0508094
16039976,4.3930206
6969570,6.214397
5392759,5.895138
7133323,5.2352023
5535096,4.336818
13066306,4.781877
4874687,3.9120471
19270578,5.386799
5144164,5.713923
17753127,4.415145
980674,4.7156568
3030247,3.9914322
944755,4.4124866
7689528,5.059155
16426176,5.060998
7514235,4.670546
12956823,5.298628
20321862,4.4965615
15546103,5.137761
303694,5.8191323
7288168,5.461375
7804958,4.72119
3971534,5.0239577
6884254,5.052657
20710255,5.032232
2586484,4.4719605
4125398,4.501599
20650014,4.350838
7939866,6.1685634
12832227,4.2529645
6787310,6.196019
10164810,4.6764417
19547068,3.7823527
12680171,5.824351
3903173,4.0414424
3398697,4.9626646
12336386,5.918436
8174115,3.882013
7038985,4.873201
13997385,5.33748
258814,5.2485647
8520668,3.7209282
6866356,4.9538383
3674757,5.1463203
5179785,4.163381
2516036,4.7235866
7659042,5.554932
4862347,4.259034
13308629,5.6330094
18221864,4.0907693
11059932,4.8803596
5783197,4.6408057
9077858,5.2117786
11010086,5.789479
18377036,4.3585143
15422844,4.420495
9315797,3.8261702
1110195,4.065941
946034,4.420696
6186079,3.9460783
7720975,4.7494793
8034317,5.116363
19246021,5.339606
16073408,4.18116
15407094,4.4266777
4088506,5.508795
5843,4.925218
16527719,6.468132
5202135,5.7760634
17921473,5.0845637
18878402,4.539725
7327096,4.9189444
6645543,4.1890616
15830500,5.2133904
9241956,4.07028
11769396,3.9334817
7323097,5.877075
17514778,5.1955166
6655683,4.471584
2816626,4.367234
20174316,5.717339
2594434,4.4233155
17332774,5.0285726
16084384,5.042466
6796530,4.7751417
17191621,5.1647954
4482409,4.6745577
8943358,3.962427
3012149,5.0788636
564649,3.8430178
10566503,4.1423454
821996,5.6228094
17903287,5.075796
18449296,4.224773
239883,4.155167
14801247,4.9506207
18112402,4.76483
14848976,5.444678
17300178,4.4579043
14189988,3.8057857
3868052,5.2761893
12850186,5.180333
9561708,4.7416754
12204677,4.8177843
6986600,4.8829455
754117,3.999864
8598730,5.9588947
6089016,4.3574953
4309643,6.464781
1305602,4.6059604
9813715,4.0350246
17943194,5.3501945
673760,5.2639194
14678835,4.1160083
11761315,4.722538
16314419,4.5846295
15972862,4.255585
12593225,4.8245745
2618997,4.9226847
14554716,4.526704
9670767,5.115823
19929006,3.9055636
20302991,5.5267715
14223837,5.7167344
10542347,3.9580002
18689588,4.551775
9976550,4.428994
1313340,3.9576092
3898625,5.821826
13171740,4.7947726
13960026,4.3449364
7637980,4.1356807
16178501,5.3003936
10874971,4.1869135
13623770,4.1522584
16515900,5.5343094
5750696,5.1826024
7760015,5.465961
18266400,5.6296515
14297269,4.8238997
3375448,5.0617723
416108,4.3036556
20743305,5.2463083
17721658,4.214897
19624742,4.661225
12806777,4.9457083
20379828,4.7242374
15357515,4.6833196
16776935,5.081131
19173476,4.8113356
14964080,5.000524
6004659,4.9093046
14487218,4.884574
7362102,4.455938
5856838,4.7488246
4405156,5.8828444
2071140,4.728323
17778004,5.0873685
2747058,5.4814363
17048815,5.0804014
3485758,5.3063607
16275903,4.7956815
15638567,5.102966
10925179,4.65045
13894648,5.8964
8797770,4.1843696
17876926,5.905482
8016138,5.778411
17971100,5.1219587
2337333,4.6869864
9272493,4.232152
15066701,4.4182525
7343512,4.2242336
8014950,4.871854
19361786,4.9609594
6425071,4.950103
15239732,3.7655785
10983426,5.0170755
20362385,4.3437033
14320181,4.617895
16814382,5.198001
3059383,4.561146
299030,4.401447
18246166,5.3644223
15476769,5.3392715
15752571,4.1617446
16929727,4.0736766
6640144,5.1364765
10769176,4.469624
9406789,6.194942
541535,5.237258
18353672,5.9220023
11571391,4.806106
6400264,4.854518
9513357,4.4685454
20818936,4.947335
6242600,4.161183
16272643,3.9995537
16391484,5.130876
18787961,4.8598905
4126565,4.8814945
18617227,4.2067637
19806972,4.248072
17387776,4.590273
19830215,5.605853
14887088,4.860431
14708,5.2507052
18342361,4.677322
5967489,5.4582853
20213732,5.244277
3930878,4.8861613
20193058,4.899809
12434717,4.4936967
12784291,4.500473
15471316,5.153803
20692462,4.2874513
20607037,5.2783957
3623946,5.08789
4546712,4.284327
17295448,3.9639778
20058993,4.1000485
15532523,5.6294904
16219227,4.037888
7410502,4.618874
669972,4.129016
6347756,4.920109
16541000,4.240653
10227627,4.25747
6925633,4.9108863
10052622,4.2399645
8792086,4.8743076
14572499,4.0781965
1628564,5.4181576
17298939,4.0456123
16070252,4.43194
20608757,4.7386665
1733056,5.163031
8615062,4.569605
20649927,4.3122034
15552913,4.6837196
19944880,6.3886075
813573,5.199973
4404400,4.162741
7211758,6.171183
20680564,5.549616
17921621,4.5472255
2601226,5.062709
7247703,4.411138
13191964,4.588827
5694197,4.8527975
19810585,3.3890865
18358437,4.786397
21218751,4.6374264
18087564,4.1863284
14262713,4.8431673
16981121,5.1267643
13656241,4.340128
3793003,4.9149065
20863293,4.2687755
2367089,4.5919795
20459297,4.214902
7841886,4.305583
12025397,4.9629087
2391218,5.4412556
6832821,4.8428917
19345504,4.253371
18996087,4.2684536
8408085,4.7305636
1782872,5.1142025
15517080,5.487886
4963638,4.7375145
13810190,4.5118775
4914003,4.935072
9186655,5.134253
1275498,5.535055
10753552,5.4955373
15222000,4.615661
10449807,4.4511843
16726544,4.6272597
11498476,3.8858674
17900243,5.141744
839336,5.745997
13685577,5.300713
10978189,5.7621365
16015050,4.9245605
17635928,5.6066713
1326629,4.831302
11192104,4.5515327
7897229,4.8428354
1699874,4.819296
7798559,4.638603
16289102,4.1488137
8582967,4.7832856
18237383,4.8031197
3654688,4.3279533
14536666,4.1398945
10634364,5.1005297
18156088,4.6373816
15100330,4.7592874
3302730,3.7285802
18091036,4.185631
18932405,4.674854
13685932,5.028539
1774269,4.4041376
18568009,4.867244
4308633,4.613033
3478771,4.1697073
9576478,4.717984
14352139,4.5795584
15177167,4.9274964
16721859,4.103527
2672332,4.8679824
12535415,5.619631
20153703,5.6995144
9918963,4.094858
6524515,4.164613
4589159,4.896801
5875384,4.6139183
12685516,4.8079944
20067104,4.272821
5927267,5.2879806
18588397,3.8508525
7036435,4.3201857
15872956,4.9658556
20850678,5.925584
13739108,3.8666472
10460271,6.264995
21004740,3.9582446
2520075,4.8480897
17992761,5.576753
10322621,4.4310575
127387,5.3766804
19326257,4.7392635
19198552,5.376537
3465972,4.44494
6923031,4.460614
13507664,5.0380716
12916545,6.5950527
11145640,5.178293
17973686,4.66598
5065276,4.9460683
9407895,3.4316206
9288411,4.9063797
3506870,5.2205176
5194346,4.771892
20458959,4.537622
20149300,4.991573
15701562,4.577279
15579683,4.6469812
1971570,4.0975866
8091463,4.9681907
4098814,5.6182833
17973231,4.6007366
10140368,3.583583
17619741,3.8543367
775280,4.1110096
11792072,3.8558245
4922204,5.14031
8486165,5.488783
18224656,5.203978
8388864,4.9931374
13064336,5.966485
12783330,4.2790565
12310916,5.052292
2629076,4.7217274
18152017,4.800082
8054651,5.107402
5860799,4.3142977
7475552,4.8728943
12367315,5.254515
5968423,4.27826
13394184,4.308757
8035074,3.9891925
1943502,5.5210314
16723323,4.2963033
18482568,4.429335
16194283,4.654094
728486,5.382728
20580227,4.6527596
11743921,4.338294
16750558,4.706692
6648187,4.2839804
11420878,5.2167587
13388422,4.713164
4749216,3.852674
15408605,5.1742268
12257105,4.180326
6779562,5.127467
9033568,4.782515
14057802,4.7186995
5019863,5.0095177
5652946,5.582316
5153624,4.722288
5833002,5.058626
1365597,5.040212
21080291,5.0053005
1546833,5.2813053
9319688,4.292692
9234100,4.6812267
1656336,4.5326858
8324941,4.607896
21020048,4.7260275
4950160,4.771536
9384919,4.018224
17651103,5.409757
1073780,6.3114634
18809473,4.222587
7472465,4.2783294
13508766,4.847395
13394404,4.8503156
7219012,5.0465627
13753292,4.196038
684310,4.120115
13191065,4.9711084
17982304,5.466524
15419747,4.393124
682159,4.4050508
9114249,4.007299
15989188,4.72959
18194839,5.186208
13864415,4.2563534
18701355,5.094258
15411459,5.2347074
12591362,4.754257
20236280,5.322117
14009450,6.205742
3928458,4.21942
15666965,4.963253
14808890,5.002659
5632356,4.727075
7260601,4.987014
3966626,5.039617
17383677,4.00094
1189738,4.781027
7024079,4.1614842
17962569,4.5899925
20856610,5.28306
15166160,4.7543945
15519813,4.3173695
12589926,5.156644
17342599,4.3959126
15604452,5.2443786
7824018,5.0919623
14096583,4.841632
15406357,5.9222465
14178037,5.0549326
14835009,6.02939
6992667,4.7683263
18022235,4.2295704
4865454,5.160326
16710629,4.845131
15302248,4.0561676
19623349,4.400557
14815427,4.226029
19123833,5.198267
17005665,3.8973365
12705874,4.5981746
4874768,4.5143023
16148992,4.672804
12380223,4.798283
16598840,3.9629853
9616086,4.3473496
5285358,5.4608817
1251681,4.759052
1489157,5.506377
4757837,4.900911
19346500,5.1713333
9757167,4.122578
20456058,4.9545083
7263042,4.654778
2084393,4.989886
337928,4.5135617
6587661,5.304284
7381893,5.5226636
17477606,5.188282
13672711,5.112118
17237070,4.370727
11049502,3.9156952
3384323,5.7247167
19768762,4.817718
13489234,4.465583
15206253,4.403972
15974796,4.5833244
981494,4.207306
8671686,4.452287
10038536,4.609335
13698284,4.109256
18898768,4.666162
14854053,5.8562427
8251228,6.3073864
4026354,5.9078426
179670,5.348096
13882748,3.6394553
20332071,4.9236655
6898985,4.142493
14357868,4.2880907
17700246,4.4844155
15185932,5.282048
10107386,4.5915723
9793177,5.4135594
16254980,4.8825164
8673594,4.0131216
16431962,4.8740983
16056284,5.6856747
9612883,5.191631
1220971,5.0713463
20754725,6.1925454
6292555,5.2173243
4099682,5.147427
8068089,4.816989
12451721,4.7025228
13847467,6.063485
2628191,4.6133504
2033421,4.6411405
16273883,4.7615347
14864685,4.2780495
6854069,4.1431465
16285366,4.2574496
3629381,4.8650513
14402857,4.9772825
940046,5.0656805
6692571,3.9974465
714029,4.9405627
6967723,4.9228663
14070652,4.3017573
9059397,5.0087385
8975105,5.2406216
13093904,4.586159
14522716,4.9634633
13140867,5.355543
18446357,4.9649234
7499179,4.772713
6079197,4.626908
18872005,4.6859655
27644,4.9816704
15228692,3.9292822
783359,4.391872
16774532,5.335627
20930125,5.2767234
8827052,4.5691686
11778189,4.5366187
18045023,4.155386
9676254,3.5538304
14335190,4.2750373
9624825,6.0674243
8164402,4.179952
7262304,4.132102
16838085,4.360423
20708619,6.0383053
9691842,4.610544
21136731,4.9340663
12384293,4.528176
9076691,3.8463488
4060503,4.210507
2755909,5.00629
14821603,4.2297635
15359306,5.9687037
814971,4.6224017
2474857,4.9944396
20590800,4.957365
62095,4.208775
5178,5.2328143
257601,4.649292
16798094,4.848903
4707667,4.677907
5212321,4.762862
10414683,4.7622585
3420223,4.820227
9050144,5.1580467
6268082,4.57105
21066623,4.7796245
2942211,5.2129197
14536346,3.9355056
20982712,4.0928965
11506990,4.6341734
13492584,5.4412775
19620699,5.7840824
13204229,4.3181257
4848983,4.0518966
17693,5.043924
21021937,4.6145406
12916138,4.387195
16389860,4.4136047
10502443,5.1895213
4824808,5.1659417
846655,3.9435327
13078130,5.01897
18980106,5.897839
10386084,6.742863
6391780,5.8391705
6761607,5.5473037
9775642,4.6139684
7886308,5.51449
16862325,5.092408
267820,5.1920075
12382114,4.95676
6005980,4.020929
15059257,4.959343
5860752,4.5639887
17694795,5.2380853
6079747,4.4209685
7475379,4.206825
16462791,4.168091
8844652,4.472779
16375084,4.4152713
17143591,4.9327154
18460660,3.88915
7367796,4.264874
13601867,5.16088
7643927,6.595468
10118379,5.1567883
17136670,4.538194
17803183,4.741149
13244254,5.6512485
1951345,4.069619
3849796,3.9932892
7808346,4.6270356
19606485,4.4317207
9540193,4.8801947
9301562,5.213822
20640268,5.078465
3907071,4.460112
1178106,4.735417
5488107,4.2174335
16928560,4.5159287
20570202,4.1687174
13577929,4.528393
777327,4.4559927
17031869,6.2109537
13266063,3.6546507
20563658,4.205367
14685769,4.914194
17011121,5.1067295
9975625,4.780696
11475865,3.7806935
16630434,5.02667
13944019,5.653939
465277,4.851497
820710,3.6376736
15360787,4.7206078
5076531,5.675918
17829984,4.867363
19081969,6.10341
16751874,4.972682
8167459,5.6861057
10770670,4.1892657
12623927,4.5216327
12917766,4.263453
17489254,5.83508
8194457,4.1957603
266566,4.902952
12502509,5.232381
9793542,4.311503
16884027,4.5900416
5774039,4.8090663
5220930,4.1212726
16664524,4.8579865
5318528,5.446523
16555435,4.2720213
16785643,4.7600527
2254431,4.789401
62427,4.8316293
20999485,5.016773
3386696,5.442084
6952639,4.6938677
802851,6.57837
8524504,4.303839
9542872,4.986929
15310580,5.144272
196090,4.152155
19681887,4.8291245
4687499,5.3096356
19800416,5.7249794
20155597,3.8423197
16829602,4.261696
16652342,3.8286414
10859700,5.327168
15221027,5.3703465
19162983,3.8595834
15604781,6.0452447
1213696,3.934029
17948042,4.188874
1914817,4.240739
7647687,4.510642
7021263,4.920366
16497433,5.351707
9393674,4.2189827
18310838,4.8412027
12000916,5.3928375
11758885,4.105879
3290706,3.7364695
16122861,4.54554
19404978,5.2063622
11968958,4.7861385
15430972,4.1166043
1941216,5.1245794
21140004,4.1994867
692383,4.886868
2515629,4.4062414
14467915,5.2112217
16284255,3.973424
20204577,4.997185
6348721,4.4283156
8937241,4.934037
527226,3.8465137
16215126,4.940512
12290567,4.2194185
1773966,5.475691
18295538,4.7352996
16351428,4.563535
15722001,4.686063
15533905,4.3834834
20170239,4.6316295
10343816,3.5695693
9513587,5.1775994
18476541,4.5905876
10545027,6.4530983
19932392,4.351846
795198,4.9786954
8131995,4.7196255
11984568,5.784671
4823529,4.6289306
15496178,4.3277197
4106488,5.456848
14012883,4.77982
20916911,5.774005
18125210,4.036534
13347417,5.612292
14073969,5.2422957
18568924,4.8397903
3139246,5.0362186
9971730,4.6083674
13307580,5.1928077
752202,4.691047
17702071,5.393429
1039215,4.923523
1363817,5.2461824
18157468,5.4630275
15556107,3.9314618
20057330,5.056772
19698772,4.8415475
20635128,4.5092463
1550146,4.294649
17333488,4.7632985
9943258,5.3039474
11353590,5.552381
8371,5.537809
20906522,5.000374
20998550,5.0084443
945348,5.5303526
20268079,5.3540816
11386890,5.2647357
18516830,4.0759215
9238523,4.913519
3874726,4.9850144
13415925,4.1107454
17094877,3.932039
8828796,4.686454
2474009,3.9350605
18426530,4.833833
15980784,5.0799665
248791,5.557701
17136662,3.4219873
6027467,4.905797
8167266,4.7446046
13970606,4.645942
20010406,4.5432315
17749477,5.2593966
18037723,5.294651
14276659,4.6233387
8868954,4.2037973
16216469,4.1065345
18309484,5.739736
15936959,4.722151
496095,5.483882
9062564,4.116035
11260756,4.2604637
13452357,4.6807847
19330844,4.7907085
15774482,4.48038
12649361,4.97126
15143237,4.461513
16001856,4.30586
6363321,6.5614605
13883171,5.373588
5022295,3.9965398
9605516,5.1399956
1985338,4.5019746
14367406,4.147594
16259495,5.0599256
9788564,4.7021885
4547143,4.6778884
3662,4.141044
18734230,3.8715825
17463797,5.2913804
29683,4.946205
18705200,5.0894704
9977717,4.1976004
15188238,3.4172032
11937692,5.012855
16305055,4.8926444
20786519,5.977952
6603756,5.6909766
4121097,4.145462
15914701,4.737661
16855685,4.3779626
10728455,4.8789754
11047173,5.0510936
9247018,4.31246
17332569,5.142774
6045926,5.2025366
4721439,4.3766136
9837193,3.9365802
5978964,4.6038904
17510648,3.3994892
12711232,4.1505938
14731531,5.440026
8191166,4.089658
17545953,3.596587
16380979,3.9932888
2715269,4.504643
19910558,4.004298
16652293,5.5830255
14937023,4.705182
2847652,4.3708363
14906904,4.618375
15958215,4.4390726
3782958,5.2465525
16769092,4.8908753
20282569,4.5517335
1633225,4.3522043
19859179,4.2573924
8069279,5.0253735
10000073,4.6709876
13541421,5.289112
9236807,5.782934
1962115,4.277539
498342,4.653255
6416081,5.550379
20483728,4.238546
19038275,4.0984144
17671676,4.882073
14233774,5.081309
17158784,4.1845913
5303927,6.6729083
4753639,3.9952626
8813307,5.262351
13928652,5.189385
2735710,4.6478176
6691367,4.818311
2635772,4.296862
8985904,3.925735
3106872,4.8243937
18493211,5.0135407
9409367,4.5586324
20137739,5.0322084
16323065,6.476375
1308232,5.008038
13997539,5.00175
11927848,4.441395
8341669,5.0967135
1617477,4.8757358
6273745,4.160282
16468116,5.62075
16645620,5.3435345
15404685,4.3646564
10971010,5.63736
8121643,5.061113
4069626,4.9825544
3424948,4.55766
13281024,6.6092896
11283918,6.183502
19437268,4.564623
4998579,3.971656
9705782,4.858842
5280163,4.988781
6334824,4.567037
10512932,4.7543097
1854391,6.2131286
9969898,4.3783007
14011738,5.3593082
18015606,4.546752
12970748,5.5049243
8504036,4.411987
14252982,4.372822
8994363,3.8694236
20308199,4.313349
9300634,4.223241
14250043,4.452929
12901078,3.8882096
2483350,5.647239
18190894,5.1210356
14461498,4.6874995
12274336,5.289008
18522547,5.2155366
13531999,4.142832
6416545,5.6924105
10473730,4.1373787
4564840,5.861159
9381449,4.785208
17654571,4.3339376
9478214,5.1607556
1091840,5.3641906
12792132,4.9086637
20057450,5.0323915
9315622,4.952425
19523121,5.1886086
20929420,5.549699
9426418,5.341367
7834158,4.712966
9458372,4.2027955
11275053,5.291707
5410899,4.2354956
5715079,4.8021364
16652163,4.3863206
6452132,5.500187
481022,5.047163
13640454,5.9229817
20074013,4.3347363
6846573,5.2005363
17046700,4.603576
14968403,4.753917
10098890,4.3381977
4044625,4.954296
15344579,4.7597485
7047329,5.8283353
5511917,4.0797863
4777199,5.428956
12493647,4.271079
13356413,4.8084793
19737860,4.506559
13202797,6.273203
15071892,5.768488
2092905,3.9057212
13020797,5.6359005
6558837,5.318609
21104715,4.7251673
17046848,5.93551
16312601,4.728085
7637797,4.4813466
14567341,4.2510395
17480175,4.6996617
14399901,4.145384
13164204,4.2818894
11636784,5.381655
16252094,5.095901
12567935,6.6084332
19833001,4.6729565
11670741,5.090246
15814231,4.7185497
10413878,4.728774
10287680,4.0746107
7263572,5.2582293
13453143,5.286296
14547270,4.7616315
18615372,4.5254335
4841840,3.899053
12603918,4.9931426
2576777,4.844496
15026535,3.8356662
13576433,4.683485
7983560,4.885049
13020571,5.1135817
7125107,4.6742587
1276760,4.549785
9613130,5.261553
17177068,3.7596874
10939255,4.4133725
19839026,4.7930536
17620962,5.0180187
4055607,5.118341
4094518,5.3447385
19348139,5.8664865
4093498,4.892607
13345154,5.2622046
5070285,4.930926
13208685,3.5995202
17829241,4.3662047
3569774,4.6318784
12382,4.9692845
17851246,4.373426
3084409,4.205914
21076367,4.194955
6812162,5.582745
3290619,4.744108
9615209,4.5259466
15096656,4.29967
8422398,4.079485
8186924,5.4298096
2698206,4.9275312
6638377,4.963003
11825529,4.789013
9737921,4.803875
6144468,4.4408307
4637053,4.7610765
6723500,5.5919604
4117743,4.767849
4823682,4.6680984
18794192,5.6383085
20933209,4.462238
9110708,4.1977687
13637689,4.337501
15808501,4.3557796
16153590,4.3936396
17287421,4.8313293
5846654,5.3963833
12175473,4.5195827
18933100,4.7108045
19566311,4.238759
5219028,4.1993017
18359256,3.886799
19118005,4.8436093
19674739,4.5162606
19206558,4.7102194
12755310,4.089934
6758402,6.19651
16118816,4.4198337
12367864,5.176754
16626994,4.432791
7789429,4.1849794
20522863,4.127379
19019325,5.335011
12471348,5.607194
473592,4.685451
13884932,5.983938
17651864,4.618562
15723889,4.1570897
7153171,5.2741437
2998112,4.4582086
17805689,6.0527177
13297765,4.29314
11281960,4.7429476
1092093,5.778997
1122014,5.362965
18338719,4.552997
7931882,5.465528
14803907,5.318663
7989669,4.6880684
16084468,4.535444
2298233,4.5915656
14483603,5.2669683
4380030,4.306272
14824492,4.2385826
13021970,4.270534
15286045,4.5599413
12849364,4.7134132
15287376,3.8995678
702578,4.095822
548133,5.075247
114203,4.997336
6660330,4.60058
14384342,6.245761
15466816,5.388748
921441,4.795385
4824847,5.584657
10541422,5.20142
1645867,4.5900974
6836730,5.304064
14069903,4.4336843
20737830,4.233662
12389378,5.02193
20673515,5.375972
276317,5.131366
5578778,4.028809
13301214,4.9701667
9944018,5.1846933
8148417,4.451358
17254296,4.4985595
13168631,4.3265233
13153886,4.9500184
13309667,4.308658
9110554,5.3265996
21019508,4.9335227
7866421,3.929987
13077720,5.225492
5750941,5.1346354
17237082,4.220951
13438949,4.6211157
536985,3.6478484
13878820,5.02733
14707023,4.594834
9696833,4.2021327
20352608,5.9389358
10009762,5.180207
271114,4.494895
13175223,5.411811
8405099,4.126513
8826603,4.889487
17926947,3.966058
19845214,5.219311
16651057,4.9806747
13489891,5.237534
880424,3.95635
19120020,5.6308103
4711070,4.2618833
4171526,5.611729
7262337,5.2410674
18617676,6.728999
6924400,4.6427507
18088516,4.575595
5969549,6.295161
2707450,5.4117637
21042395,3.8635788
2273473,5.281487
18309362,5.2674584
19676100,4.3569536
13079659,5.539827
3861965,4.6592712
6338166,6.4594126
19888160,5.0794163
18962722,4.338172
6700061,4.286688
20293820,5.3648753
5748509,5.1522603
17639637,4.6024137
18152652,4.519009
7349256,4.1870503
14468736,5.454951
16796218,4.6859603
10136632,5.2035046
1133296,5.2487946
19697794,5.121184
14579390,5.217006
10294454,4.869304
15287408,5.412548
12873513,4.860855
14010252,5.232969
16270452,3.8686247
15720569,4.3706017
16497180,5.303128
18450009,4.543542
9738167,4.8028073
1494623,4.7997375
20802860,4.4751887
16394179,3.8696156
15729325,5.0066686
3290275,4.1054144
1974381,5.94605
17159806,4.416683
19853343,4.316985
4372192,5.0813904
7985260,5.108873
19946938,5.1950326
14089782,4.5617847
1336554,6.684108
7368607,4.55843
14928864,3.8971438
12512613,5.3349743
7234538,4.3808017
18788903,5.0152435
13841318,4.09371
3105801,5.1662507
16601867,4.5235715
15160009,4.979269
6090106,4.6036296
14048533,5.745293
15968041,5.3197546
16322997,4.244566
4233242,3.9761214
15532225,4.3666015
8335547,4.735261
20515035,5.4259815
6488146,5.9837866
14555176,4.9141455
16872471,4.313534
18314694,6.0075374
13670552,4.5306077
18734125,5.094008
17011437,4.3848166
13497670,5.6445446
4287473,4.239181
4286567,4.0867987
13734801,5.17524
2867463,4.266736
11701889,5.5727353
6561301,5.3636413
11721669,5.3668313
16443453,4.5116224
19161964,5.276993
3485178,5.256317
11065264,5.2119966
13191653,4.9648952
4309757,5.49901
16400961,4.4086003
8456825,4.325712
4358868,4.802532
17100621,4.886218
1003984,4.1427584
10386936,4.051257
1145337,4.270946
19768829,4.1924396
14577849,4.606368
18846688,5.3717046
17848120,4.9609957
15124924,5.839394
20740710,4.1684275
12145189,5.074148
5481978,4.0798893
13795453,5.880389
8939325,4.5217805
16454418,5.1672316
3602739,4.1611943
9614552,5.0983825
20858071,5.112633
9614378,5.210204
14092702,4.08659
7018113,4.8599496
14272021,3.8414848
14110395,4.6501093
4707959,4.992677
20015244,5.8330083
14502993,5.173291
422414,4.123102
10708986,4.043255
16539503,4.2763367
7183259,5.2549405
4296407,4.181257
8902138,4.295817
14715206,5.3581033
6428942,5.19953
2868115,5.2247157
11118260,3.6068707
10036352,4.3909526
13395033,4.5714583
18599224,4.825479
10525599,4.0404267
7032930,5.2601852
13168419,4.8749447
17606023,5.882463
12227192,4.6777334
18654555,4.6972394
11392635,4.199699
16539333,5.8867383
13091455,4.0169954
7528664,4.4126573
12412327,4.1655345
11553765,5.4251094
337922,4.617015
9116883,5.471418
13578332,4.8163786
7492539,6.1028676
8425148,6.136465
14397701,4.6556063
12870344,5.5335
17561114,5.5063996
13560092,5.7842436
6940108,4.244893
11461331,4.275264
15150306,4.587715
15295573,4.0002193
16897410,5.2357187
5070437,5.150639
13578708,5.6185045
13084346,5.245005
16830436,4.048984
14807890,4.2321143
19180935,4.1166806
15553636,5.0288587
16164206,5.077546
7277180,5.722915
12150447,4.452731
3413977,4.4874454
18509562,5.1438107
5534962,4.0726194
18086624,4.125448
16187382,3.8102953
4615631,4.6414485
16428065,5.6764092
18222712,5.0859146
18092210,4.9913874
17718244,6.5721254
1832655,5.000679
18324581,5.245185
16628797,4.3416204
17879131,4.1902685
15309122,4.618569
12273366,5.3425574
159273,5.137086
7473810,3.9223764
18359713,5.2267
7395530,4.3898835
2659732,4.0745263
7197423,5.954056
15039012,5.270393
6937109,4.564494
270033,5.6637707
15075785,5.0774336
20636966,4.3531976
14809668,4.6717277
16134654,4.6852245
17666567,4.2861743
3854739,3.786195
18448985,4.4095235
4777677,5.625258
4782605,5.871984
12345786,6.095544
9972891,4.7594647
8167169,5.5400734
4598026,5.5189695
2036673,5.9638577
643646,5.82676
8090529,4.193597
19293035,4.9424996
8055198,5.3133273
206637,5.0528016
1891118,4.8691087
17333187,4.6199036
10035471,5.0743213
8087381,4.6448917
11718932,4.4166217
2838331,4.4385543
17226297,5.310944
6418971,4.803089
17876648,4.589428
2125004,4.032883
3468181,4.7860255
15502582,5.0636854
16827732,4.9216266
11865398,5.284204
16568164,4.2381706
4274443,5.0447903
14539326,4.2010927
16945516,5.373888
20965965,3.858624
2132457,5.622132
394508,4.8676686
19924708,6.0236034
17684151,5.1429987
20796343,5.369721
6151774,4.945044
14293195,3.926782
18489661,4.520491
13732544,6.387007
3441979,4.619972
15846997,4.1844134
14784793,4.3779225
17026474,4.895735
17078757,4.9010186
15732223,4.7981725
17686605,4.5920153
10599384,4.5570707
9826455,4.832125
4720326,4.25275
8518237,5.0859666
10272667,4.7997684
5991511,4.6715474
10551695,4.660614
1078858,4.5831504
6809332,3.9634163
7807308,5.463374
12568161,3.4151344
16297494,5.499668
6967305,4.6150465
14339810,4.014404
7939788,4.3194957
19701946,5.2718406
5885373,5.096153
11699798,4.0549903
11740577,5.0712333
13620977,4.58901
14540002,4.350807
6044794,4.7613688
8934898,4.0911694
78331,5.256016
5507980,5.258555
6989359,4.496931
8369804,4.9319296
11419628,4.926513
9510158,4.9846835
16047844,4.3322053
10749801,5.9970427
20304654,4.402658
18307914,3.7369766
20772462,5.6422405
18636166,4.23673
7903661,4.305441
12152708,4.360474
20324947,4.9245563
17384804,4.358362
11389773,4.45985
4855838,4.3715734
291764,4.250048
5903980,5.084358
2551665,4.499894
5510725,4.595533
15925866,4.626613
1785039,4.4272976
16233577,4.1868877
15523581,4.6732106
17894604,5.6308317
5857917,5.084819
18110654,5.145777
17961715,4.2805624
17013967,4.9806485
21022856,5.2616105
20865630,4.4357862
14125,3.9185658
6776698,4.220692
10551675,4.1144953
10983204,5.6829495
11370207,3.9417906
2989220,4.1738057
15268965,4.1948485
16767550,4.2295732
2268888,4.545159
19163801,4.275661
15213086,3.471401
15968399,4.4400935
15843007,4.649116
16202731,4.5519266
18057259,3.8594186
9517131,4.886634
12782370,3.836353
8713837,4.304401
450577,4.8776155
19159379,5.0095596
17671110,5.49502
2028432,5.6098385
18492137,4.5838294
9136581,4.548142
16981845,3.890172
18568770,4.392256
13752439,4.2302685
742974,3.983205
13572919,4.981175
11381333,4.83892
20015527,4.5713882
7603251,4.7222066
16312458,5.099024
808566,4.0670133
621430,4.7504897
7990169,4.4129815
6956581,4.8419814
8467862,5.032719
20503539,5.274317
1815512,4.3904023
14631715,3.540408
246896,4.1321445
15434732,4.472971
19360201,4.760214
15565766,5.1235843
14535188,4.2302494
12915928,4.689613
8532763,4.291555
19555750,4.8873777
1349187,4.289733
4567433,4.715926
5708829,4.8622775
9516142,4.2501793
17533374,6.35282
1712200,4.712461
303462,3.9330697
7621370,5.0579863
4838022,5.0455203
17920728,4.296774
13770559,5.208269
1438369,6.381724
11164047,4.7811394
13141875,4.4428062
3368926,4.540372
21055967,4.252645
176653,4.9586263
16459191,7.2198915
956145,4.517475
33223,4.4490657
96383,5.275549
5797398,5.7136035
19156426,4.210817
12618291,4.5390944
15774322,5.1452656
7698521,4.7116647
15655719,6.5535097
15776530,5.25376
741909,4.781039
15508722,3.8931675
11593418,5.144899
7652936,4.6120677
18566816,5.4858146
864328,3.6754487
4454397,5.004772
12998056,4.6966047
15327740,4.6835794
5525510,4.3348064
14711796,5.2303095
13266347,5.9577646
17554190,4.995023
13557918,3.9547658
18476851,4.6907783
15342498,5.497357
12008476,4.691376
12037587,4.6965437
16840061,5.370349
3741226,5.0708556
21067832,4.882679
16661769,4.0375752
16724403,5.624392
14374893,4.0707774
14884030,4.4673777
16200703,4.7440243
548475,5.306002
7601559,4.740417
13636806,4.639135
3197653,5.319632
16287863,4.756197
1582688,5.9999695
14290875,4.872445
9504165,6.1493554
10368464,4.123432
16948313,5.3650393
18503104,4.749562
17434573,4.4500546
11272222,4.9313383
3561338,4.7270336
16042687,4.69941
12906305,4.6698756
8268358,4.4926558
14807279,4.535012
6291454,3.8292723
11851511,6.179089
15773096,5.0118656
8390904,4.9022536
15511455,4.914933
4440008,5.827854
16941779,4.851455
10280961,5.036153
16779171,5.22015
21026932,4.918695
9047816,4.1640162
8454029,5.204987
14138477,4.248451
199619,4.7462525
19135926,4.8451176
8630290,5.1082606
13281979,4.6503043
10929396,5.5386643
16665006,3.8034253
16755372,4.2924504
20025456,4.5661817
4279323,5.346456
19979771,4.2990246
16960882,5.444205
19571350,5.676121
14640609,4.029356
8551601,4.5641184
13733855,5.993832
678343,5.5931177
21027191,5.2450953
8340604,4.976915
16225638,6.2587295
17481668,4.150919
8210905,4.6167626
1072931,4.7851415
6071153,5.7878823
6287961,4.319523
8869387,4.255297
1524711,4.3797426
15252250,4.6145716
13667440,4.6766253
14569097,4.597631
12812370,4.6052704
18866187,4.2140594
4730179,4.4849806
10115919,4.1088133
8130298,5.6739078
3478866,4.28507
2669366,4.2513247
645173,5.236384
2817022,5.172049
16040106,4.142126
13112056,4.899815
10880254,3.9660275
2347431,3.9384582
16807749,4.966808
20465333,4.899921
17715225,4.0008035
15469512,4.8172426
15453848,5.476779
7418874,5.2219696
13495590,4.666444
7798930,5.4179134
3056353,4.3699837
8105876,4.64101
8576907,4.0011134
19847574,5.2694693
815879,4.2012677
16064802,5.1000876
15701850,4.909084
14076821,5.642575
1278671,4.155211
11325079,6.2216196
2904128,3.5768054
842147,4.9877334
11552389,5.8354397
10341509,5.7161336
15796872,4.0318007
2160741,4.7849054
1561968,5.225455
14084323,5.6271725
14220594,4.960869
20641131,5.011592
14161103,5.47114
4622328,5.007155
14213722,5.6623025
17792897,5.287614
14315241,4.115267
16315762,5.5902324
5989927,4.5219326
1785942,4.7328386
14474959,4.9247136
7241090,4.8520155
12212892,4.1658697
16687656,4.332395
16791106,4.033299
9410846,4.863946
16509164,5.3134866
10770929,4.6434455
13293463,5.553492
13436940,4.6825175
12611733,5.415931
9201458,4.4586086
16646382,3.9811902
10412006,5.0750866
12794623,5.244412
16406403,4.7959075
9807855,6.0423536
19532191,5.504432
808891,4.541681
14480699,4.929924
6170405,6.144733
17964490,4.9687343
2182899,4.9306126
12010797,4.4000955
4830799,4.9070373
18596204,5.3113346
2372629,4.4101043
15127349,4.1249614
7621673,5.2513185
15430980,4.9155254
13587013,4.0693245
19362296,5.325786
16929763,5.9714813
5838858,4.7654395
18637631,5.599474
20073959,5.0112953
7415011,5.18685
16469710,4.0267177
15991741,4.791403
13217609,4.396933
15535079,4.01368
12446224,4.127603
1965750,5.402395
18215065,4.501846
21170447,4.6403484
814911,4.351736
11282228,3.9557433
1364746,4.567997
5823661,4.7020316
12399934,4.7176003
14762154,4.259668
14779757,5.3303304
15436836,5.1591854
7048360,6.56025
7746574,5.2093773
20249492,5.3943114
12883463,4.812814
3519768,4.2913723
2236513,4.135353
9314178,5.018221
18001123,5.4819503
9157886,5.544361
18326752,4.147061
6348490,5.2057185
2391772,4.307529
16755461,4.684385
241140,4.7226048
14470283,5.7139187
16579057,4.7875867
15797693,4.0448365
16194726,4.1207094
15123831,4.1725554
9921297,5.8135214
18056182,5.407222
16944112,3.9839773
12269953,4.8910823
15990468,5.651885
15942879,4.5727334
19404423,4.568206
2721834,4.4006457
20075726,4.6644597
968848,5.1034656
8142,4.501257
11866470,4.107111
1803219,5.0627146
7319791,5.5752583
11047668,4.2112484
6813041,5.211263
9507090,4.5961804
19912744,4.6186714
3573724,6.477288
18397875,5.554403
3811688,4.6341457
8535125,4.556128
12815140,4.701468
17794571,5.8347597
15066527,5.068286
5277117,5.295374
7950866,3.9946334
5870899,5.380336
4887727,5.161279
9021705,5.220444
1499737,5.5533447
4896937,5.9342546
1814279,3.8423269
18056270,6.013242
20994196,5.4024878
17746326,4.403152
17403415,4.894265
6900076,5.481638
3237764,4.6455956
14075528,4.6539063
7971643,4.6769385
13688335,5.5921707
10000523,4.131922
18393130,4.365326
15609432,4.884423
10826403,4.3948264
1130730,5.625348
16252716,4.704673
15757160,4.7126904
20604775,4.387907
19812211,5.0522556
1356710,4.364358
175511,4.583239
4308744,4.915713
8799510,4.4356403
7987834,5.6302376
11869511,4.0861177
16335125,4.491734
7917251,5.5903234
1941396,5.0754147
1620225,4.40367
45987,4.628748
16085565,4.596209
13642260,4.7281976
4457161,4.232063
5393307,6.21813
14704252,5.144447
21159099,3.9301016
16158202,5.6680813
11739985,5.463115
11293039,6.594651
15701856,4.016524
12866294,4.984436
6376345,4.2033143
18470545,4.349069
18120849,3.8608603
17178306,5.1227236
20458803,4.2361064
5466799,4.617568
3240518,4.6306057
21043691,4.429434
13098599,6.454414
10036313,5.5308685
8364458,4.1203547
21054990,4.5043235
16078800,3.92863
17339568,4.7115426
8943149,4.219747
11176819,5.519542
18208285,4.700285
5051020,4.922901
14770892,5.1840806
1487849,5.0737324
15452525,4.2177534
7956817,4.158774
9668948,4.929635
17696771,5.2295985
17845624,4.9266005
16242863,5.551648
873590,5.0573444
5314398,4.6313767
9463692,5.6708283
20902817,4.6329284
3013427,4.213035
2227342,5.093631
7181242,5.4392085
12837429,5.6609263
1531825,4.503864
16275733,4.697343
15438452,3.9802036
16781516,4.788463
10246056,5.3026295
20196464,4.685678
519272,4.7895956
17839944,4.6295137
15057207,4.524231
2776641,5.3195887
13691558,4.9334903
14727517,5.1420956
16000908,4.615733
7580383,5.578105
18727947,4.8853264
6492569,4.285965
19230154,3.9092994
14930357,4.192514
6743813,3.9293053
1924645,5.176381
1948456,4.9772673
15009466,4.543043
20116016,4.0643444
4746561,5.1900444
18194415,4.4424863
4022889,4.945562
19140676,5.112372
17545704,4.9246826
15989568,4.6344466
14702901,4.72565
17039819,5.5258045
9593678,4.2761326
1950428,4.4203386
12291609,5.506449
19643156,4.365261
10137247,4.1018543
14935831,5.6806107
3979611,5.1213856
7651177,5.37488
20543983,4.8178744
14483758,5.268242
4161354,5.176479
19326520,5.0245104
18026334,6.1906457
19413809,4.0972953
15452236,4.282722
18507448,4.288412
9172192,4.6025977
17736033,4.526909
19981261,5.0188913
21026999,5.538981
9794251,4.542925
1542279,4.8618884
16214981,4.6318917
17956293,5.2867107
14525485,5.5866838
18502516,4.562221
10783624,4.537373
17419473,4.5761924
1107014,4.236797
13939822,4.6045084
15511779,5.2766514
7320160,4.169843
11766978,4.4327106
11973537,5.4861584
2248017,5.1965923
7842597,4.2008457
4780959,3.7007978
4765196,4.996111
6627450,5.152516
2794820,4.7772784
19181216,4.6407266
7583199,5.308887
16966885,4.3954673
14628611,4.154542
9842239,4.780109
7922378,5.3161216
19409664,5.3380527
5947034,5.0604835
17405042,4.9768753
21139669,4.921766
13861444,4.498138
16428383,4.4186735
8906260,4.94
14183935,4.7083354
9928466,4.4219637
855919,4.0188384
13591023,4.216671
19415314,4.849814
15511992,5.0983977
15734755,4.4381
20188619,4.7966948
16517776,4.9897904
10232553,6.0099626
8994197,5.106534
17335308,4.478479
17190249,5.39042
18356019,4.8400235
9295290,4.167318
18072296,4.2496357
15207910,4.699227
15342701,4.4579067
16225530,4.290607
21067590,4.9074388
18031944,4.2492604
8651340,4.407061
20849060,4.2402506
10875641,3.9743896
10992957,5.1999054
12593058,5.784649
7602382,4.6447015
15180644,4.856296
1979506,5.0522676
949420,4.5456896
10089648,5.387534
17187731,5.2339535
20054296,4.557514
9411206,4.558164
16794235,4.4684258
10023104,4.130003
3419211,4.697171
18348512,5.2376704
20795251,3.9266145
16805759,4.769596
16481858,5.370015
13174453,6.4177055
7162562,3.9755113
14600054,4.8590846
15530743,4.788068
14807208,4.6712255
13788100,4.4552264
3340326,4.200387
18513560,4.8372974
14022330,5.5148153
18372704,4.5828605
13278853,5.053239
16350271,4.95894
13076162,4.677795
13937282,3.7523782
15573824,4.6497183
12634006,4.962997
10127270,4.290308
12308695,4.434023
3052726,4.2215185
15857453,5.182728
1039779,5.515478
17621218,4.770744
12549689,5.208599
11909622,4.9870996
18714825,3.8887556
16239571,5.122795
8367271,3.9822106
6717232,4.5091653
10810921,4.5229464
1223755,4.0276303
8208878,6.0727496
16347775,4.7885456
14928666,4.9588194
11849763,4.8821034
792835,5.2263026
9865262,4.2005525
11510704,5.061861
1503989,5.3119297
260833,4.654917
17326533,5.265108
1276303,6.6810617
3404668,4.658496
9733138,5.0736766
9593533,4.3892283
7912513,4.8301105
7475557,4.128498
5772983,6.6656895
10189969,5.851052
20539388,3.982136
1194467,4.351621
2468186,3.8333502
2262461,4.5996504
18510317,4.175713
12020835,4.6491947
10812470,4.288713
9748407,5.442692
12656371,4.630836
16686437,5.1403975
8532128,5.2110047
17229367,5.0293713
10590105,5.156695
18520873,5.0471396
18443476,4.706024
10661782,4.159748
2803944,4.7784443
5101342,4.7525964
14506113,5.037745
14188561,4.4139323
20663542,5.4001064
45910,5.0731525
16916708,4.2701116
774999,4.570207
17864341,5.1345663
15362363,5.660104
5763191,4.122172
1999959,4.4092197
6169800,5.353394
13312592,5.1480765
4016012,4.1461644
4864105,4.773706
11255432,5.623485
4936102,4.409998
169556,4.4540973
13076586,4.92062
4606385,5.5122066
65834,5.093811
14802029,4.368842
4666584,3.9585469
12347387,4.0559916
17641346,4.6404576
15477385,5.400627
20765319,4.568204
9212510,4.567586
13728682,6.06661
4240751,4.4386516
17588127,4.5846906
20306155,5.1616955
15148316,4.082246
18077052,6.1700516
20355160,4.413042
18273348,5.0900197
10735397,4.161303
18593003,4.0834703
297561,4.440198
4720725,4.827511
9448243,4.666261
12024772,4.366529
15299585,3.8133357
14935760,4.91201
16706516,5.280482
19888947,6.5354223
15885228,5.288322
18708463,4.0107574
13624476,4.9875064
20185442,4.3628597
16323618,4.388804
1249397,4.9498773
16961197,4.3439097
13874533,4.249366
2365792,5.3898144
16589554,5.126711
15958616,4.678592
8363399,3.977296
14657450,4.670388
6940457,5.720149
21098282,4.9485073
11063949,5.4042068
6990503,4.0088115
15785190,4.307224
10886892,5.1543355
15841618,4.9775863
16015983,5.4489393
10392074,4.8656087
13953228,5.290891
8473374,4.0962257
20885687,4.9799905
346579,4.1725283
563496,5.429738
7788880,4.9998255
13097083,4.724528
539350,5.1905465
9172460,4.3566866
15864683,4.6360965
11256603,4.7140694
6971002,4.6806316
16245059,4.0875154
5135769,5.099036
8508345,5.8169246
1864924,4.82363
18985595,5.2572846
2151106,3.8870015
15254789,5.4744024
9596708,4.5060077
10186747,5.709682
2560559,5.105185
4794816,4.7423043
6690438,5.0119953
7379929,4.282036
20510411,4.961646
19236099,5.0529923
14670612,5.492583
20087812,4.277393
15635528,5.50923
3677687,5.368476
13619296,4.901488
1788553,5.0090427
7513280,5.1237035
6504049,4.9916453
11674335,5.4541106
3440741,5.854381
12538477,5.3146815
14655591,4.173082
13342658,5.177683
17433075,4.817187
14253869,5.300375
13301364,5.0171914
1482273,4.2675195
12857265,4.9357142
15806552,5.2272716
6145167,4.4351444
20663839,4.7223644
19966374,5.0753117
16855679,4.1557293
9575809,4.073606
12021839,4.2000585
699472,4.7688346
3764540,5.5473423
10449941,4.249943
10170471,4.124789
19209936,5.4814773
17187028,5.359129
699723,4.2182636
18666583,4.321908
1174876,5.1812487
17524441,4.7387877
18125983,3.9916015
7930685,5.0086246
13623700,4.649452
9081032,5.2139544
14058266,4.9444404
18323385,5.2656717
17766457,4.271084
14055624,5.375841
16355554,5.5387516
16635143,4.8548045
13999083,4.7386694
14551193,4.134281
15559457,4.468365
4667200,4.886926
15632278,5.0528054
15036809,4.738206
609042,4.6144676
20139125,6.170945
5281234,5.3039656
14615176,4.454888
16649908,5.3329225
3799640,5.117213
15550900,5.2473116
19933864,6.1210246
20773742,4.005773
18231522,4.288225
18016452,4.199192
1744216,5.1029663
1906269,4.3561654
19435280,4.9946504
2698996,5.3875027
20538580,4.095825
9365129,4.836861
7861182,5.095192
19538632,4.496601
748571,4.07362
6236257,4.0199056
16113842,4.5283227
14181648,4.6083164
16453837,5.4730377
10282713,5.476943
8167182,5.1207514
17362069,4.6604033
18073738,4.2930093
16193283,5.3079896
17728208,5.213779
9804516,4.6327195
2151549,4.544444
10075517,5.5788403
19451978,5.0044236
20093311,4.461845
16601641,4.00838
18692877,4.4008093
7788844,4.509579
4710218,5.0323687
8426309,4.600584
14843849,4.1710553
5696377,4.9598126
15261309,4.515574
19317196,5.021149
14839106,4.231631
1892680,4.276995
10071156,4.636754
6274459,3.9320557
18812266,4.908579
12221938,5.21502
17964309,5.2597346
4218929,4.7960124
9216548,5.0455923
16243308,3.9570553
905399,5.0005126
12837046,4.753673
5205123,4.5702047
16389866,4.906676
6614984,4.090102
2711179,4.0668397
15100454,5.033221
10339185,4.1741834
15591499,4.619614
23856,4.8005967
7664128,3.829324
4952825,4.9940968
17905460,5.68107
13343019,4.2800126
5605968,5.8294497
13465756,4.934405
2238366,4.1181293
14106692,4.9658074
15435165,4.764635
16114228,4.878381
13982518,4.17329
8306956,4.096053
5945067,4.0937057
20483008,5.059999
9539111,4.98303
1278391,4.4072385
8564563,5.1526084
15277561,4.6832733
16128587,4.786239
112435,4.391157
841978,4.7957196
15410402,5.7493463
20492259,5.2889843
16724220,4.724666
15904417,5.5632234
822172,4.5957556
18869692,4.85007
13303293,4.356639
20809592,4.957607
14297036,4.1381364
15659634,4.431428
6864560,4.543668
2106706,4.863266
16864817,5.095523
5385665,4.488403
18449878,4.2931304
584881,5.953619
3258183,4.2396345
9685865,4.815195
20606940,4.2874026
14787179,5.5200176
14472459,5.909556
18978234,4.191238
7652820,4.77197
15219971,4.445259
10414541,3.966664
7982720,5.8683677
10256767,4.904039
15783855,5.7058315
6543953,4.4099445
16678870,5.6634083
14856799,4.4445405
19345676,4.5965934
329168,4.6384244
4047751,5.4621058
4456987,3.946515
5192300,3.8337278
16378208,5.6559124
10837129,4.592799
21644,4.2746277
19175586,5.538948
7327112,5.224997
17757561,4.0933332
9118301,5.335859
14169736,4.257615
19552822,6.0150948
12286939,4.2973595
12388831,4.59223
8383187,5.6790075
3952093,4.4888844
10811857,4.539063
18986977,5.226685
20211737,4.5641336
13297279,4.5453877
19978946,6.298474
13512427,5.457861
4031668,4.9777746
11194693,4.144657
2076112,6.2123737
19117903,4.106201
11046693,5.25888
2487916,4.5644374
10175417,5.5443773
3634361,4.134527
4045248,5.2349977
13542521,4.1554
7182074,4.438829
15596773,6.206084
14029776,5.7772517
13667152,5.397862
9682257,3.894487
20570956,4.706596
17303067,4.4277544
2778359,4.056539
18227389,4.2769046
12288445,5.5532565
20533007,4.771223
3442146,4.472083
3207986,4.379898
8941820,4.600217
18175131,4.994941
1331960,5.621374
18180291,5.396747
15591038,4.103841
11096801,4.4527855
5916713,5.285064
9978451,5.046921
439703,4.40948
19811765,4.9349294
2386007,5.2363033
16322051,4.2596483
14842804,3.7324927
4773071,5.5253735
9172534,5.239676
13970165,3.9002526
17482315,4.3683233
9698905,5.3794546
16585712,5.991536
13467270,5.0244617
16415427,5.507244
6900463,4.846275
9682083,4.4488816
14964655,4.9614005
15942755,4.145277
1299549,4.202808
6765855,4.5376596
13914298,5.073924
1334633,4.073792
7434061,4.6204433
18609924,4.7409754
6015521,4.3395014
13166877,5.797293
672724,4.7951355
20886482,4.210226
20308965,5.694424
17540307,5.3410974
2445715,4.6424966
4933756,4.4071975
18491688,5.1550407
9026590,4.811019
7075552,4.1878505
2701991,3.989502
19544381,5.273417
10105531,4.082986
14796074,4.552507
14945119,4.7003274
16620641,5.165767
10576974,5.1971736
10724635,4.699536
13357940,5.2490897
13747542,4.3443513
13015160,5.0740957
181443,4.566842
16338131,5.7480073
3540982,4.7038527
1762194,4.290051
9237840,4.760881
7728553,4.257067
17624602,4.2975783
13540829,4.309081
17813894,4.2729077
13993436,5.633496
4987929,4.0369916
11741274,5.14099
16402004,5.1042576
9683429,4.9435816
12605546,5.5709796
19803208,4.488841
14790101,5.386067
13240390,4.0503516
16596185,5.262321
404691,4.057764
9514193,3.9642797
12736073,5.4595323
19274584,4.630408
13751065,4.3954835
15800923,4.564575
15017045,4.561696
18240041,5.75845
17940501,4.223747
12128314,4.6032405
13074067,4.785779
15948529,4.367257
16002834,4.0431013
2355859,4.131286
15423281,5.023932
1208953,4.3186083
8672322,4.200578
2066623,4.612344
14036911,5.405869
11229058,6.2206006
1865884,4.3746085
1972126,4.984077
14162759,4.4485097
16762751,5.3149767
1403323,4.618349
14406086,4.9730535
20173397,6.159944
6201491,4.8570795
9477359,4.1478753
9157441,4.5539083
17141233,4.4790235
19694308,4.2297316
2188310,4.7275343
3819407,4.4469438
9693809,5.8185472
13559208,4.086644
19947126,4.092346
4098497,5.396311
14888170,5.9011707
2222245,4.772264
10124372,4.7772093
15506883,4.445941
15439921,4.5962276
2563967,5.016432
7987306,4.4089136
8269523,5.4201474
14203879,4.405599
584590,5.2550964
16390636,4.1917887
16259562,4.681407
3563321,4.4621234
7745375,4.200334
13248742,4.3473186
12001000,4.6434345
16094254,3.8660076
9459232,4.5063977
20788041,4.357157
3339205,5.0477796
1510363,4.359916
15269783,4.6302605
12234139,4.1592727
15124770,4.811552
4965866,4.660909
12231522,3.8442228
8288883,4.287904
4244819,4.9754014
11551218,4.5733666
12359181,3.9543478
9730432,4.3110194
6314389,4.0910378
19908482,4.815663
1386629,4.9762106
12406361,4.877451
10033879,4.716749
10851336,3.7611144
864912,5.042314
16277087,5.1021824
6505941,4.4714527
10447691,4.494866
13155177,5.1433253
19084255,5.321407
9546039,4.9030986
1249469,4.731156
5443581,4.529283
9495205,4.120242
16808797,4.503063
7938771,4.035439
20764024,4.943796
17330546,5.576953
13444637,4.3931355
8165493,5.748082
10700945,5.3558216
13398697,4.280168
17544643,5.2436123
9415707,3.9325042
1198779,5.300012
15784743,5.463433
17878105,4.7871995
17301466,4.3661227
12996761,4.783654
1906804,4.384304
19691108,5.4990373
14916806,4.432297
2249464,3.8983152
15437906,5.3073997
8007838,4.687787
13355711,5.180024
14576204,6.1969376
14930329,4.8533926
13781731,4.1412735
11697189,4.743591
13061170,5.143777
6954857,4.434628
20680848,4.7835693
18199933,5.2971087
408491,4.2041926
19161785,5.312427
16396301,5.7235165
7883610,5.448001
14789011,5.4524026
20714517,5.0535417
11886170,5.166992
5122899,4.7839975
18674775,4.043931
14710717,5.8084154
12871137,5.271196
15436308,4.719649
10657572,5.368243
7435882,4.1107674
7696314,6.140572
10839747,5.0350046
15042329,5.707144
7773856,3.8892813
17692837,4.902886
18506737,4.4184155
3422470,5.562624
710420,4.3059564
7632690,5.2802024
12541294,4.8778863
4837651,4.036292
6673773,3.866592
7840131,5.596828
9880664,3.9704452
12833896,5.391104
17281440,5.0588975
5617856,4.3092794
9839906,5.216895
16708796,4.867345
12760823,6.5956106
11572429,4.8390822
13662692,4.89994
16057968,4.997599
14164974,6.149867
16520567,3.895959
6378388,4.6235576
13728204,5.299192
20770875,4.6532664
13431770,5.0649195
254409,5.477745
1731365,5.0469813
20541715,4.8139663
14958887,4.7218194
8520693,5.1138086
10500743,4.0252256
17480893,5.6797533
8337340,4.5228667
16702412,5.6317134
5628758,4.5653124
15985497,4.2805705
12520366,4.926753
18671139,4.130018
315982,5.716794
6834616,4.70067
9166769,4.5358915
11267982,5.563404
16176235,4.858422
7731915,5.5652447
1177725,4.2204537
13881622,4.1525145
17994945,5.4912963
21122731,4.311763
316079,4.5925293
6660151,4.9369774
797694,4.68695
9858828,4.19009
18009511,5.5787196
7024774,4.6586533
12204042,3.8720803
628078,5.1843843
21161707,4.173153
2959036,4.884187
17122334,6.164763
18228267,4.9077225
14202979,4.8839
10872646,4.746204
18502913,5.13714
9694392,4.3099313
2046807,6.035103
13249656,5.30797
17906961,5.0937576
13262963,4.970711
17534186,5.925493
10148955,5.3368983
4090224,4.2263193
17206784,4.066171
298759,5.0026407
8287266,4.4096837
17238866,5.5131464
8401484,4.8450694
7048418,4.4657283
8626801,4.0693974
2468252,5.0753293
656946,5.5058374
13687101,5.7276683
16752950,5.1610503
18256752,4.166708
15963915,4.597137
1537421,5.370026
20174551,4.137265
6094597,5.635564
5441543,3.3779905
5009416,4.3096933
5945,4.6128826
9304676,5.265642
15264864,4.2251697
11947067,5.833764
11279493,4.942475
4157122,3.743143
14294282,5.793162
3844150,4.5248656
2432755,4.845897
12623775,4.789569
19260393,4.0101767
14912450,4.264793
4517177,4.617132
14238772,5.0008183
13668127,4.4863205
15130671,3.8908124
13562051,3.9318213
17316867,4.283771
11584288,4.6332726
17774989,5.202862
12547481,5.0523763
15840089,5.084125
18360889,5.0117807
583224,5.101459
14203693,5.330823
15348147,4.7086563
7517907,5.119514
16187294,4.8297257
12336640,4.988686
13300964,4.9918094
9777530,4.443922
8182137,5.2568984
1142127,4.3118405
3789600,6.850406
8328410,5.544234
14843783,4.711775
6543312,4.8175054
10225829,4.2221365
16557829,4.215326
8000680,4.2044373
20166404,4.0427623
1291440,4.217742
8549497,5.195211
19827502,4.064269
16175456,5.17567
14947313,4.0318303
21122202,5.5268664
20191934,4.7969146
16242842,4.9576344
17618772,4.216532
1040156,4.4729753
485197,4.52613
5771366,5.4633603
18176762,4.5232162
17239515,6.019346
14853432,4.1543884
15432250,5.277863
7221598,4.353575
941165,4.385685
16369924,5.370769
17239268,5.6419373
11553357,4.150542
8276309,5.285192
3862242,5.5222735
9960247,4.1896567
3101364,4.126344
16436737,4.353717
14648838,4.6226287
20502231,4.9004445
11531154,4.532493
6557381,4.785751
17789099,5.0721345
17777178,5.284957
5534747,4.9284415
15102026,4.8661222
12675481,4.0594773
21054696,3.9244957
9614593,4.078314
7320353,5.793696
958188,5.298712
15043870,3.9089916
9649558,5.7828774
4720506,4.1523232
18595086,4.273536
17667949,5.4266253
15562020,4.575247
17876410,4.817298
18412821,4.009617
20286716,6.615156
9505119,5.3115563
6481324,5.6313825
2260159,4.3819637
2689136,4.8185215
9492556,5.4734244
5627418,5.890414
9909627,4.8048754
21164316,4.0019226
15956009,4.6469846
17746614,4.161168
14771985,4.635557
20679845,5.648763
15469541,3.9418948
12253338,5.6097765
19996830,4.7747536
16175674,4.474043
15780171,6.527814
17545869,3.9851425
16343693,6.0732327
12005034,5.804423
11735268,4.7938523
18136377,4.260311
8100475,4.63603
1294389,4.7660375
17686907,5.6067095
804614,5.5938363
9331460,4.199479
15858747,5.1683807
19178193,4.102001
13674701,6.043054
4935717,4.094727
1301700,5.88569
15054617,4.239518
7763615,5.8029933
14473457,5.976758
218006,6.212717
6576336,4.014496
6976045,6.2810464
1441426,5.274691
14088558,4.8009167
15911342,5.9851627
12158686,4.507905
8439595,5.9910493
18046144,5.2985735
20805139,6.1762686
16005284,4.426456
14586243,4.5319943
20763189,5.0076675
11525048,6.7488613
15634670,4.530605
273960,4.697332
12984535,4.135834
8311932,5.025279
3675270,4.9326024
52123,5.662967
20409623,4.097468
4141987,4.214225
9988315,4.1469674
8595489,4.972368
2365645,4.535983
15807267,4.519541
18464508,4.2479
11374008,5.4513354
16912640,5.531338
7771287,4.8419166
12299450,5.418537
19532737,5.0307717
19789620,5.225787
21030003,5.202944
20912332,5.0449166
12783809,4.414644
16794487,4.4396887
13114019,5.301682
5805238,4.127404
16361439,4.9540462
6464702,5.124801
4482945,5.1914177
14301857,5.3976007
15075561,6.103485
18713841,3.9364593
975664,5.0695977
3061995,4.720504
16269973,5.0423794
14284707,4.8178744
7698190,5.269685
20815139,4.5809345
6784807,5.2733808
1072212,3.9172232
16244553,4.6152997
17734985,4.2491994
17345662,5.0970297
16287134,4.9312162
16259629,4.53037
10542697,6.6117845
5358742,5.664733
8222742,6.6381125
6824042,5.7545466
62651,4.746863
8380906,3.9819167
2297259,6.0389647
19015421,4.6773295
16531993,5.0942335
10125955,5.161277
5287327,4.6915827
15296557,4.653894
10700563,4.199553
21116651,4.719432
4654435,6.144041
20785474,5.735104
4488882,3.8771732
3895261,4.215467
7759754,5.0982194
21058406,4.0459337
8194730,4.6781516
14490996,4.5643764
5881858,6.7355785
11008845,4.180184
1326577,4.30723
4833671,4.8244147
16636812,5.1676307
4801767,4.7061224
15524715,5.260266
5747720,4.3318133
944840,4.526556
22212,5.265745
17305606,5.10309
19528290,5.2336545
16910795,5.582434
19172317,5.4991975
1959024,4.1447573
17269114,4.280263
14136246,4.517664
5918090,6.3225517
4000887,4.1838593
18824535,4.193861
8115321,4.7570615
7692870,4.96349
20973084,4.606059
15377300,4.8016305
9473492,4.3675013
1742535,4.3381352
17902970,4.635606
6767661,4.3277097
13561422,5.299961
16415389,5.036542
2447661,4.2552958
14160499,6.219615
27558,4.307833
12854149,4.6798773
12407753,4.657437
3984077,3.9731636
15940430,5.620079
7928656,4.366256
4708314,4.506605
5738892,4.668137
17651206,4.699411
3310288,3.32349
14352624,5.491074
16910040,4.677799
8668609,4.5792446
19290154,4.6157565
14125614,4.7180376
19069381,5.3828397
16977568,5.0036287
13435029,4.2968187
20577974,4.2716327
7611764,4.4540167
2645165,4.5462728
13063417,5.274977
18777049,6.5998096
1260031,4.501129
7713509,4.6691775
4445104,3.6549153
10772378,5.050546
1252327,4.849907
15034827,5.1523747
8238028,4.645065
5893791,6.363872
15471763,3.8986144
16442395,5.2075334
4359921,4.1505046
9275442,3.85744
8336347,4.1271696
16467383,5.154314
16526902,5.177745
5310304,4.9022703
4651354,4.325585
8555411,5.226945
2151104,5.286812
15020558,4.2899065
1684152,4.4785213
16176042,4.789219
14076357,4.9132338
17300611,4.9836106
4738275,4.262277
275976,4.69674
19500430,4.795135
15959464,4.399928
13417410,4.796218
16288167,5.652111
20355282,4.730918
3111197,3.9950283
11553692,4.391147
10787333,3.8875065
14575962,4.7182264
18010065,4.326381
20542967,4.343433
17222935,5.395025
14577111,4.148244
11342617,4.6001334
14800291,4.8069143
2717461,4.6254334
19609887,4.1453567
1174758,5.498045
16122505,5.3660164
9413842,5.6109524
14772877,4.7913384
16965043,5.2985134
14778622,4.0382357
17342172,3.7067893
20769841,4.771157
13800346,4.0742717
9175459,5.4875255
14968345,5.294967
13731572,5.1453247
13515084,4.568872
17927087,6.216511
3817210,2.6703365
14467602,4.095103
13151009,4.1755543
17980098,5.647269
3101535,4.4491496
6292699,5.2290316
36067,5.9263573
9921763,4.698016
741202,4.8651214
5174955,4.4157815
9645880,4.869093
14089742,4.634092
1232925,4.990754
8719788,5.3127804
18357504,5.2695627
15717820,4.242799
12830201,5.1929483
992676,4.2891264
15381807,4.8191233
13096778,4.6193314
15621583,4.511367
20587645,5.335344
19115864,4.1396127
1083221,4.6736073
15732386,4.7873173
10020079,6.9329505
9487251,4.162315
17158200,4.223973
13044495,4.6523232
4332953,5.707883
18290054,4.1758423
4860876,4.3188014
978449,4.0744867
19460197,4.662406
16841844,4.567945
17874591,5.070146
18823750,5.4461174
14163324,4.373649
5328444,4.48179
13296589,4.047115
6633846,5.239279
13528866,5.088747
12268761,5.3907576
19066400,4.5776386
15648776,3.9909644
9679914,6.0845103
2227179,4.6963167
10520537,5.4138503
18940344,4.8846083
10126600,4.7925305
6344936,4.982168
5970073,4.2382197
3372289,4.09804
10394235,6.4322076
16975094,4.5142927
6795093,4.5238905
17078863,4.7459764
20067562,4.888486
16609266,4.656801
7807850,5.34619
15296647,5.638335
9215842,5.77705
16237242,4.6348395
20992927,4.2653823
16400983,6.316326
83760,4.301456
8275676,4.186443
5316660,5.809583
8168139,5.2191086
15408863,4.771462
9633184,4.5661974
16517205,5.3823314
16703741,6.483043
18213463,4.5567503
3728303,4.318317
18025875,4.425398
8391970,5.2692227
1266411,4.664219
11437634,4.198737
4813423,3.8465793
16193757,5.0032415
18396312,4.011451
14351693,4.360503
6958342,4.6726465
10656899,5.475151
6670064,5.226556
7854052,4.3394275
2943313,5.480156
15958841,4.860031
16703591,4.7437577
9929658,3.9699612
5415052,4.980971
13546808,3.8415842
8114865,5.051505
17030043,5.0819545
14122231,4.074932
7401786,4.523575
17179277,6.265761
16733317,5.2752233
19208402,5.3302264
7309852,4.2433352
19096603,6.0113406
1316691,5.2212644
231414,5.53442
19845373,4.7733626
8170822,4.8753757
6386363,4.655964
2658325,4.0388465
2384833,4.751757
6250041,4.747761
13298771,4.5502915
10588705,5.2227507
8904937,4.1238594
7852469,4.6183076
12643737,5.9265294
9428356,4.2238073
19894934,4.9825964
5813715,4.7605944
582686,5.037579
20047337,4.1533103
13328897,4.558553
18414233,3.8902307
15805015,5.7040005
15808888,5.1448884
1248661,4.4287133
15421637,5.1087832
7110657,5.3995633
17523630,4.7136073
15114265,4.740563
18396762,5.152516
4277696,5.5567803
1050419,5.4814463
9769921,4.8411303
13303560,5.0903263
4559312,5.172439
7918170,4.666221
10842610,5.117756
19947224,5.439055
7776523,4.545048
14281484,4.0845747
15821383,4.2423673
4699061,4.65145
3592191,5.652467
8615758,4.5251803
16791288,4.537211
3732441,3.8902738
4784846,4.727859
168546,4.914307
13063294,4.703021
18018995,5.2167068
1251566,5.084894
10531003,4.5044193
225887,5.4892573
19566884,6.353103
18361820,4.009662
16799328,4.4228177
14839021,4.6672974
14303761,4.568401
17251611,5.027665
18547981,4.6437087
18526850,4.6492834
14705209,4.3256483
10701568,4.8144665
15206599,4.899305
9415685,4.0407076
10798553,4.7136893
16634357,4.865462
7062359,5.930879
15529336,4.699768
17378741,5.0069613
4791389,4.880592
10333345,4.281466
13417080,4.456256
13830415,5.2407207
10392932,4.9028444
18076273,4.1980515
6120001,4.4209456
17940576,4.4795394
16054188,4.135252
16427955,5.9886975
13869356,5.2904806
13711597,5.036344
17640722,4.955012
20829001,5.621564
16724357,4.7312546
14587974,4.401652
9413714,5.400039
16615437,5.1464243
19805940,5.9678674
282863,4.5486116
1027843,4.5856223
12990286,5.1786504
10996261,5.1926613
17460510,3.9266658
13655759,4.5435367
2155345,5.9617357
2942121,5.437909
20395487,5.1968594
11544445,5.101882
19072587,4.301515
13126529,4.791177
861775,4.066961
19289288,4.357693
16939981,4.6218657
12836671,4.81744
12844543,4.470421
14930008,4.5236464
1938762,4.365515
18393054,4.317387
856440,6.3192782
10377405,6.291046
11520967,3.8060012
19847690,5.4575834
14233165,5.1495967
16765113,4.372621
7651497,4.562734
18374250,4.755618
13941732,3.690276
9550310,5.399477
12886507,4.2127495
19791513,5.413446
13171246,5.3187
16662425,4.6891384
16644766,4.1565914
11625317,4.709751
31796,4.190924
16507804,4.145994
861486,5.4564047
7329782,5.7332644
6921831,6.2132044
15745537,4.615329
6064471,4.8761554
18911095,4.910357
13969424,4.6282105
16113950,4.0348377
18404432,5.269233
18061470,4.162452
18565752,5.0890856
13648600,4.010144
19731405,4.3157487
8846542,4.138662
11870731,4.8226476
940794,5.637433
15236053,5.2990975
7972727,4.1985364
3614159,4.9037137
537446,4.737049
17105447,4.3420277
9316079,3.7961903
14808072,5.2076364
12037967,4.399516
16490513,4.494073
16662089,4.9573145
9525490,5.124453
19289583,5.7613277
14802377,4.4541187
841337,5.085066
13901887,5.3902698
1044731,4.1802897
7776769,4.801951
6968231,4.184386
16996468,4.1464043
7126996,4.463603
17105986,5.1373916
257097,4.7804055
10418749,5.979637
16857907,5.3727417
17030018,4.775659
16704776,4.782109
7869876,5.959939
18475792,4.9863176
14198884,5.204271
17405146,5.601413
15448502,4.685925
925318,4.5632477
11584799,3.8005083
14503708,4.617293
8166218,4.9822755
15073369,4.7274146
11118670,4.290176
10195383,4.009028
5424052,4.6789384
16189358,3.4418223
2223085,3.8867784
16416112,4.0898075
12563328,5.9718637
16604112,4.77916
2592275,4.7657957
4823654,4.356336
12367770,4.695515
13585835,3.8308759
16269256,4.0414658
3139043,4.6764855
18396281,5.0309267
5172992,5.4662814
9461317,5.2323294
17712166,3.7098596
9836125,4.6850734
9574953,4.768296
19607812,4.9698305
10049335,4.7485805
8369895,4.4124746
1864230,4.4498005
3494073,4.407382
5577875,4.946414
8459696,4.6570334
15272414,5.0208745
2764131,4.3524847
17367369,4.3211894
11574642,4.533005
12229958,5.0122275
14052292,3.3972857
8034514,5.9328237
5297788,4.012771
4085040,4.0014153
9532329,4.2774563
5748614,4.3947134
17591030,4.4047585
19161692,4.506574
7030990,4.1809855
18427460,5.173161
4041806,3.9939556
15803552,3.9234397
15166572,5.012616
12836797,4.218091
5386280,5.003564
18075511,6.136512
4907161,5.268336
8729771,4.7483644
645780,4.2085433
16550856,4.5766377
6649555,5.215169
12657039,4.349905
13282284,5.15495
9923319,4.7410893
19123593,6.767448
16764130,4.388283
3485539,4.0048
15738299,4.746492
3664031,4.798416
9855531,4.429119
15318231,4.8546557
17669048,4.751125
15486009,5.4935007
13333087,5.3067765
18057067,4.408312
16759371,5.2089834
13528768,5.0966725
8799559,4.248402
6591601,4.0069776
9836642,4.5743194
17173266,5.4250836
10965671,4.350814
15986180,3.9892612
15215376,6.8485937
4347648,4.2684755
11923336,4.5208015
13633448,4.8341656
6732446,4.284538
6679063,4.8943944
6927059,4.70888
16871364,4.2135167
14649979,4.716801
15820512,5.023022
16367827,5.6565275
10688178,4.160561
14093337,3.678126
7470253,4.788611
19894567,5.0965037
9152965,5.29929
537771,3.86854
8368973,4.546746
4173285,5.1870494
19033924,4.456541
1582837,5.1944804
86945,4.0760894
17384226,4.6675835
15173640,5.825921
5932092,4.5675206
3560261,5.310693
14486871,4.685623
7292943,5.0632253
14220422,4.197324
3331279,5.820532
19799275,4.815607
1445542,6.7306094
8819442,4.187723
8100904,5.6582246
17750102,5.347104
15549085,5.0601015
14353790,4.72698
457862,4.225704
3795794,6.39379
10922889,6.4582214
13462311,5.167122
7035094,4.479522
9369699,6.1617494
19129054,4.788143
12872882,4.6860037
12797280,4.929158
6611652,5.4510226
11851288,4.34092
1439028,4.0035563
7450216,5.478774
2565292,5.0665383
3526117,4.6365266
14747746,6.358188
4144162,4.5059924
12386097,5.5508704
644833,5.4593644
13358192,4.74625
3095253,4.6830015
3775379,4.822262
11993159,4.497632
3884614,4.1443458
16324805,4.125523
11136854,4.887301
4899352,5.296623
10454061,4.5638337
21227461,4.6499915
19328837,4.796096
17178977,4.737765
2730497,5.0222793
17570802,5.199198
18449565,4.9577713
466678,3.7843091
715543,4.672014
7065061,5.222111
9806373,4.211373
6638049,4.4231567
21154302,4.290704
17931035,5.2374616
2274408,4.0703487
7896923,4.347466
4727863,6.459371
20756830,5.3908286
4121879,4.6590295
12864095,4.828741
18635700,4.486451
13723589,5.638844
7114423,3.999986
1652433,5.194882
17866336,4.7254596
16806512,4.7903166
4824046,4.124969
16588866,4.684225
16297519,4.726111
16348371,5.086367
5641644,4.478054
13825159,5.672369
16000062,5.3126445
10380644,5.7218328
14022815,4.1077695
7163276,4.85055
6249740,5.1110597
3503317,4.2712526
12275291,4.0672536
16258536,5.09833
9243055,4.334877
1515522,3.7081165
11244308,4.7368474
19416575,4.1050773
4188557,4.153838
20898244,6.036538
12328112,4.642332
15949915,4.54198
14110175,4.924602
423149,4.854512
121717,4.2190776
6210980,4.340281
9165191,4.1506257
13031874,4.2823114
12450026,4.136869
17955831,7.4424396
7111917,4.1813984
8616102,4.4717646
12270677,4.3648353
17514674,4.494458
17494062,4.246032
14628204,4.3254104
20355929,4.1795382
14813006,4.0784183
7732975,5.375652
13749650,4.102778
17893317,5.9477496
6038028,6.706548
671544,5.211206
10637554,4.7635713
1906993,4.8163276
13802778,4.532203
15664359,4.388245
15753718,4.5113645
10060079,4.78185
9539179,4.9602013
20763877,4.8366942
10088636,5.166892
10422987,5.3144855
16997375,4.3193316
3979425,5.247621
17175359,4.207687
20410602,4.7949467
21041382,5.2866983
82549,5.4676285
213216,3.9774556
5307290,6.3261433
13886867,4.041945
11971580,4.1205964
3877477,4.46625
8992704,4.2088847
10243685,4.4979115
12994980,6.3856235
6909460,4.731264
14884649,4.3826785
18893482,5.030998
15250033,5.1440187
4607935,4.295449
12627389,4.589929
13468108,4.864929
19494560,4.7224965
4122105,5.035039
956782,4.2103524
2723303,4.2050257
18681060,4.997789
6924942,5.3320217
6837529,4.57769
3434471,4.655451
12754450,4.490837
18993190,4.784599
13589669,4.977766
14838880,4.094601
15028194,5.0072165
6974229,5.1068716
19306785,4.889184
6861983,4.602078
20227539,4.207749
2278299,4.3091087
593253,5.09176
16256406,4.5956416
12316895,4.1756344
15354260,4.510027
1089619,5.0351243
729771,3.7308009
9838585,4.497344
1524895,4.4984365
16103540,5.871558
21136787,4.3346853
20250864,5.1408377
17958220,4.9226303
7706099,4.962075
16038601,5.6312313
9460612,4.66709
11492423,5.6699014
11672888,5.2107553
10436734,4.984004
2355060,5.2800937
13712441,3.8897984
18286926,5.1213393
13672614,5.4947634
10187520,4.726655
16345807,5.0653124
7517504,4.179183
3861943,5.2370067
644720,4.8097854
9040476,5.896944
2254269,5.5291896
7203332,4.8851867
2524082,5.0316057
8006992,6.077069
11101525,4.831123
20611,5.064534
695465,4.3319683
17367175,5.0626526
2479175,5.359278
13734123,4.6365786
1076362,5.0740905
668179,5.0572
15982486,5.0433865
20802217,5.7787595
15692540,4.3959966
4621213,4.8076396
8662518,5.17465
14945219,5.3726473
6019661,6.059535
10818256,5.0702643
15086801,5.3500752
17160220,3.9667246
13170687,5.363535
9827938,4.7693367
19925100,4.3554187
6784423,4.798205
1108893,5.246041
8583203,4.507628
300140,3.9701684
3489100,5.415084
19271040,4.007852
14556875,4.4119544
4092017,4.581421
11165146,4.8212547
15177338,4.6931844
15339041,4.5533633
11260839,5.0404153
6764884,4.896401
15238608,5.935458
746270,4.26666
16602143,4.6639023
601180,4.857621
20600427,4.6759706
18051531,5.2015586
12621291,5.364897
19328446,4.203429
2711082,5.206518
11874190,5.9874935
16412763,5.0367813
1966173,4.706796
14649624,5.1333194
860446,5.9045634
12932894,4.4153695
2015168,5.724161
16451397,4.598606
18357403,4.8205233
7583236,4.9815125
20392363,5.055307
4998450,3.997399
8371094,3.9751394
3739365,4.322543
13335782,4.701123
13711334,3.8782613
3554396,4.4326735
8859249,5.2291117
6261381,4.748245
17498060,5.2716217
13814227,5.3752694
18134937,4.114565
16479064,4.8683653
663623,4.716802
8831959,4.4961095
7844074,4.2676115
5160309,4.342761
9461345,5.701618
19402833,4.9584627
4129166,4.9208927
3864340,4.2336817
19290385,4.8454547
12543892,5.073878
18946715,4.958802
14743469,4.725465
20194665,6.037848
8935581,4.2625446
6644669,5.5124893
3415794,6.5358624
4766321,4.299134
14915028,4.7670755
18394315,4.1675553
1360873,3.8658552
9096327,5.685099
14944572,4.684084
6611419,5.186191
20648391,4.63191
12645495,4.474141
10724034,4.9310555
16380369,3.9760215
480737,4.103259
17877837,5.8451295
7344349,5.1718674
14591043,4.174523
14353077,4.669966
6870618,5.509273
11767916,4.957099
4250093,5.490316
3757460,4.125087
7032225,5.0032105
16710334,3.9602044
1026565,5.8551908
14731561,5.0315914
225933,6.2390285
13017050,3.8436458
16136287,3.792905
6169606,6.0844917
58471,4.6443624
17047371,4.4300776
20744968,5.5814037
8166474,4.229656
8252058,4.2525334
12113494,4.9857597
6054400,5.215719
21028518,4.8874683
4633440,5.7563863
8444013,5.405006
15498439,5.182132
10861201,4.70418
18332922,5.485826
13394065,4.538205
8444140,4.519827
7279874,4.770982
19505747,4.205407
1742144,5.2617006
667662,4.8753505
16669126,4.823712
12037554,5.2176895
17027820,5.5006957
11866156,5.1415005
20976767,5.8962274
6012187,4.6252985
1332570,4.835583
20033323,4.0906944
14982260,4.609063
10233905,4.60604
4160585,4.9050083
10995738,5.016023
14036741,5.190154
508326,5.0074735
21138275,4.204721
772679,5.526154
16676113,4.1233964
2447647,5.059647
10388589,4.7674203
2794734,4.080051
20006337,5.095939
19786549,5.2024865
17420813,4.582949
640813,4.1789827
20145152,5.7068315
6938730,5.48045
9979707,3.836759
14786770,5.1077237
20482284,6.0748105
20456324,5.369021
7052658,3.739011
7743335,5.3314347
1631278,4.576829
3095593,3.7918482
18105865,4.6881313
16525202,4.1616178
124057,5.5479665
9995426,4.3849134
17249161,4.3525915
9155212,5.3125544
20802583,5.858875
14089808,4.878473
20247895,4.293765
20811420,4.659387
2042316,4.782834
7561686,4.6753945
13717458,4.5198298
14524686,5.204265
16117102,5.7177935
16725021,4.1201158
10121019,4.1182504
16117085,4.054796
14112354,6.9582253
4885240,4.130113
294263,4.4966598
17964221,3.9087257
15898793,4.0917
19964244,4.2142725
5769606,4.1312943
9557990,4.9270005
18359426,5.020896
18196880,4.2404246
6777741,5.1933746
19209477,4.5594087
15470563,4.554443
12199977,5.084349
17618928,4.59205
17879606,3.8623834
4500806,4.5344157
1101370,4.7303114
611009,4.642337
18201886,6.0432644
4785105,4.319805
12536508,4.7287803
10254619,4.6229596
16193921,6.5839753
5050353,4.1554885
4638668,5.094224
14283423,4.848202
1121391,5.2493005
16402189,5.2814245
14338724,5.727424
11258581,5.26034
3085133,4.5403323
10137499,5.12568
13606677,5.471922
20788050,4.4812202
4720740,4.7972565
18668105,4.695145
16489642,5.2109528
7481692,5.1286125
6270767,4.1624355
15896193,4.431366
15693986,5.52221
2683387,4.8676243
17529793,4.037018
3325310,4.655088
9904487,5.133038
15972786,5.794907
4817208,5.0002127
12365159,5.3463063
11174,4.030178
105416,4.8133764
18018826,4.1492043
9452406,5.4156365
14991942,4.334531
9112240,5.0035706
7558748,6.0566025
8438775,5.0878243
380730,4.2521143
18076816,4.6513953
13474702,3.9596415
15518165,3.8812847
15453074,5.7124352
14140905,4.4892254
15558562,4.178051
19437355,5.793203
10041002,4.9667745
13683769,4.544472
2407940,3.9925518
3583702,4.755723
1521335,4.436109
4275896,4.590809
16535277,5.778989
13064386,4.6708727
708358,4.649257
9129113,4.633696
180174,5.2178802
5102836,3.8902507
9492785,4.438373
1863106,4.2935457
16350888,4.025507
16006690,4.7484326
7177417,6.0337443
14238138,4.6673694
10910647,5.5124297
14114009,4.4981666
20478951,4.4811234
10293739,4.9703217
1901631,5.322276
8025808,4.218513
17255673,5.2884173
6835487,4.646008
13182093,5.3403263
9766922,6.0658226
10751162,4.407011
20022710,4.1873507
19379952,4.6734147
17862151,4.2336817
13058047,5.110151
10085521,4.9073806
2163602,5.497954
18139673,4.631493
11911675,5.701786
8084550,4.711166
14235394,5.4419446
8381173,3.7480114
16737042,4.8419003
14303024,5.2563543
5183225,5.039244
16195015,5.2522955
4519926,4.717694
3421927,4.329316
14547628,6.1619287
10166953,4.1786194
616897,5.296534
14312075,4.6164403
71502,4.2439456
15915444,4.632742
18270838,5.0616646
11756304,5.6801534
17423613,4.9925013
17847542,4.1625595
12558307,3.798523
15915152,5.1314206
19049402,4.882264
13909222,6.0559177
5969530,4.8324738
13449737,4.163546
16462547,4.5679197
17592063,3.780282
11141064,4.824868
697260,4.649746
7744854,4.108325
16031249,6.0303884
1684346,4.6259193
17777654,4.0149007
21120066,5.064064
13769022,3.898837
1511076,4.3904314
16518454,4.2257323
15483346,4.911893
6871605,5.038326
2544937,4.1885266
18377794,4.290567
1271318,6.03388
19227069,4.172475
18079562,4.174807
9676514,3.8949645
13187816,4.23227
2108851,4.339166
2883054,4.359319
3175657,4.06762
9778655,4.3222528
11080366,4.0975704
12207508,4.569563
18254135,5.2948284
19135956,4.6993155
3651965,4.23653
10587549,4.618867
12973317,5.406229
14383928,5.403579
2650178,4.251465
18223641,4.9560795
7134550,5.26568
14834339,4.256027
17437534,4.7849236
18244935,4.41055
2134805,4.9251676
7898284,4.839887
19942080,5.3069887
12427898,5.1660314
681361,5.391345
4865377,5.901651
7900546,4.975723
19825573,4.820342
55590,5.038931
319707,5.0876064
4874519,6.140978
14727682,4.55567
1045897,5.610114
7235320,5.7218122
11260762,4.685182
17979354,5.954823
17421433,5.139646
5107706,4.2343245
16444491,4.895871
11685868,5.527756
2660412,3.8401098
16001745,4.035462
2243125,4.626089
20681294,5.5881104
7545212,4.56244
6716477,5.1837606
15236335,5.641162
10568710,5.0221004
16480716,5.9435086
17320749,4.0134087
11147156,4.4110584
17529380,4.448134
18902025,4.582453
14670860,5.77153
16056607,4.8200827
9593388,5.6735477
21054650,4.5809264
4645755,5.4740076
564074,4.523891
7389360,4.289607
4223387,5.2910266
13433870,5.6573906
16051694,4.795697
15887871,4.564383
6421799,4.4922643
15512725,5.124635
7921643,4.6978555
12158884,3.8688936
3601254,4.9919877
18987899,4.714037
9115165,4.2847133
6336834,5.7002935
20190580,4.139208
10701625,4.206799
7700185,5.9651723
11417978,4.3131876
15189516,5.417801
6689542,4.0108495
2815041,3.987094
11760914,4.154226
7071403,5.161771
16389777,5.064505
6711144,4.1917977
218672,4.490937
5784531,6.642916
12095161,5.116822
13309259,3.6951828
15373282,4.3831334
7916575,4.0718794
12751209,4.2848716
13514484,3.8266559
17575147,4.6994786
13598658,4.186838
17160425,4.2466807
16070042,3.9234252
18321712,4.629071
12433302,5.1484513
20781985,4.8700647
18857472,5.281651
18124604,5.9000783
19822620,4.3437114
15330302,5.557631
20026270,4.814599
15914579,5.024973
17152824,5.062422
1949657,4.1270256
14944166,4.269394
13326671,3.847955
4143695,4.750883
20896605,4.9225764
18993091,5.0831356
905314,4.69588
21075513,4.893259
12390575,4.1619835
5366238,5.038336
8281370,4.40013
5785674,5.371214
9707671,4.986315
1737628,4.703953
14805984,4.9505496
2262357,4.3363976
7151854,5.2821856
16999240,5.0523443
13585081,4.884307
3362970,5.295682
12567214,4.441662
15336197,4.170158
16964408,4.304714
18721027,5.059824
20649687,4.6012692
4685970,4.352014
20435543,4.4939127
13761654,4.6791596
19844500,4.137523
18266105,4.1277256
12684235,4.2429895
14013101,4.8868213
20119785,5.149975
7987971,5.675365
14749412,5.567195
11122042,4.214218
504295,4.964324
7886732,4.181151
7775627,4.924361
11802428,4.9671726
12210237,5.1029625
8053887,4.296513
6228435,5.035252
19272653,4.312551
8473735,4.35023
258838,4.616574
6205219,5.258307
8973787,5.112559
6259639,5.1935887
4181102,4.21932
15177733,4.6513243
15482081,4.1972394
19625292,4.951021
15650434,5.1044006
16647602,5.141555
12564715,5.932436
15284961,5.6277337
20731906,4.7727423
12408773,5.4843225
15764090,4.0591855
2079686,5.390977
17118782,4.497103
13061972,5.90426
16362644,5.145904
9606305,5.5478272
4103323,5.5900383
4303600,4.5651445
9453249,4.170061
7902291,5.1123624
15463873,4.5871935
12813625,4.961251
10905572,5.0967793
5202631,4.076608
4562350,4.5535297
18842507,4.702879
6243643,4.764926
14045785,5.0516872
21165312,4.2915483
20978951,4.111677
15420453,5.789598
6130957,4.556996
6062745,5.621849
12763385,4.6060824
3488199,5.3227315
6397094,4.5240226
197756,4.5527315
3101728,4.215729
13589415,3.9735906
4607462,6.336331
8933153,4.8928647
17608575,4.1604915
20651803,4.2157326
9063428,4.5407567
13138104,4.493057
21160858,5.7220507
8905790,4.7297196
20690681,6.2541337
8404349,4.571163
12309190,4.2482452
982304,4.6524954
18176917,3.5456839
3563041,4.7679834
12758519,4.2452097
17386464,4.7370944
19304453,4.432793
12833358,4.949028
10605445,5.293284
1333006,5.2112317
12814696,4.7714896
1467025,4.677865
13076938,4.6933327
791191,3.8935928
15144916,5.566623
14011173,4.2647557
12522062,4.589991
13030999,5.426112
16258945,4.5369687
19072989,4.4997196
18091194,5.4996753
5418807,5.4725494
10000470,6.3114347
13375936,4.7024674
8133275,5.3982267
10910288,5.5773826
16309474,4.0700107
15378775,4.130351
13788701,4.378966
1545266,5.2962766
16246111,4.8304963
20803490,3.9389534
11190379,4.085192
7457615,3.7814133
8589299,4.6625004
19807710,4.5838203
13504747,5.5128593
2019755,4.0538373
5065185,5.084219
20056328,4.7920012
4000133,4.8745117
844117,5.098737
13698932,4.073552
20285033,4.4158764
1084649,4.9783297
16813264,5.3906507
553370,4.0042334
15742996,4.4083037
1623443,4.416773
345430,5.877672
9924665,6.089948
5008402,4.9739547
12227565,4.33191
14014993,4.9474926
16189517,4.197355
11738926,5.28694
16154541,5.085995
16330484,4.8535686
7382396,5.327905
15620823,4.844851
3750917,5.0041914
16479914,5.310821
17475107,4.4312444
208831,3.9049747
14588156,4.578918
10470115,5.7742186
16691154,4.1715064
19615294,4.4715347
4038587,4.6463246
2748094,4.482473
5969074,5.5616956
20599841,5.0301275
16228603,4.315338
20206749,4.535439
10019388,4.984777
10023082,4.3597126
15161981,4.4579473
16866,3.8787587
9969773,4.51162
16565709,4.6862197
19314680,4.9810195
16561442,5.163165
15806642,5.1831756
14386727,4.4391103
146726,3.9899828
8995215,4.946975
11949881,4.138082
16468614,3.8352244
12874125,4.5777235
16134304,5.9552026
13265829,3.9621112
16243107,5.0187674
20851751,5.045632
18179606,4.288786
13263519,4.324504
5104046,4.7029104
1528568,4.057181
20406782,5.0600986
4810148,4.618036
4628603,4.829361
13800319,4.1939406
16696243,4.374382
7912958,4.609863
13700159,3.9317176
10117951,5.843854
10880486,5.5027432
12513116,4.9983387
15971127,4.1718335
14314293,3.749205
7402354,5.045069
3465977,5.0217786
17188465,5.232776
15205214,4.3114476
13331968,4.6411695
12188895,4.6102576
892059,4.454967
10163955,3.7530897
16368033,5.536529
5029703,4.8688602
15857473,5.5900455
17961994,4.5675387
8592609,4.1619782
7280717,5.3798795
6712618,4.8163366
4822948,4.1157465
17992911,4.783105
1712669,4.8434863
18602265,6.0889397
12982866,4.4630103
2181871,4.463894
4124231,4.405039
8339307,4.374627
20138516,4.3758235
742795,4.5876555
10494550,4.7374387
17928931,5.1734214
9066741,4.0284615
17517319,5.766233
4183797,4.057732
15774266,4.1074243
17240832,5.2024703
5241043,4.3204865
6377142,6.2812166
838589,5.330798
8035797,4.5948668
18716560,3.9274895
18692028,5.1115584
16191009,4.256677
1074090,4.2509995
1099387,5.0292892
12673949,5.032203
15900076,4.1947594
9580218,5.627398
15967943,4.9242864
6854357,4.5868316
20918764,4.206369
4546721,4.23507
12094845,4.1988482
13416789,5.019025
17398509,5.4745784
4089940,5.6719384
17591356,4.840996
1069266,4.450549
13563897,5.0387626
10343320,4.678579
824421,4.6661043
13914008,4.80542
10075227,5.153923
16040760,5.4014287
15037609,4.031447
9294787,4.99223
15492561,4.281505
18214019,4.7753005
1598328,4.87252
7238041,4.0723767
12964066,4.8273973
17609594,5.73951
15066466,5.0073624
2110938,5.2792807
1764106,4.916086
13006232,4.985089
848707,4.408219
21023216,4.6027803
15132855,4.990323
17027497,5.3972764
1142338,4.3199277
15057679,5.059955
9530293,4.712049
5929157,4.075504
7454378,4.5149083
1373260,4.5988503
20745208,5.2638373
2415563,5.036645
13435559,3.9029677
16176268,4.4225655
3729234,5.9157457
9593186,5.9503875
33577,4.1476226
13157778,5.083359
14385056,4.5881677
546600,4.6903906
6014961,5.4576583
2141667,4.4495215
18580155,4.0244403
4775614,5.3310885
19911620,4.9497943
9865583,3.9211156
1030271,4.9621534
11241809,3.928168
13711038,5.302505
13018742,4.4284453
13858626,4.4942555
9978619,5.86422
8428506,4.6614923
10928233,5.247144
15373017,4.204657
6248838,5.4090977
21169968,4.283073
14965978,4.4567246
20454587,4.5424986
3788075,3.7740045
13697008,4.2688746
13219821,4.73713
15007810,4.39336
4637515,4.2082314
19269531,4.354151
19877871,5.8803368
14483571,4.2487082
15422969,4.148592
1304410,4.8831077
12064710,4.200099
14406189,4.1806636
20831853,4.0629067
19019422,5.878543
17575433,4.88236
7476702,5.05001
3821677,5.9942775
16823405,3.7034495
12871310,5.6481514
16546557,5.012503
16426700,5.012304
747416,5.23065
891661,5.8323946
16924784,5.239607
2093816,4.9402905
8827147,4.5700827
11480301,5.617722
17908743,3.9442527
10068240,4.841919
6164467,4.2870984
14353213,4.188305
3916111,4.3010917
10946162,4.719672
15643138,3.6477437
17175106,5.5560536
1925956,4.2996793
7995834,5.0421853
6338562,5.3118405
9157504,5.7186375
14571580,5.145854
14264192,5.338652
8924504,5.542225
17989108,4.3041544
5292580,4.4200234
15643873,5.494884
19963641,4.0909734
11827928,4.4674363
6424392,5.3539844
20910700,4.58159
12973597,5.1668286
1546380,4.6757407
7350245,4.855162
15193818,4.6433897
18004658,3.8392656
15408774,5.2624464
13769969,5.1041117
18194429,4.0037
9615953,4.1780562
14593443,4.1697464
16133782,4.48176
998701,4.8675017
4499914,5.404397
16469278,4.0769753
17738258,5.9135923
9857891,4.641322
2436587,4.8960743
2351466,4.792158
16202095,5.163922
24349,5.1955485
673248,4.5870423
300343,4.810277
14415143,4.456302
1778294,4.713682
16489214,4.2821884
13845538,4.915126
15917278,4.3321967
8052494,5.6797094
4802299,4.236265
3319023,5.3386602
16269446,4.783475
3761446,5.584692
9699394,4.4221783
4476605,4.769276
1311846,4.984002
16355347,5.67068
10996579,4.563697
16315246,4.5723953
7322656,4.4440293
1873595,4.3703265
7732528,5.900831
12402232,4.25753
19470661,5.0603404
17240994,4.595172
2274084,5.067561
19711028,4.6706142
6071737,3.8627355
14490160,4.41266
3545751,4.7208495
15101317,4.805548
20651136,4.9862776
9685336,4.897777
8244781,5.1516623
5404627,5.3393846
14370503,4.5820937
13999822,4.961991
9768333,4.3690147
9928235,5.9314713
18091600,4.1866584
13157014,4.681135
7244885,4.697843
13371633,4.255125
12609202,3.8478332
17534189,4.8215632
9348456,4.9509344
13347510,4.517693
16368734,4.8663535
18598037,4.1762853
7460217,4.2006235
5530691,4.9514604
1356471,4.552382
7577594,5.5339365
17716077,5.1449966
16478472,4.608723
16845669,5.8195972
842494,4.368111
14616134,5.019362
5682873,4.756476
4661955,5.828347
794626,5.0766683
20727924,4.2400193
14014128,4.516761
4209927,5.266275
17108306,5.2699876
17713865,4.4451423
1455937,5.741298
9494277,4.5939403
17043468,4.2231526
17000626,3.895853
3020271,4.443238
12427868,5.0369487
8680417,4.652257
13514229,4.6929927
4677679,4.866751
9769817,4.1846347
424793,5.0072427
14711340,6.958373
16960859,5.1546326
16667066,4.369511
16925176,6.0849924
15377187,5.628895
935695,5.099016
16586135,4.5502934
12932992,4.152285
20167609,3.9319735
8372226,4.3091993
860827,4.3158937
14429433,4.2999783
17289246,5.000302
6327529,4.834855
8275052,4.633928
18226629,4.420129
6780285,4.367068
15943835,5.9164424
17652234,3.912981
17334035,4.6247416
20598137,5.4598684
20476765,4.794437
3655310,4.9527
20005568,5.018247
15360364,4.5909467
8412352,5.477513
6888674,6.1273513
8110327,4.90384
9609088,3.7962415
20068905,3.8751614
11911230,6.708802
7410868,4.1042666
16812540,4.190316
16614713,4.092562
17628362,5.844442
11048603,4.533418
11150447,3.9575515
16055131,5.121707
16917226,5.1154118
17283430,3.4572692
20495736,4.2919283
4807937,4.1819973
17779950,4.7598085
9434801,4.7391734
9289587,4.0934377
3191925,5.1434
16974742,4.6683664
5897622,4.9250536
2550527,4.4474335
564463,4.602088
7562838,4.2524858
9493932,4.0052214
15702970,5.5224285
15058095,4.657177
9308016,4.8117437
17363063,5.62479
16271953,4.4926615
9827799,6.0935273
17406345,5.1043434
16010783,5.030441
15407480,4.0465994
13811666,6.1896
6272125,6.2959385
14781618,5.0499015
51852,5.165116
20710652,4.562975
15603586,5.109339
12763538,4.067316
13395513,4.4498863
16880410,3.9998019
12957659,4.365856
7647262,5.8573427
4849864,5.340405
19904929,5.707098
623906,4.5050154
2299803,4.868531
16630650,5.156761
14120153,5.1886616
6072693,4.3867397
12543437,4.422147
4023585,4.2713985
14576133,4.7699385
6482531,4.8904004
6210050,4.2316995
267716,4.1077
18075939,4.6610036
1151952,5.344364
11798646,5.1964445
4698390,4.480574
17255213,4.824402
10058059,4.3068843
8762105,4.9564977
4661030,5.1278925
11031060,4.2234964
16914748,4.8142366
6729380,4.5519
11972493,5.5001755
2186699,5.247063
15310686,4.43834
7435181,4.3440905
1074406,4.3478513
14015625,4.6286397
13694127,5.443113
12783148,4.801434
16309856,4.1648517
8703711,5.2648435
4743338,4.1213136
1750722,4.692462
16439121,4.0502243
7663730,5.0740747
16194781,5.0900245
776765,4.9323325
13900931,5.5039115
5619385,4.472324
1233090,4.8900957
14203334,4.7594843
13862199,5.532976
13199140,4.7781096
18872067,3.616234
3908221,4.876723
18277566,4.148332
14551164,5.1612835
5016022,4.5825973
15399986,3.5092037
20775042,4.573727
7565152,4.175963
18286232,4.7033057
16259787,5.1385226
14109840,5.566971
9219588,4.24987
10948459,4.688931
19653893,4.7196064
14044530,4.4602556
20399118,4.643695
21065004,4.94692
21070346,6.4693236
21152513,4.4125023
16492064,5.060941
18842882,4.802832
7275497,4.1940064
4185822,5.1316714
15928201,3.9838536
15298394,5.073697
3132919,4.162692
140660,4.424239
10339986,4.565828
13996743,5.5333495
12902944,4.9784627
20790125,4.168754
14068515,6.055587
16855285,4.6785936
13264163,4.2556324
14029683,3.7020245
17211488,5.4830537
18490248,4.69557
16147718,4.954348
19381683,4.9024706
16263502,4.653733
16528572,4.3485165
16172326,4.60467
18141001,4.218077
19242994,5.0184197
19173391,5.1902614
16425896,4.5457134
473035,4.8935356
19979480,5.0407524
11148542,5.6728196
13328949,4.6745467
15132221,4.685199
18890521,4.614322
20950497,5.1843505
16111572,4.0753655
10911128,4.676641
184764,4.276623
18290841,4.607307
2566102,5.6398025
4902063,3.414449
14138133,4.79246
2259344,4.1550183
19334358,4.1805234
19806749,4.6119523
18447691,4.656704
13098701,4.809615
1085657,4.012907
9927400,3.7196639
11791968,4.5619755
7772309,5.26822
12123195,4.364205
19991488,4.849628
14576922,5.5930433
3425041,6.2147994
15419915,4.2213926
13525944,4.584826
3779790,4.8328323
7748456,4.4404097
5948590,4.258094
9790355,4.7158165
13607745,5.4597435
4400854,4.69922
985261,4.861031
13883795,4.419879
2187847,4.907082
9196572,3.7737508
12493196,4.5788035
12143408,4.4524813
7717877,4.7510047
19414664,4.8751554
6896225,5.1166835
9216997,4.4549603
12608521,4.3655663
17401993,3.8948512
17449634,4.983206
1112067,4.1620417
9772173,5.9298077
3962586,4.1990585
11207835,3.8902059
16416743,4.601751
8017538,5.7274046
7274041,3.6310363
406673,4.04052
15307748,5.199683
7483883,5.53175
17608648,4.1386166
913496,4.3899446
17979772,4.3923573
9740386,6.415736
2960160,4.615416
12539103,4.9174986
1741837,6.374598
4773463,5.023499
16054620,4.933649
16220188,4.5944986
15354249,5.8685794
1076726,5.259485
15433561,4.4888434
9278319,4.700604
739143,4.9681406
4783355,5.231643
489086,4.630386
18431990,5.0006037
11713271,4.6376343
6880336,4.279998
938330,4.4012666
16769782,5.23589
20773223,5.7782755
1229484,4.00216
15143513,4.835881
4045632,5.15312
15156901,4.195354
12854553,3.868336
21175464,5.6205463
20135169,4.620083
18364166,4.226267
12814508,4.4123535
9527053,4.04413
8385903,4.6652117
15437290,3.9311435
14935185,4.9995584
13176869,4.1351967
9211536,4.2907925
757187,4.3114495
11457547,5.443986
19458945,4.6560254
17198199,4.151942
3870158,4.0681567
16693777,5.1859856
2544914,4.272914
10503307,5.232413
17287629,4.188754
7868588,4.1424713
16396028,4.7590055
3629217,4.3426137
18806323,3.878068
16290986,4.3180065
17958894,4.302205
4541089,5.6586113
8391195,4.4286284
21112025,5.0606894
583255,4.623998
1806637,4.6397433
14611551,3.8730547
17981447,4.310539
18221524,4.4716163
6946479,4.9811864
11701123,4.5908175
13280459,4.759315
19050595,4.593476
13967723,6.63401
9182043,5.2692738
13864196,4.3146186
4317051,5.2607393
5401572,4.213406
16910615,4.8223495
15898967,6.6517167
5204646,5.1009007
16006015,4.2367144
16463837,5.0343246
20685835,4.1819158
9989027,4.4959774
14236890,4.243763
5661282,4.61855
978615,4.7559524
18081006,4.9214277
12241342,4.0242047
4582781,5.3265915
16632284,5.6218057
1023702,4.99396
17094999,4.2185044
21053432,3.925188
13103854,5.308358
8052915,4.0843368
20584378,5.1283903
10971436,4.8858876
17479941,4.0103946
19927108,5.286235
8015565,4.2997093
13031732,5.378908
13065414,4.218264
16424338,4.148234
16056061,5.523753
550296,4.5858126
16685105,4.1606765
3030982,4.6376204
1728625,5.1311197
6327352,4.607808
15192482,4.181458
15177154,5.0659175
7293330,5.1941433
819794,6.0427704
753896,6.365251
19427714,5.6141243
8964795,4.307455
18253672,4.254393
7619668,5.3484
13209380,4.3445554
11521541,4.458745
4875549,4.9292946
16151207,4.3786035
16982980,4.5830994
6348379,5.206317
19719467,4.9505744
5640969,5.123019
12916885,4.2330837
763809,3.6409996
10517632,3.8364966
12713991,4.069866
18934313,4.7419724
11590920,4.270071
21065293,4.967454
11800108,5.267311
6474627,4.896572
18931595,5.1824627
11667910,4.990882
6043362,6.012686
14179691,4.6895223
3718962,5.0652227
711635,4.509529
12268921,4.1363573
17621130,4.7724314
8341920,4.049307
14885592,5.0620756
13533165,4.363763
1817807,4.2441587
10270735,4.5996623
10097934,4.2431498
13996617,4.776682
94783,4.1185417
11411361,4.593978
2818197,5.421355
15683773,4.233776
395975,4.766205
18616809,3.87665
19550212,4.526498
4315562,5.628907
11659619,4.750857
7647268,4.18494
16126364,4.928078
20995620,5.4929824
11967498,4.9020267
16156364,4.1375346
52757,4.187573
9112676,5.348821
16240022,5.457477
8442672,5.046037
13169559,4.6232266
16047916,5.0825424
16770085,4.797332
14489755,4.2457933
6184827,5.0678487
15253221,4.3892727
19700646,6.032744
19019277,5.1685066
16619247,4.4367523
10925309,4.9052696
1614830,4.8084164
6031650,4.3040314
11826815,4.910601
6881827,4.580021
17403733,5.313935
21110494,4.4073315
11180658,4.431835
8132840,5.1158743
16578076,4.3873544
13846498,4.31943
16657906,4.372778
17731370,5.463268
21111948,4.5929837
18894295,4.117024
17444005,3.8771873
6522270,5.626152
10333567,4.1542883
16428041,5.1452756
3790798,6.0408025
52713,5.086367
18472835,4.886916
11261280,4.974036
1860478,4.276211
10249076,5.6780725
1102623,5.009922
1708038,4.7009997
16841125,4.6347237
51922,4.0872135
11375207,5.2247815
3870793,4.138441
13884076,4.112401
9888667,5.1728086
8867556,4.4905705
9633920,4.623856
17795029,5.7423434
19944735,4.977734
12466797,3.654211
8760863,5.4650226
7073436,5.643168
14693955,4.2537093
13175725,4.830163
14049707,3.8502562
15290994,5.394227
10928176,5.665622
16405079,5.6954246
3218873,4.5736513
8170946,4.8940706
5992686,4.28808
6478566,4.0710773
13857866,4.6003714
17608563,5.102985
19018987,4.244527
17156578,4.8736877
10513335,6.3762045
16133101,5.0301514
5276908,4.056734
15020932,5.6637917
15995281,5.799927
27531,4.8540454
18841628,4.6177793
15822522,4.6154594
11326009,4.326368
5271063,4.2491035
19204889,4.1274366
3678794,5.2994256
21134697,4.1421633
4765892,5.1109614
6043517,4.4448385
13397862,4.983565
177540,4.526018
16322619,4.869292
10686810,4.4231663
12173827,4.45043
15132100,5.9819555
9563163,4.483902
6908672,4.63946
5363669,4.1478972
15063125,5.23819
5110541,4.6613894
9341144,5.271217
7280861,5.103389
16676318,4.189698
15110802,4.111873
1435289,4.5341926
15963474,4.372656
3616003,4.013205
14167624,4.2958145
11659752,4.3760037
9196408,5.175317
19310554,4.4232154
17510567,4.882449
5632452,4.6027794
17548191,4.099075
20659824,4.833996
13490410,4.6344314
16352342,4.4428205
18159239,6.0722117
16939098,5.095683
14967360,4.445941
10473676,4.870117
17634031,6.3382816
16706083,4.925225
19345351,5.9178123
4294557,5.033828
10434432,4.6339235
18515961,4.051109
4671712,4.651312
273530,4.6925507
10516626,4.158547
18997559,5.3600616
19825276,4.7118783
17569022,4.406676
17657537,4.2183475
8813695,4.9002824
14085512,3.9476945
16350341,3.9748263
286866,4.1313725
15999431,4.2021956
7639084,4.545763
387562,4.302134
9040796,5.5432563
1965122,4.759088
6472628,6.232745
15173160,5.794721
9645339,5.8416486
287417,4.0475087
13941460,4.2110066
8001587,4.164835
13942612,4.943752
20312539,4.839634
3158579,4.46246
1124252,4.9420424
8036500,5.4351573
9338321,4.5148206
13045257,4.762134
21107246,4.0737553
12344255,4.4374833
18359884,4.2109957
13236820,5.2793903
13542759,4.6581416
19914589,5.086409
13308717,5.8380985
19925248,4.412859
11276513,4.2313027
15787089,5.279316
18292016,4.683116
16227620,4.737208
17978231,4.0703845
14472670,5.503096
16027174,4.2437387
15101577,5.1080117
13378609,4.4427223
8691474,4.996612
1319311,4.6375713
8845503,4.824282
9736908,4.598419
13425503,4.135473
19160504,5.423907
13264364,4.0526023
20810311,5.485765
1658703,5.357089
15435501,4.430036
2202505,4.209743
386507,6.234858
10549800,4.6962056
15302066,4.2652526
64376,5.8823123
14137537,3.7535994
16654680,4.2573924
14756745,3.9019787
16288431,5.7146125
7652181,3.9764142
16182441,5.3899875
17733684,4.6284957
15114503,4.343665
11469858,4.2204957
7774722,5.363191
18270117,4.0906086
10771685,4.551878
16054002,4.341539
874706,4.012357
14058613,4.2816954
8292129,5.126645
19913714,3.244606
9752372,4.5784287
2613873,5.036345
7805879,4.5387278
4219851,5.2190166
10143406,4.079458
4056741,3.6985989
17261226,5.1062117
3619399,6.9925756
1280637,4.1267858
16665977,4.7575665
3132578,4.8475204
18465687,4.803276
769637,6.1330667
15969097,4.0372014
18123756,4.5565844
542144,4.8010235
9610982,4.649675
14726498,5.240369
10754882,5.5349464
5068640,4.871648
15315185,5.3247385
12205324,5.023499
602070,4.2770333
15585484,4.430849
10475848,5.1903234
929468,4.8904257
3212765,4.0799823
16094050,4.4764867
20476169,4.555956
4297952,3.8649888
3924904,4.587645
13237190,4.2535872
1149256,4.741399
6540907,4.515554
15733755,4.2401834
17866206,4.1197214
21141704,4.634957
15929932,5.4027724
110825,4.7986746
17043315,5.012183
5913433,4.1931477
15390808,4.584539
16960366,4.1136017
1087215,4.099555
10118974,4.1112432
16259122,5.8557477
7023526,4.431795
585491,4.233304
6494262,4.595064
4236143,5.930459
9737934,5.015612
20056034,4.8920717
12404890,5.1649694
2043289,5.4426684
12924969,4.266543
15234489,5.102228
18384884,3.8874738
5359639,3.9451401
4792430,4.7933116
16437744,5.347245
2611869,4.2661347
5862845,4.891362
20270563,4.738463
15719905,4.681331
3709294,4.2336044
8741020,4.266814
6323935,5.1923413
20725853,5.503324
1545503,5.126088
13031025,5.2435093
11098248,4.7701077
19695985,4.505917
16619496,5.0144715
16892151,7.227575
19964849,5.2253056
1262053,5.5873156
17225268,4.0570664
13783508,6.3828273
11324173,6.105226
8886412,4.6380916
20459028,4.7211623
5717993,4.410856
15833726,3.8935723
10971773,3.425645
3961773,5.2212687
15299516,4.251393
4516939,5.2205434
8104504,4.8755846
2745620,5.144447
13546051,5.377922
12148877,4.258916
14351627,4.543691
1340568,5.5573206
2154567,5.4105926
16119492,4.6456094
9352589,4.785986
18692321,5.2597632
17117806,4.967494
115535,5.3129573
2178033,5.8816137
6479956,4.1675844
5217507,4.581065
12175107,4.5328107
7884875,4.9100504
7279837,4.041977
4874735,4.988448
13001199,5.9103703
6302159,5.4646196
17703401,4.5424495
8577620,4.4295645
8541552,4.778886
2526773,4.909312
14214403,4.921713
11843579,4.6772437
7460803,4.748525
2466639,4.9276037
8275282,3.7020597
14401928,5.4718094
18916850,4.503955
9060448,4.6631203
9677744,4.498651
16489175,5.0639524
9919175,5.6743298
16642433,4.6136765
15668989,4.628061
16229440,5.642125
14323475,4.3037825
16031639,5.0854044
13956480,4.9525757
14791721,4.2453055
7471102,4.9626145
3797867,4.900581
10875705,6.2486444
9495907,4.957025
3911451,5.04115
10676252,4.8364043
10106060,4.631893
14204259,3.7840793
3965313,4.6865416
20073711,4.2153363
17107329,4.645611
3219835,5.379493
2473861,3.848691
8087725,4.410455
2843445,4.5128064
571115,5.665522
17047445,4.8974056
8054018,5.11808
7579591,4.8446465
15344598,5.4117208
14786910,3.7700603
4922023,3.9523385
16437333,3.9667125
12129496,4.449374
9342332,5.3418455
10137814,5.708058
4195712,4.53338
12364336,5.731463
1110515,4.4587812
55427,4.362436
14249320,4.874546
5015050,3.904896
4733873,4.4653974
4490268,5.6148453
15253135,4.1875715
16676204,4.165901
15999154,5.902808
9151490,5.0455995
13189500,4.8551145
1278784,4.4695773
3100543,5.536877
16741261,4.1383896
19730968,5.0708127
2537627,6.059434
16518787,3.8958788
9314139,5.037845
15462568,4.673942
5744266,4.2415705
13236524,6.40493
11534020,4.6494336
10453124,5.4555855
893853,4.5595164
9859888,4.2526355
16663785,4.917726
247115,4.903683
16392514,4.6506433
12585565,5.287856
9814418,5.5132294
11495115,5.055603
4873971,5.6754127
4279959,4.4393406
11455873,4.2820845
17022952,3.89832
3106154,4.923286
1914185,5.3582134
4013339,4.834637
18652833,4.646041
3742513,5.213437
15719005,4.929919
5851860,4.3272805
21036102,4.2598357
18206857,4.7999763
12885658,3.914538
5446250,5.0514774
3703805,4.624546
18634734,4.86101
18782806,4.102676
8322701,5.304229
957642,4.4737144
13858669,4.509476
776201,5.031301
3432238,4.7751756
8524146,4.7274103
4596007,4.662241
12345984,4.671237
7012578,6.602894
16353639,3.1851728
21069963,4.5417924
12831012,4.1586237
4233667,4.68808
12544639,4.824617
5112456,5.480379
3713028,4.6317644
1935109,4.0267563
14538428,4.1517124
16426099,2.7944908
13828701,4.323117
15409046,5.072348
12494747,4.4219303
17212648,3.511796
1170268,4.8358784
17371425,4.3150296
12582732,5.297872
10566341,4.297728
8146018,5.295013
10416189,5.6198626
13653647,4.885949
8235198,5.2484756
14565521,4.634104
7438743,4.6847124
2593088,4.901023
13496433,4.5669928
14311699,5.281123
783135,3.9926364
9061931,5.390815
14841082,5.1589456
7726317,3.918263
16202617,5.3982863
13143514,4.6359773
20709369,5.687322
11740386,4.8419304
6054817,5.030123
5396863,5.168482
408471,4.6911383
1989187,4.600306
1652996,4.6565394
5242697,5.6274977
11039284,4.849495
16132394,5.422406
10429094,4.8594055
4322054,4.8908086
6225974,5.2768507
8774687,5.517597
7090264,6.055215
4217493,4.6287775
7672209,5.6502066
14143544,4.950421
19996067,3.2864537
8408767,4.389077
6522778,4.391548
1758391,4.966624
19472999,4.9815664
12005318,6.3973
13561157,4.26225
14916417,4.750977
9411438,5.1047406
8118692,6.1664724
3269290,4.4769325
9401508,5.663396
3593385,5.233671
8103342,3.7239733
6508654,4.339348
3542523,5.5666037
11376136,4.890819
15255629,4.2174325
6317722,4.1468015
6710367,5.1237807
4220732,4.3012695
17867424,4.062322
6361729,4.843179
15707601,5.292536
16156062,4.0469365
13633155,5.3943396
20352832,5.9289227
79866,4.5489807
688048,4.6628695
698327,4.863847
19890013,4.430126
14761937,4.25853
20562097,5.1330094
4970846,5.8651743
2710417,4.743064
10234895,6.1914864
18488234,4.6319237
2315738,5.2520947
15361785,4.338278
15904225,4.952539
15888825,4.1587167
15009751,4.695951
20327759,4.4550233
15827893,4.375543
4700809,4.7888956
4275023,5.9000807
17368685,5.144018
11797378,4.4721546
16441032,3.9943466
13108950,5.0723486
16475856,4.1058044
16175538,5.074543
15027723,4.6710305
5562838,3.965463
2187031,5.635581
12068200,5.3211985
3908088,4.129324
6910169,5.2842326
621905,5.550414
14761466,5.2053194
16960760,5.246499
15973571,4.0944304
13694129,4.4795017
20064477,5.385708
6878654,4.8462
4957973,4.8897495
17703848,5.0101247
12447105,4.5099335
6128576,4.228828
4404818,5.3468847
17792933,4.228677
8031824,4.6285796
11554427,4.9417644
19503445,3.8711743
14156582,4.7142878
5219303,5.110087
578047,4.345296
2454957,4.5739746
9577614,5.5881224
18089230,5.866779
20958545,5.048655
18252876,4.6034365
9475119,4.829712
17861841,4.4272633
4730857,5.8974547
4343967,5.5569715
825550,5.6091185
6376606,5.0352545
14421258,5.7020826
9475052,3.5934486
17211793,5.3685875
20720090,4.182122
9171623,4.9044704
20830989,4.8736978
4890230,5.1905503
18273934,4.528026
15988458,4.231778
20365504,4.674565
10498280,5.3427324
7202487,5.3682995
15399031,4.9265666
7885822,4.756166
17712210,4.748282
16796962,4.9589453
17272083,4.573493
10470807,5.221937
9314718,6.137687
6304566,4.0841727
15491279,4.1436577
686771,4.742103
6951829,4.657438
18615032,4.225833
3495854,4.786719
16652634,4.5115128
2134052,5.494179
18136416,5.0280485
19438654,4.585359
2188204,4.161684
4484899,4.1281996
4328669,4.3136234
18396197,5.1780763
1932491,5.0648837
10103745,5.148135
9051920,4.2638693
3395099,4.8909125
15422816,4.8717318
10813277,5.153831
682122,5.5047574
20486011,4.8717556
6087872,4.8664427
14216000,5.0538807
14027960,5.125164
14136219,4.290544
7606842,4.761081
925240,4.1475925
3152701,4.6253266
4355326,4.73938
12323382,4.5049486
6937355,4.2844205
7713632,4.6567073
9906353,5.611866
20888646,5.1213818
11335937,4.215743
15596585,4.3500423
10091829,6.4502563
2297346,4.4530373
9451423,4.164726
606623,5.1220345
16308138,4.425532
14556304,5.8447394
16121124,4.8394933
18878391,5.6332226
18023876,4.8789706
6897344,4.849608
18680725,5.0942435
13065102,4.2414002
2425850,5.059
14204030,4.365883
14301964,6.172522
12338559,4.9562364
21088685,5.199643
9133070,4.417908
819986,5.351657
9837993,3.7436235
16587393,3.9356043
6332130,6.083566
15219855,3.634344
10858952,4.0147448
15912452,4.1008863
8230919,6.2111044
17257300,5.7009635
15930602,4.5344014
9062257,4.225758
16071674,5.1059184
271954,5.148298
10102792,5.848677
14588643,4.5875893
12286161,5.096858
16769241,4.301585
10907541,5.1240396
8507817,4.965398
3968610,4.4740195
20803637,4.232347
4156913,4.892096
6334492,4.120568
4806374,4.7862353
13492207,3.9649858
1559435,5.716636
15589691,3.5834758
16734233,4.8378167
19609028,5.9091077
18240632,4.601005
3477847,5.187359
18445413,6.4763813
18858182,3.7949708
20535689,3.9073744
555749,4.544218
16440103,4.2039194
13724675,4.136243
19273138,3.9435349
16129884,4.680846
7025113,4.976076
13115864,4.0865564
10100417,4.701816
14265480,5.1926727
15822255,4.966715
13711558,4.174533
7430730,4.752475
14589777,4.815205
12390684,5.294973
18721207,3.9021227
14340577,4.856829
18886966,4.3967867
13061422,5.383797
15986090,5.3012466
8916387,5.4491963
7822332,4.4714746
20075884,4.982226
7476340,4.430793
4052223,4.1883197
723739,5.596677
11228611,4.431611
16586422,5.24086
14906430,4.6928105
489365,5.9794536
15981655,5.0166497
308524,5.3698063
8812644,4.5214486
18275379,5.16343
370034,3.5844135
18008747,4.762206
16395341,4.801827
17372523,5.3650246
17728793,3.4253547
17780048,4.1254573
12089692,4.025889
4923555,5.0127954
9753012,4.944038
14136825,4.2667847
13304953,5.5428457
16034328,4.7247815
10637535,5.938405
1550913,4.6674666
36391,4.88936
17514163,4.112451
13155040,4.445748
3272654,5.064033
15469689,5.673309
20467388,4.9017215
12791511,4.606798
9737362,4.9932766
18038597,4.3237104
3943135,5.600771
7389683,5.191053
19264119,5.009208
16687058,5.302628
7500518,5.189555
13418482,4.267676
16363434,4.0922265
12422777,5.323412
14886414,4.337812
18278724,5.3386707
1046292,4.675336
17160997,4.4320083
9949873,4.8926544
1872896,4.6375213
15642037,4.0859156
20379893,4.3773932
13329701,4.644717
9629733,4.1741357
4931044,5.278716
13469377,4.8162346
18795278,5.250618
18661261,4.345218
7238831,4.8016763
9591205,4.0796895
3789758,5.004421
4156199,3.2401013
9792286,4.754057
4667148,5.677116
18758370,3.983352
4896074,6.0811405
16162523,4.6638865
10270687,4.2854915
16394064,4.723417
10966379,4.1062236
3325971,4.8204703
8662997,5.4805503
691177,4.729463
16663452,4.2833195
19974905,5.00254
17735801,4.4065914
19540271,5.2763634
16471707,3.8688855
9261535,3.7389724
13186447,4.666983
506230,5.764727
336133,5.172509
2606070,4.185112
121405,5.104872
15423067,4.995379
20770270,4.1295443
11770336,5.140279
1807012,4.1928935
2685355,4.6117816
16452267,3.990066
1077444,5.0709553
19040466,4.300333
14206510,4.8897247
15602584,5.2343616
7114782,4.2064333
15158227,4.6105833
14262420,4.180411
17777164,4.8858743
844640,4.9807506
16996930,4.1726036
16014998,4.7515006
1229627,5.2501307
7387862,4.245971
3720404,5.320295
12158294,5.533658
3717689,4.9233856
7806322,4.7249794
5137531,4.939474
14009196,4.3245506
18334741,4.7038937
4831472,5.9193153
16589588,5.0527983
15774617,5.506237
15858914,4.610674
16799835,5.0974255
17404309,4.4208384
14682338,6.091366
13175298,4.951585
9863097,4.484952
13191291,4.352475
6245792,3.9470859
15720606,4.269289
10965948,5.347434
21153619,4.2380295
43776,3.9588304
5520582,5.5998645
12990172,4.911892
18463204,5.18478
15722172,4.4255834
19570473,4.12102
16661461,4.211161
21022786,4.8222027
16274775,5.026969
3944822,5.2758145
934688,4.46116
6811968,4.005979
1952972,5.1367273
15467180,4.414411
7938424,4.6149893
18649822,4.043951
18342528,4.072207
17448734,5.062901
19636811,5.058358
8088779,5.160685
13193683,4.1385045
6248937,4.535305
7957676,5.431007
18958724,5.1656933
15048288,5.501093
12112597,4.673889
19116365,4.16206
15444619,5.9734335
12295263,3.9525902
5977334,5.3222556
3458525,5.051389
9253112,4.280056
10315916,4.438264
6169981,5.9792843
14504103,4.7353125
2925138,5.2795596
44520,6.3905253
19225821,4.4798584
932393,4.2455134
6103482,5.0286536
14916900,4.341623
3984262,4.1227303
7791224,4.022265
1214133,4.2228885
1433326,4.2292347
11635703,5.149258
5873714,4.2816515
2102542,4.263926
6795173,4.4993715
19695709,4.2267857
15836108,4.444636
2151259,5.091316
3161461,4.1331835
12707324,4.713459
5628539,4.179604
953599,6.773946
14591627,5.072446
14765955,5.846578
17990941,4.600525
9010937,4.82993
4346952,5.573622
7973933,5.301023
2729779,5.780459
13447727,4.818489
10282371,5.006931
13492218,5.017881
978549,4.479934
7591810,4.047193
10416461,4.4063563
4862704,3.9761589
17385910,5.0100584
8037150,4.3808236
9915508,4.255499
18994064,5.1912727
13865823,4.903302
15649595,4.1295457
20855406,5.0968366
14009467,4.372342
5719249,4.051019
20494890,4.6368484
242532,3.9761612
4951376,5.3751388
16842646,4.1769524
13079192,3.9986746
3838388,4.4809155
2089805,5.2903624
121065,4.573899
7400486,4.9552693
15565392,4.2076235
3035054,4.0954304
19533245,5.685935
1522339,4.7898436
21171726,4.818895
14011609,4.797417
12320063,4.929079
15735313,4.3470416
20213227,4.505794
17409305,4.887365
13897591,4.7078447
542263,4.4755554
5942881,5.8272524
2432453,4.528778
5616179,4.1411085
3876576,4.1391187
7106154,5.2414627
16426819,4.8066444
17015554,4.6378045
14285269,4.6166425
12022833,4.2428308
10040599,4.0905786
9685104,4.5111394
14382213,5.0412474
14300219,4.637157
7617195,5.0841546
19933917,4.7580523
220413,4.2305074
495249,4.7869105
19849025,5.5435786
16267625,5.078512
16556957,4.758317
6201914,4.8740067
9452700,3.8662307
11551475,4.940487
4933716,5.0902133
5314422,5.7877965
8583899,4.615373
4840381,5.5964
20652607,4.1113796
16468534,4.338563
15237529,4.9728365
21004539,5.2288966
16393985,6.183864
15369785,4.767516
12153874,4.231263
7327846,5.401816
12488997,4.2268724
11582123,4.942574
5059402,5.294847
9513686,4.7607207
7990019,4.3301773
16602053,4.9278097
18907549,4.6198783
14584669,5.613049
1830318,3.7836893
12516565,4.014923
16759239,4.919602
1681284,4.699758
13785356,5.100942
18812271,4.751776
8931635,5.8745804
13004339,4.5748057
17124361,5.0089993
21112291,4.9763575
1245479,5.0823174
828216,4.5609684
8842362,4.730194
5061104,4.162312
19175637,5.429905
16070567,6.7424974
16453542,5.2705836
3563533,6.0273194
12087402,5.205599
7095238,4.93668
5064995,5.611246
12753660,5.386381
11069390,5.086828
12710903,4.202976
17871133,4.0924826
15948320,5.4363866
9796309,4.7496786
15151990,4.130246
182049,4.21501
9944190,4.3857536
7762323,4.55082
10174245,5.2620444
1524562,5.239478
5094385,4.7060065
14080022,4.429523
7327782,5.1123176
1859235,4.0965357
1686929,4.7220516
16376353,4.2582326
8212893,4.6850038
5320325,4.0495906
19664338,3.62492
13250972,4.635273
2502127,4.543851
9217729,4.885562
12064059,4.976907
13207153,4.9888477
1359438,6.685405
372929,5.755601
3250847,5.06972
13865726,3.9375315
14301555,4.3122964
6553895,4.279196
19919747,3.9467537
2802418,4.8312945
4279041,4.8859816
12038181,6.2040668
18412863,5.3504663
3696043,4.831558
13126457,5.4319263
3145984,5.500804
5812936,4.078149
13113748,4.610538
18669826,4.1261754
1314036,6.8183775
18393245,4.575799
16171293,5.130572
245504,4.4636087
18525302,4.9285045
1281132,4.275803
9615485,4.465391
757597,6.080208
12036678,4.729451
235515,5.2045712
5337757,5.137153
10282326,3.9485667
19809138,4.4570293
18930894,5.007247
13942775,4.7085915
9189214,3.9389021
16112486,4.6637135
3283447,5.3214645
3041280,4.2251344
698298,4.6903076
15745528,4.9268937
19892423,4.692541
4925772,4.3974442
11625226,4.8789597
12387434,4.305714
18276932,5.0314307
18485675,4.3480554
16661637,4.1817346
5861266,4.8324566
14335272,4.2563825
6273339,5.155442
12207588,6.1843576
14571316,4.6729956
16933481,4.9833865
6261536,4.1379685
3980296,5.4060903
7256216,4.7881813
3518904,4.1073136
13638122,4.9367766
3825743,5.403803
20897950,4.684326
1302684,4.731684
18214097,4.4299765
18249057,4.935527
8942467,4.7999263
14181211,4.828535
15675261,4.797526
10905721,4.8295197
16596819,5.7007003
4399721,5.0520644
18459182,5.2272835
12894048,4.349957
602765,4.5178456
521806,4.783224
6151450,4.951011
7868209,4.3972616
4493474,5.660861
4588783,6.3428893
1582540,5.8331113
189787,4.0260687
4040304,5.5407295
15821035,3.9776046
3352088,5.4402866
1582987,5.6052256
8144798,4.563983
2515717,4.581453
13279591,5.815921
13882810,5.7379622
8187584,5.595417
12929019,4.270084
9479348,5.20798
18540170,6.393574
16974789,4.7136426
8184502,4.2902517
12199982,5.3706293
11950145,4.7904663
15585578,4.5454793
1268087,4.450684
16507027,5.387218
14264602,4.8562675
4276618,6.215959
2592259,4.784969
17865517,4.134621
11354998,5.5733213
2368718,4.9067073
7397237,5.154235
17461043,4.125426
20714088,3.9222448
1905976,5.1270223
11148805,4.9243345
14609703,4.2938695
14369397,5.5591593
18486389,4.661402
6750199,5.235711
2271637,4.4027867
16651010,4.727472
16243676,4.7491546
9774343,4.378988
16709809,4.1370153
14092679,6.235982
15570285,4.7739944
20125262,5.101582
14052921,3.7446742
943060,4.3875165
16147001,4.2748804
18812080,4.6786513
13293092,4.882519
17137756,5.8721128
9408073,5.068136
15178028,5.0286355
17815061,4.584078
13294137,5.0933795
4639513,4.551334
6576327,5.2161937
17864957,4.2618833
1106320,4.3367434
11735293,4.9134583
6799130,3.9620464
9562057,3.9907415
13750877,4.083147
20174357,5.0429726
14210964,5.0925956
15221221,5.5111794
3746645,4.917002
19565021,4.772783
17348589,6.047187
20149903,4.9282517
10422846,5.3833756
18031186,5.25918
6947601,3.2749417
17327395,5.6828
10990382,5.4650226
658342,6.182775
18394206,4.719512
14479761,4.728679
9452729,6.2283964
8780243,5.4897013
41348,4.9070573
2102793,4.9633026
8554058,5.3633533
19249982,4.597319
18585237,4.87581
4014376,6.832568
17151845,4.805496
1241029,4.5778728
9316305,6.1099386
19102715,5.0299263
18475942,4.31875
16830386,4.197585
13452035,5.824543
9490272,4.47184
16179654,5.2991257
20473858,5.519308
19670771,4.792934
7309687,5.0869555
4163944,4.818354
17906320,4.2100334
16442292,4.079284
14236383,4.274765
16352250,4.852549
7261121,4.9861298
13530190,5.1423273
15730052,4.952826
18180374,4.1891384
16964581,4.413963
15239,4.4764996
17677351,4.7275386
10706309,4.7254887
17944802,4.581961
16202116,5.0461216
14990478,4.147055
12912584,4.8091784
15302513,4.04972
20053152,4.8606243
20229886,5.2856126
18896824,4.016851
21040500,3.927383
19364977,4.3974605
11069012,5.4321823
13691834,4.9584837
2621047,4.683324
14429513,5.180311
7331464,4.4689684
14283020,4.8192754
11627400,4.5859604
2605015,4.9095197
1187109,5.555957
15522106,4.7831244
16299837,4.153531
18229365,5.090717
2771966,4.3248425
11870905,4.958994
10101013,4.3725066
3792523,4.234691
17341648,4.786939
2092636,4.929118
19638811,4.14062
16767847,4.1789565
1332752,4.8371525
442649,3.9683604
387377,5.410105
13635373,4.1461396
6967201,4.3768578
9316528,4.441727
111024,4.0603986
1183172,4.701674
15499301,4.426274
14668783,4.826914
6268805,4.1319766
18059711,4.7357564
9629756,5.6336045
110739,4.989359
19608743,5.2769523
16427484,5.377099
7596341,4.9217777
20171625,3.727083
9809911,4.090675
20070739,4.7329597
11115519,5.499134
14501793,5.259288
13522364,4.5420265
1982258,4.30606
16696876,3.9066846
17903896,3.8974068
3351165,5.299589
8300721,5.0752215
11971740,4.1898093
9979608,4.2117333
17587023,3.8578336
15237330,4.7037687
12263690,4.8567324
13280235,4.7519884
16614389,4.6982217
8405395,4.7040544
18291626,4.460608
538598,4.5557575
14058443,4.4626255
9864706,4.0307245
14320998,4.2238345
7620785,5.419978
20555213,5.0143037
19247214,4.16878
2216470,4.785622
19413230,4.5988035
18484511,4.952666
2102651,4.093274
1428589,6.015622
13007629,3.8093483
8537975,4.0943694
11657315,4.762214
14995382,5.9558682
10254748,4.70924
4986926,4.5769567
8847285,4.914208
17571026,4.0162053
2875630,4.29555
7116799,4.461898
5251586,5.2438045
286771,4.7854314
19067226,4.16349
16860341,4.8055534
16487769,5.15739
852580,4.005388
4868735,5.026706
6196354,4.9434476
12911811,5.778796
18110400,4.724705
19550419,4.0997257
21139869,4.626241
16015053,4.0909796
18076569,4.8070393
15888946,6.0520873
15898334,5.0604053
16369859,4.114068
8843945,4.9662237
15193682,3.1852362
2716032,5.386638
1015791,5.0394073
18036760,6.0204535
2016993,4.7030025
15790449,4.531128
10261620,5.2486987
611903,3.9482129
15536678,4.22408
13640138,4.345228
8607283,3.9181597
17861343,5.5387077
4848497,5.5760007
20692563,4.881242
16346440,5.1406035
11545797,5.0435495
18673556,5.2146797
19310379,5.796354
16619719,3.7904437
2302960,5.7697344
6526579,4.6940746
18650940,4.973254
14888263,4.1659217
14723366,4.5445666
7294565,4.6476383
12366132,4.645595
11652262,4.0933194
15028822,4.8706713
15038423,4.702595
10456198,3.9386683
21011466,4.105911
9339334,4.3955755
4885832,4.2756996
166199,5.3962417
16229499,4.071664
20455626,4.88674
13467384,4.663021
15085688,4.8792214
13969521,4.68154
17541761,4.842705
15133822,4.1284084
14471259,4.7106156
5842819,4.665953
15100256,4.8471537
12095628,5.2930703
5105805,5.3876214
6884974,3.5538552
18656457,4.950764
4210400,5.2875075
8009966,4.4075418
4974406,4.339167
11908537,4.7579036
6822471,5.327172
15931204,5.167918
14767042,4.9997563
9093261,5.332333
14357876,5.74499
14695558,4.659513
20801699,4.488306
20211212,4.5643187
18388706,4.206043
8505031,4.2988753
14935362,3.9910114
9133440,4.4929686
4516065,6.038853
19416055,4.5918236
21203877,5.510992
15548666,4.3060107
18766657,5.3425007
7048518,5.7425556
11992680,6.1294065
15662066,4.1384664
14235245,5.153275
18208907,4.1734614
852913,5.6488833
4550015,5.771176
6775399,6.52912
16630397,4.486683
19626578,4.045036
1066779,4.319123
20246437,5.263403
18461234,4.700186
16122163,4.07437
20979190,6.6811466
15469544,4.74363
16722346,5.0133142
6461884,4.6507382
1932510,5.1662993
15717743,4.2006755
7381816,5.369609
30738,4.321454
7007477,4.8311377
1920208,4.888631
15603889,5.4126267
6339830,4.631969
4959165,4.2025337
18892793,4.639399
5287672,3.854636
16113995,5.430442
13527067,4.944626
7557546,4.0330224
9401158,4.4742255
13374951,4.5498796
16260863,4.2602077
7452390,4.7718844
12798048,4.7151117
15923551,6.200898
12823443,4.1148877
16707947,4.8201685
18362398,4.793374
9813148,4.942137
17423628,4.0293517
846829,4.361505
17320722,4.4401903
20947493,4.245477
12034568,5.512636
16584990,4.473168
8488784,6.1019883
19241855,5.6286426
19842557,4.587264
889247,5.166846
18123185,5.231897
19399742,4.2703795
1935042,5.146125
7665413,4.866837
19047711,5.3714194
12914154,5.0844254
16236641,5.21326
4318291,5.0664215
14908337,4.0012865
4988741,5.1495605
20299811,5.1404233
13615840,4.605637
7901004,6.1961513
7867539,4.7098455
18875718,4.0085087
613333,4.237738
8339096,4.1369696
18778433,4.032363
8841107,4.7613378
746079,3.8524373
9043905,4.068946
18811259,4.7526827
2109817,4.1761236
15501175,4.1697536
14488710,5.9996157
5786224,3.8873167
3095119,4.5854793
14726672,4.326006
7915270,4.934258
7575582,3.7667844
14220949,4.9859986
8159544,5.774246
8025,5.409905
860163,4.862883
13300195,4.5312295
17482234,4.144673
5220063,4.1797385
17608454,4.85609
3998252,4.8923764
12358453,5.0378146
15195229,4.082024
14759511,4.530391
4538901,5.153956
9540147,3.4432697
8963968,4.3300076
9389834,4.6546383
16722428,5.4720564
18230502,5.266169
20773234,4.823796
9753443,4.6325684
374590,5.050834
17529592,4.2087717
9906888,6.0066214
4020650,5.4008555
9248558,6.09599
21067634,6.704761
19364351,4.76603
14301951,5.3283863
14071089,4.8815484
12795290,5.1130314
4622760,5.266765
19721524,5.158995
5571262,4.5172977
682155,4.3960676
5496664,7.2417903
58257,4.257786
9830982,4.6968303
14222527,3.9208653
3485146,5.003434
16487154,5.0251875
1920033,5.404047
1623431,5.467383
17710012,4.6354866
10681362,4.405186
12831418,5.4855857
17189075,4.942876
7440778,5.292553
16083694,4.207617
212297,4.4991713
5160888,5.086277
8010585,4.5835376
19308701,4.6644483
5353431,5.255746
17736661,4.260387
16351855,4.7571096
3215486,4.8546553
7797744,4.384806
6795252,4.246922
16359931,5.6959066
15982208,5.312894
9858310,5.978616
11431811,4.852641
15301964,5.078079
18291331,5.0743966
5661381,5.0713177
12797047,5.0701456
16415742,4.214214
2752977,4.899523
2096968,5.839411
15874245,4.554032
7406712,4.1957126
8523688,5.5980844
13623361,5.4332495
20030780,4.2858486
6106955,4.7473097
12304659,4.9387894
10524671,4.931692
15375825,6.60487
12254872,4.5405602
136493,5.136419
11498523,4.3102927
17652987,4.9805684
3259139,4.5141745
2328123,4.993434
7133350,4.7292457
14979787,6.493792
10507240,5.06268
1433344,5.347018
15218873,4.5944147
14777643,4.576124
4607923,4.732201
13548585,4.2958
20999140,5.374285
14822871,5.0380216
3532118,4.808139
1783301,4.021407
18181998,7.0243487
16792022,4.592138
4014128,5.780607
19945965,4.0946965
11284626,3.8826478
19864245,4.724393
14871197,5.325596
17420317,4.509558
15966273,4.351696
7725042,4.110833
17267237,3.9386454
4050343,4.0837474
16349588,4.927039
15247678,5.3194566
11047914,3.9840312
9811274,4.678452
1885825,5.5852413
20443052,4.972459
29013,4.6671863
3913756,5.95355
8648396,5.136224
14389217,4.712751
17685007,4.8016467
758928,6.1225142
17734736,4.5735774
12916784,3.3943055
9471997,4.4442263
1359312,4.352178
11419765,4.1771936
8428910,5.8090386
20678724,5.94747
130775,3.890911
8191699,5.3171024
6758221,6.2765594
8496270,4.255685
6588807,4.6751323
18609343,4.9797616
12855566,5.066027
855206,4.394893
8775260,5.6988993
11788394,4.0820613
13400226,3.8416407
12846750,4.669605
14667160,5.659206
1542055,4.2972584
12857044,4.5967393
15204878,4.094448
18041574,3.9031887
14416135,4.9586215
15930495,4.1516404
17123144,5.1222525
10996174,4.9798875
12336008,3.8594093
14275312,5.092114
13789667,4.786812
2243081,5.6254654
1798500,4.8660116
59702,5.4192877
8503404,4.6359944
6570622,5.1718445
11202113,3.2336926
7278762,4.1895065
7840411,5.1917486
19550157,4.2240996
326832,4.4281883
3248526,5.5006804
8753225,4.2604866
20123853,4.6897936
1644031,3.810535
1160006,4.293092
18493521,4.8140783
15584360,6.070791
848220,5.2466283
18522769,5.2368827
20696002,4.4526353
6131772,4.8761554
11533302,4.1190286
14686922,5.1401305
20959576,5.3268347
5501093,4.8760486
10696570,3.9765894
16755374,5.172371
9774555,5.5619025
19709666,4.271129
6915467,3.962101
3157541,4.348885
14504441,4.1229253
4378263,3.9151914
15497102,4.2697835
8208349,5.1932483
10069601,4.455992
14057684,4.300638
21094736,4.6923738
6972732,4.66052
7612717,4.8499913
4631448,4.4765625
3105393,5.168181
15927695,4.985737
11143462,4.7217727
11473564,4.926803
20008766,5.5058966
11419262,5.04679
12997563,3.9603686
14731627,4.4596906
7243514,5.968672
15717312,4.197452
4098775,4.865596
4350621,4.955295
14161351,5.3438134
10861733,7.5483174
4490104,4.5699778
18908638,4.935396
9281747,5.4181733
13751797,4.123011
5628824,5.093713
15187281,3.9769843
15256933,4.2204757
7305114,5.649028
16218083,3.969118
13603364,4.196588
8610093,5.285892
7221712,5.2729964
17656943,4.4662523
10476155,4.3593073
12284003,5.10702
21045695,4.24332
19505214,4.1124516
16782622,5.2971983
13915528,4.9571304
6797176,4.0973954
4051829,4.0201936
16619910,5.2157345
14276563,4.2831445
18686390,3.7433505
20982422,4.366734
15972284,6.3985457
4579151,5.0783095
17712834,5.0737567
1095355,4.33917
7886670,4.7075157
10101358,5.158854
6163297,5.404655
8386933,4.9285135
11771646,4.5422287
14788132,4.632563
19520553,5.292749
3570528,4.3794823
4745443,4.9591403
8840430,5.159629
14372595,5.4052453
7266902,3.9105008
7611435,4.888204
16275030,4.2947564
8067416,3.895694
14844219,5.5288877
19018404,5.1854434
4512765,5.4833083
6926686,5.710824
4815848,5.314884
20817817,4.55911
16459114,4.2606473
1850001,4.85762
12043468,5.1689973
15769242,5.3502703
11493156,4.8678856
3039332,4.197055
16467050,5.5124283
16367820,4.1993093
10635178,4.8706226
19347139,5.451287
4077460,5.746365
23501,4.3410316
17938028,4.881013
19744120,5.13106
7826548,5.1166086
13899267,4.9107776
5933101,4.858287
14703041,4.181908
12652935,4.4875555
20723132,4.0685287
8924024,4.3173766
16426074,4.174095
16781035,4.317753
4861200,4.490009
4573302,4.105521
16180684,4.9415503
16663659,5.4387894
17731769,4.701999
3209876,5.1535325
8438536,4.1575704
15283510,4.626458
13199698,5.0078278
8987722,4.3228946
17929652,4.3828764
3284250,4.3960624
16407246,4.4016047
13584889,4.2864947
17580175,5.609308
920003,4.599562
13248968,4.455038
846799,4.9332333
9426786,5.1685147
15422515,5.0575824
7388299,4.9150553
9750618,4.4342513
6438212,5.319322
20881488,4.727286
7985234,5.8107815
9250702,3.911345
8719904,4.281215
7547430,5.3356137
3962231,4.550216
2654089,5.067
677207,4.0014563
13004484,6.093197
5707044,4.85726
17272335,5.6427083
16166938,5.3957796
13911575,5.2226963
2033103,4.099471
12108647,4.982572
15644295,4.7163134
9514839,5.0528016
4500615,4.8358636
17716319,4.54562
13394803,5.7276444
12272742,4.6323466
8844226,5.299824
8336708,4.155061
8925072,4.601867
8655678,4.5017433
14544404,4.936883
14594441,5.5332026
771025,5.2258425
11593592,4.7102213
17534391,5.0006814
5396803,4.4983654
13390149,5.1264277
21094360,4.8971224
15396770,4.5347366
5806781,4.867812
3153140,4.961723
1886037,4.7880197
20678328,5.6250997
15038302,5.4058304
15701330,3.9781704
14219599,4.7410445
9583822,4.780091
17584949,4.50513
2546252,4.096752
14977418,4.123369
18601353,4.2213907
4828640,4.623616
16429018,4.0332575
343390,4.521165
15618667,4.168707
14360687,4.2278547
19808259,5.077155
3393999,4.578384
16780292,5.4948044
12678115,4.201907
20245122,5.3010025
18188958,4.2329984
10826103,4.6157174
20441190,3.8222985
11702195,5.0237284
7508037,4.168434
16411398,5.492565
2209460,5.307127
12637339,6.123519
6898961,5.484821
5874592,3.9769738
1698334,6.0209036
4730797,5.6725664
15450165,4.4310565
15083823,6.0824456
16225273,5.148702
15126633,4.2774105
8305432,4.504227
323512,4.500311
10455138,4.7537193
14951203,5.338538
136923,4.6802726
3315933,5.186455
18564279,5.7605658
16828760,4.149556
12401559,4.1269603
16592324,4.104747
14795704,4.8165116
14523805,4.8240247
6400432,4.9249334
18373050,5.3712363
6864344,4.657132
16316121,5.400166
17176313,4.405881
1148742,4.6019936
4182844,4.9304376
20015326,4.6313286
18107876,4.501288
15589303,4.6177063
20679591,5.0034623
18077682,4.81768
3359860,4.716176
15059574,4.471528
7035672,4.0681443
789429,4.623188
14006729,5.349847
12812799,4.316278
13959898,4.5756226
13749286,4.63492
2031051,4.966057
16217520,3.9903178
9844630,4.8390007
19551630,5.291607
5196008,4.8626995
16122510,5.394671
17592508,5.365143
728884,4.4500203
4058340,4.6700387
6685994,4.8875084
4100233,4.020711
16994210,5.5117807
3830083,6.006001
13376413,5.6032376
18228406,5.1785064
1466880,4.9805055
9485606,4.827681
9332645,5.901847
4549718,3.8825777
2875616,3.8880956
20896520,5.138842
16812497,5.027217
1761677,4.5112185
4453150,4.765371
19951248,5.273373
15430925,4.852443
9409391,4.538473
20278444,4.118837
8408695,4.5232983
13085830,4.557034
14181968,4.6861005
16141887,5.1245236
2532871,4.929716
21094458,4.981548
16500940,4.7702255
290123,5.593658
15429888,4.7016187
16853088,4.646507
15524343,5.099526
8342478,5.2568974
11641869,4.0362544
7979200,4.6547017
842269,4.7856946
13230911,4.7778244
2241458,5.1817436
1873046,5.624181
12136219,4.5508065
17498980,4.868973
19009490,5.388294
11389037,4.660397
306990,4.2060585
20117182,3.8402832
16734964,5.368623
161996,4.366198
15901461,4.402344
18200170,4.5289617
16220755,5.7814803
18927417,5.088642
11437792,5.3164496
8880194,3.8446488
6522554,4.743348
13261681,3.9899735
18738138,4.2547207
20475756,4.219223
4895906,5.3563595
15964877,6.2534456
18254027,5.970491
767788,5.4410715
20712619,3.925343
1121502,4.7887254
8221965,5.11725
19333056,4.4704804
7462630,5.1590996
19894740,4.1052303
1243883,4.9684525
11213517,5.062548
16160324,4.750604
1294721,4.810565
7870656,4.010684
14993793,5.7075496
8379136,3.8767533
19266068,5.4448714
3787859,4.3085346
9390947,4.5733595
4680752,4.85992
15126610,5.6275125
14522142,4.037289
12429741,4.081295
18490798,4.0068727
18312568,5.036423
19416126,4.9210424
15280769,4.2254376
20844497,4.922255
10126823,4.1913457
20585,4.10906
7214920,5.950822
15742666,4.86848
14112871,4.9298415
2050739,4.2803016
16612299,5.7079453
10983892,5.3612313
4777903,4.826562
12854325,4.9305162
20740912,4.83207
3319834,4.273962
15037285,5.386305
8860629,4.4663982
16653294,4.4481664
8845673,4.105896
7518723,4.050778
14202489,4.094537
14091431,5.1998787
8705073,4.1641674
15172322,4.4605937
52650,3.8304513
8423001,4.5041566
13908042,4.676257
18503779,5.860398
16054732,4.472075
13313893,5.8056393
17229275,5.879274
13497456,4.6045637
13409332,5.19136
4627334,4.178843
10391569,4.4572554
9957412,4.746701
9807973,4.3035827
15660143,4.952723
17684277,5.205356
8143742,4.280645
3853210,4.176598
17811787,4.1044016
13040801,4.334203
7495515,5.320525
14254537,4.611966
1724731,5.2769947
17979683,4.4517274
18331133,4.4197874
19153136,3.4368045
6032118,4.731571
1413015,5.1416554
15509122,4.197102
1907077,4.7775536
20514634,4.02437
16739161,4.388499
17907981,5.921044
15310997,4.7396393
1810397,5.024002
18326222,4.903267
13306081,4.992869
10958463,4.90895
9667630,4.441701
13467511,4.2587767
4932026,4.6424303
933103,5.129524
11491676,4.6363783
4786675,4.136466
8172826,5.07815
4308899,4.6248484
20622324,5.1969924
7325084,5.208497
707712,5.578324
7041968,4.3650765
445377,4.2190404
2254961,4.5510464
19692746,4.3827868
5093278,5.2237005
15845637,6.4000115
8210423,6.519129
20257960,5.344693
10388209,6.2179947
20669371,4.1362967
11778095,4.9038386
16740969,4.0076833
15005151,5.212007
1953816,5.500976
20567625,4.5821633
519159,4.795417
1109224,4.8795404
8339394,5.3215823
13082788,5.22114
16829032,4.05525
13900149,3.8753014
7763869,4.4554152
85973,5.248545
15990192,4.5238676
18964906,4.2483735
2882744,5.6120563
3833046,4.8527927
3912315,4.8905497
17110183,4.06222
14647962,4.01745
6729250,4.1452446
2791758,5.1696506
4788812,5.9794536
284766,4.3590107
18767695,4.865948
16098680,4.09432
17978081,4.859479
18488833,4.253026
15788528,6.0321083
8630599,5.099309
10100828,4.4842653
21058230,5.158576
15735286,5.0793777
13229965,4.682667
12825062,5.7826614
6391286,5.9272604
21109140,4.6164017
4335606,4.6663766
2305230,5.487584
20314852,4.989014
20497434,4.972592
20921971,5.3161035
17879733,4.9798603
1659223,4.3513064
6128992,5.129431
20795854,4.782696
2373066,4.8686705
17925054,5.2329407
8506813,3.514626
20455984,3.7974753
9026670,4.0148377
2117388,4.625317
20422323,4.2252035
7093083,4.658953
16686705,4.239751
16132762,4.7292595
10835494,4.8812156
17456932,4.458323
6749285,4.56728
8163370,5.724303
12852278,4.4923487
3775840,4.5235524
7163903,4.7159047
11660015,4.103417
10076900,4.256342
11921927,4.709832
20978024,4.7581453
15626127,5.098965
18397286,4.658595
11905208,3.96752
18311851,4.9403067
11721443,5.846709
7676933,4.6641936
12934420,4.67222
9219415,4.178084
509802,4.6506343
8495348,4.487164
1641684,4.1187654
10115298,5.0247173
4593974,4.366757
16324994,4.2509394
9377185,4.503512
12216660,4.3891764
11599968,4.6691794
7602945,4.3438063
20133468,4.8083267
19224930,3.7947998
16073231,5.1727204
15589328,4.723672
19933216,4.3815756
10121908,5.314297
11894229,4.702884
14139000,4.752079
3040911,7.2026024
3996869,6.0869255
554720,4.4419775
20254388,6.043883
21107373,4.7238336
7346434,5.260266
4745212,5.1844587
13363080,4.3255396
123784,4.1964946
18123365,5.50482
647080,4.8547554
2565087,5.003798
19157252,5.66363
1340491,5.706282
13191521,4.8272486
527422,4.537374
15362930,4.167954
17813440,5.6908827
15988992,4.863269
16369704,4.17765
6256470,4.381777
19247235,4.900699
17094226,4.4967437
8553398,4.8969436
16135973,4.525273
20788446,5.1113005
4402064,4.6001573
15125761,4.3124804
18192108,5.1517086
11183298,5.294631
13676601,4.453186
16336373,5.000172
13541749,6.0001054
14575787,5.428036
15310118,4.272709
10990790,3.54964
3953554,4.5180464
220660,5.1619816
16903711,4.8563366
13328238,4.272743
15944470,5.053325
4550041,5.505086
17676377,6.0139484
9393343,4.318319
14569495,4.4271226
16120479,5.2628164
18508610,5.1011205
7515694,6.135954
15342056,5.216306
2657854,5.0237765
17405255,5.1263323
13374810,4.4901094
9993846,5.685468
14832944,4.2890234
3389896,4.5656943
2677273,4.057579
17929267,4.7608643
16200444,4.863866
296844,4.9332833
7636407,5.09441
20286669,4.9584627
19763459,5.781992
11413030,5.5097585
12091072,4.2836466
18488346,5.8462477
10186440,4.8292756
1861070,4.1995974
1428371,3.711541
19823771,4.93147
987637,5.1477623
1763333,4.4808583
13687910,3.8385646
17514141,4.3471584
12568195,4.2117243
992508,4.898192
20465889,4.654734
4084903,6.3392444
1232212,4.271733
14530570,4.2313185
12544062,4.1631126
7493312,4.7562237
14049790,5.8581557
14119645,5.8626513
16287929,4.54464
6643496,4.7964716
16188325,5.1925817
4422840,6.0017395
19761338,4.1146016
13713988,5.2306437
561579,4.261396
571452,4.1021786
4453929,5.3854885
8608243,4.1904955
20281210,3.9795992
14567392,4.000436
16739092,4.583947
1665516,4.7625575
549142,4.995946
12232615,4.504585
7726184,4.815687
17962474,4.5361094
17423343,3.8407903
18255124,5.4687977
13236388,5.616738
20755500,4.2669353
4244242,4.461876
15419712,4.776967
3783989,5.0033264
9229670,4.4627757
6613677,5.874346
287845,4.836588
14251275,5.7081413
11498874,4.1735225
18597908,6.211967
8533225,4.9108076
19364881,3.8330786
1785187,4.6718607
19251668,4.6149917
11593917,5.0277877
1569444,3.725065
13209405,3.9963202
20718841,3.4352522
3538609,5.1792035
15884103,5.1977205
4821655,5.192418
16816567,5.6171093
8272818,5.353541
6467063,4.0850906
8783113,5.0561037
15234708,5.3246636
20899507,5.888388
497810,4.8174357
7131512,4.179646
14065551,4.3065643
19206409,4.382106
16677077,4.2952013
3219171,3.456804
3759424,4.466413
4777213,4.5849533
2237851,4.501132
4321720,5.009436
7162441,5.3639593
5943527,5.868842
7259804,4.714213
15912119,4.225971
15283809,4.227157
8756867,6.0846314
2111042,4.931399
1556417,3.4814935
6833179,6.7886424
13989701,4.965617
16436513,5.6395245
17635273,4.739447
1484040,4.8224974
11444652,5.6639557
1005642,4.581522
10175033,4.674984
20665608,4.177172
8336780,4.21196
13831086,4.8605294
10001793,4.7620187
19388714,4.1820874
16711829,4.21067
17212859,5.0260496
8187560,5.042502
3756889,3.6660328
3181928,5.066463
14253808,4.840379
16520303,4.376693
10771369,5.068177
20789181,4.324924
20677482,5.4919505
12039532,4.2061644
15389254,5.6510386
8409582,5.377425
15852802,4.6458244
15677898,5.559371
19891482,3.806547
16230255,4.0908933
18566561,5.1427474
12973958,4.801593
16530933,6.6809874
7064935,4.0501904
5191617,5.3451014
16181190,5.018011
12927298,5.100866
8281889,4.6956577
17075037,4.824711
20228254,4.0475454
20979762,4.777856
878935,5.6181097
1764167,4.555093
4377982,5.082775
17876078,3.8507476
13962781,5.4763093
14826962,6.285551
17959529,4.396231
19806088,4.061747
8017748,3.5760405
19711328,4.069355
8664611,4.8234015
15543038,4.8280673
3731481,5.6426663
14161086,5.443534
6924876,4.147547
17753985,5.623333
18656502,4.5387173
8354243,4.083023
13493034,4.26227
14913379,5.4067197
18240432,3.8265054
16652122,3.986598
166983,5.1923585
15188419,4.6016364
4499679,6.2281957
9613843,3.8936453
16416143,5.2544136
20901125,5.6187897
15025391,5.408689
18389874,5.1387086
6796770,5.1832457
17071754,4.6748652
7852297,6.6507034
19239282,5.729409
12274597,4.470693
2473488,3.8860738
13378317,5.202061
15807946,5.163913
7075415,4.363183
7172107,4.1625495
15893759,4.6226435
16664714,5.071992
16686659,4.675175
5014918,3.586357
18715653,5.196765
7620355,5.8157372
16735801,4.079598
4588670,4.9721193
8777964,4.9408493
15067247,4.2003474
15448033,5.9573226
14342450,4.833653
6939235,4.771598
8342694,3.801506
19581567,4.9638367
13044255,4.032042
16068854,5.3761425
13642174,5.309028
16453322,4.9104614
5955398,4.695903
11273617,5.99446
8866606,4.6757483
21112559,3.6113987
709870,5.5792193
12399059,5.311683
3628487,4.898105
19048223,4.3347135
2086732,6.6538444
17774765,3.8539817
14487985,5.002416
18122671,5.2983117
18691551,4.782616
4250927,5.628449
10803794,4.75145
19605613,4.8094926
930058,6.662225
18611716,5.1844454
4084654,4.6171675
4187387,5.3200455
4669812,4.808216
12121813,4.219303
7163179,4.939294
19018581,4.3031087
9753364,5.464962
16063937,5.246031
14139921,5.382123
1416138,4.989544
19588629,4.4846177
12810536,3.69139
11567166,4.5870585
15964310,4.1163516
20946764,4.7825413
773497,4.9485006
15974707,5.2597613
2627566,5.6522636
15869937,5.0570717
10244876,4.537914
7913704,4.7378273
16836657,4.9984865
6242629,4.7566757
11675539,4.2361965
15868619,4.782026
17140695,6.0508304
11890343,4.0573874
5411787,4.611664
16791699,4.409025
18341949,5.291385
5992125,3.9975321
7290262,4.835194
12882293,5.0282307
8675466,5.0873294
7951281,4.97867
14238344,5.4978704
1511730,3.992729
12380083,4.8675485
12253009,3.8846493
17729625,4.024638
733222,5.249158
1912119,5.452502
8556888,5.2613482
566848,4.8724074
1721016,4.7758913
7240464,4.4689693
15839085,4.774588
14166346,5.684197
6758180,5.0551963
14142409,5.4098244
17957306,4.890908
15769095,5.775839
10888115,4.842036
19195173,5.1699066
16664472,4.577836
14491976,5.418675
11929081,5.3636374
19507013,6.0211744
16855309,4.2845917
19459213,5.143511
12662483,4.3554993
7548108,4.5848966
19294099,6.0099516
6588339,4.17722
11873676,5.693751
14672524,4.514004
6570718,4.3878517
20647361,4.097809
15433781,5.1496115
15552457,4.9692225
6314557,5.1790733
19943741,4.590513
18272559,4.5984845
8699381,4.0240607
4351875,5.1537437
5641857,4.8763285
16520111,4.5393224
3932801,4.175059
3760579,4.699842
19713630,6.411695
18766795,5.319382
17192997,5.8452125
12714566,4.2890544
16647447,3.9325774
14331110,5.076275
20673030,5.2739596
4874363,4.5735025
15411631,4.4112325
6363361,4.8082175
4880811,4.512213
11743862,4.1440783
16582856,5.566924
10900864,5.214501
5385062,5.180572
4920183,4.1512785
1854004,6.011338
3923287,4.2068944
288224,4.45238
16467731,5.2127757
7225572,4.660329
3783214,4.4867783
6925567,4.522655
18522658,4.4259653
20395008,4.9879265
16427197,4.907956
8123099,4.352732
17158132,4.0014153
13604416,5.984189
11554224,4.306639
12791028,4.363246
19751715,5.828121
15611334,5.1222587
17207702,4.030196
10119226,5.2838283
15234755,5.1900444
15475362,3.334367
15470640,4.903601
12452110,4.6929016
10947162,4.7801023
10249075,5.19601
10866319,5.528408
16780148,4.568505
526923,4.9718366
18909378,5.6052685
16844029,4.2241697
3731523,4.352535
6901734,5.180293
184144,4.516683
17224136,5.301499
5164913,5.579027
18451629,4.7576027
6092309,4.8858333
20927163,5.2499294
12187479,4.5887666
17315728,4.6580048
4803244,5.2880783
9461526,4.1482654
17810922,3.9791121
21176268,4.4821877
17889536,5.509507
20920138,5.0117154
7054235,3.8601894
2067359,5.1430316
4672452,4.7679653
15799575,6.0184584
7369852,4.671449
2889301,5.325145
15235633,3.345092
10807685,4.541852
18503958,4.9587293
12293365,4.751262
14314252,4.2664833
20514858,4.7375875
13280684,4.282925
4295657,5.3410077
13961152,3.5089104
9976194,4.7469954
16897571,5.3958173
621233,5.8116903
16965509,4.0160966
17928236,4.5744853
9597111,6.497853
274329,5.5891576
16430924,4.8971033
12991105,5.134837
11944668,4.814529
17212052,4.674988
8090359,4.9226146
294490,5.3072305
4698479,4.8213267
11669704,5.406024
6437518,4.1029706
18200305,4.780194
17655868,5.5708427
5423159,6.1095276
14946812,5.3562565
21140939,6.0391054
2465331,6.2383184
17422702,4.1356826
19951522,4.903064
13696461,4.0870876
2969309,4.864322
13223663,5.367374
5874890,4.183792
16033923,5.8585157
7359527,4.193952
17621558,4.290098
9645934,4.3287487
4619579,4.130139
8626037,4.131024
18329016,4.3809586
12152514,3.9674485
14943379,3.9329972
20794628,5.7527394
16252102,4.1575503
8538904,4.9481835
6749830,4.6645856
16496087,5.497111
12406116,4.0176697
10165663,4.5122666
13623767,7.0655375
16259441,4.0989776
20186021,4.948662
15521441,5.1503854
2634573,4.882291
1966565,4.173898
15159758,4.9914823
6433621,4.3916426
20702691,3.9929392
21149129,4.362023
13689390,4.467248
9716268,4.3790827
6661663,4.7141776
4880695,4.7155304
16014819,5.1637197
17360353,4.4181476
21138265,4.5721717
7387093,6.208458
4383455,4.42509
13222856,4.4798603
100184,4.33402
5992851,4.769009
512775,5.240608
17304391,4.8157067
18948914,5.288668
14553441,4.1811285
16558267,3.9756477
3605090,4.1185575
18762619,5.020191
224671,4.470971
9955725,4.8002443
18794754,4.7683744
4559338,4.2961545
3870174,4.747019
4471053,4.961212
9390900,4.53982
7174897,5.529143
4597588,4.445846
19265801,6.0741487
15772294,6.0185246
207249,4.3787055
16828556,5.1153307
10118573,4.933677
14966549,5.235684
21121076,4.7595377
16846327,4.681978
32029,3.9800582
13725947,5.554757
13525760,4.579514
3931204,6.413398
19469374,4.1845026
7853866,4.326146
17124292,5.136132
14783394,5.0984454
19821206,4.875806
15898333,5.5136952
16055066,4.8895855
17221635,4.8530507
4393014,4.927392
14778804,5.8911686
1782437,5.334408
13221121,5.152276
15339726,5.767375
971247,5.181911
6042151,5.1490827
13126240,4.9503694
14969853,4.5956936
20557327,5.4111414
6628985,5.101975
7227418,5.8782167
982188,4.588585
4027199,4.6404963
435277,4.93778
4216208,4.8780394
3363926,4.7146125
6560717,4.094219
15599810,5.5265255
15215678,4.2917986
14105115,5.209331
3263400,4.957808
17637787,4.6831064
19766387,4.769722
5117069,4.7192855
2263530,4.206859
19945100,4.273133
2350883,5.9847198
16659987,4.479481
10091438,4.2519374
1143572,5.237977
16692638,5.0774965
1722092,4.537808
8877042,4.8006363
6955747,6.867545
4785804,4.077416
2694567,5.8688965
10851925,4.964485
6542929,3.928424
19642656,4.634335
281192,5.529044
11970099,5.33926
14387004,5.837856
16499274,4.5388746
16414335,4.6390753
12904139,4.4817643
7273770,4.264392
269463,4.545409
13750449,4.093467
8498999,4.1575174
13531199,5.226999
16842334,3.8170085
5534779,5.252967
15496166,4.747165
3622797,5.1793303
10564483,5.1408577
14969295,4.554593
8995583,4.132247
20780616,4.2084436
13279607,4.789522
7247949,5.007082
17222454,3.9610384
16290362,4.32749
16925361,3.3801339
7525090,5.032012
9577968,5.9415903
20213973,5.0444894
3678829,5.4955325
7500228,4.8224087
15176610,4.2354565
17298,5.485043
96334,5.1650915
20134453,5.186364
12902143,5.287835
8067190,4.549016
4682035,5.4696383
13429454,4.7552257
6400255,4.5507016
13675075,4.1826997
16811792,4.5198536
476899,4.273876
564353,4.683452
1998111,6.481973
19609174,4.8488674
2172308,4.675505
14485082,5.5707717
18459276,3.9621038
50174,5.4145756
10068386,4.6977077
18521633,4.741478
15791852,5.353455
19019311,4.350301
1693257,4.490248
3992022,4.5721154
3782283,4.37827
832632,5.144277
11860623,5.2237725
19749799,5.1038327
20409993,4.1631184
7875162,4.9663086
18433989,4.8324723
20635391,4.0550704
20647774,4.5359726
19864430,4.125289
2231296,4.249347
19505678,5.051574
4730371,4.154186
11498469,4.9696536
6145317,5.2423825
273228,4.3978662
15610920,5.5925097
30222,5.329345
939996,4.932488
219533,5.189476
15072595,3.8562887
164989,4.7523346
8597961,4.071018
9256750,4.5627933
14606631,5.064122
16227240,4.552638
18877417,5.1121826
16885536,4.0780373
6590549,4.1930175
17873719,5.2077746
18708472,4.88807
9995433,4.549396
6293247,4.6194077
7390267,5.1444316
4900356,5.203078
13312568,4.5849643
19914433,4.2870517
11843369,5.200919
9428208,4.1776247
12814571,5.014088
12035085,5.30189
15807401,4.504714
8081935,4.319496
17540316,5.485798
364785,4.0504503
13875227,4.6015606
13216067,4.2400618
13717408,4.6593094
12582175,5.1163545
13341254,4.138425
18279789,4.705639
17995570,5.616455
14935393,5.3647885
10777046,5.098725
16154463,3.8820295
23619,5.462462
16358655,4.8573546
1212319,4.608807
4504049,4.3212795
17734944,4.727086
19789665,4.848497
18437150,4.9063745
18517477,5.2886043
7818701,4.6306624
8053189,4.505374
16615538,5.2571907
8250794,4.2164297
14978203,4.9672923
17813881,5.0339932
16756336,4.5753613
8522933,4.363536
13508909,4.5607224
16847360,5.730333
17343726,4.5842924
17991554,4.6078987
13273660,4.502208
11660575,5.3934855
19545890,4.194655
19302477,5.5192094
13100572,4.963274
7804659,5.117052
16415910,4.484862
4978905,4.192776
6883183,5.136641
16031302,6.194353
2104515,5.237319
16190282,3.9246182
4931630,4.3330994
3430103,4.779199
15882274,4.3332696
97000,3.8687785
6208855,4.184292
18449738,4.576834
17944414,4.1352615
6185409,4.598533
12834648,4.904134
13726404,3.9593015
20441808,5.1485853
4737999,5.0021515
17591467,4.114067
17496456,4.852211
19572608,4.1627765
15098293,4.5596385
6336003,4.9661565
19316528,5.1869855
8373335,6.1671004
9304740,4.966309
11759543,5.848416
15463166,4.108003
21039469,4.63042
1835245,5.7424784
8897305,4.4795046
18795329,4.9218216
15511824,4.6670504
16258276,6.2346144
2232762,4.6180263
7859530,4.998815
5210927,4.219797
11377740,5.000083
12902941,4.4766746
6811441,4.1288977
17188601,5.2995157
2603930,4.1860876
9166136,4.7423263
8168089,4.787599
898680,4.746897
13264899,4.9804173
16577739,4.22806
16402080,4.2474675
10126128,5.108882
20494715,4.8540854
2010624,4.831472
4301665,5.117905
17665510,4.5969567
20137289,4.294677
13257438,4.317471
255709,4.5721636
16015764,5.028766
14472438,5.781949
9312104,5.1625605
17280875,5.0015907
18992841,3.8791466
3986363,4.202375
1130680,4.8775983
4485595,4.370069
9732346,4.534303
16878206,4.3181667
17558227,4.6642923
14439289,3.8522217
3247291,5.458054
8009332,4.233859
4850000,6.19317
5382755,4.826822
1631942,4.698659
13922095,4.880587
17567903,4.7956376
15573221,4.7536235
12104562,3.9783938
2687375,4.221838
18560424,3.9867547
259622,5.927675
11848345,5.4508815
19962599,4.972125
13763585,4.081921
3921735,4.5454082
7547862,4.097414
4450020,4.706055
14809365,5.588294
7858741,6.0228057
17520883,4.5262547
14963861,4.784513
7255372,4.5030904
14853211,4.749549
7350876,4.958718
18076581,4.143051
16246568,4.0841756
15552305,4.099171
12035730,5.1211376
15831402,4.109909
13911123,4.7402425
14058127,4.703325
18006177,4.8124275
16769765,4.1276703
2906314,4.93881
872247,5.861367
44145,3.6273446
3469254,4.2858152
18055499,4.2627807
2131955,4.090819
1892096,4.926647
17452640,4.497012
13955139,5.3449364
10517656,6.794562
7179646,4.3403125
4241028,4.0103703
1313711,5.177748
17252347,4.7165246
18212900,6.034584
16043779,5.176081
910713,6.0973787
5220350,5.2876353
1401064,4.8953247
5031326,4.6869335
12404679,5.2777166
11258721,4.235461
1586641,4.456033
14198511,5.610167
17965521,4.2308307
15987052,3.9640107
6390777,4.9401793
3591417,5.115355
15753014,5.072985
9318083,4.7178087
9007111,4.1023245
18236999,3.8729625
288779,5.2792172
13276320,5.0755053
1673011,5.015182
7920072,4.5159936
9461660,4.345067
10544439,5.366322
20193870,4.55963
15550078,5.4211955
16037703,3.7677112
13246980,4.8079143
16003540,4.4808736
16846918,4.2940307
40649,5.3492517
11046801,5.1077857
12867778,5.206706
12401310,4.241882
12820227,4.703449
13360570,4.270618
18448390,5.7423635
15005046,4.6413593
766516,4.930464
3987824,3.9624662
8576371,4.608699
16159901,5.853987
14554398,4.586921
18209795,3.989054
18526933,5.0054793
16309452,5.233602
19827018,3.9300058
9275279,4.3745475
1456308,4.547659
3666299,6.2057695
19415072,5.5358458
19930641,5.3966403
13226781,4.6993904
13370824,4.8887753
2022215,5.287123
7007933,4.127579
12916373,5.1015053
16311457,6.2135477
255672,4.3988276
19811020,4.7757125
15438016,4.990403
19560761,4.533076
10039579,4.5524907
9466504,5.2995124
2625766,4.51356
564339,6.0702677
9563333,4.2198634
6043199,5.3973403
4341158,4.605902
19488801,3.8944943
16973681,3.9060137
655346,4.3169985
593043,5.218112
12658991,4.336447
20048459,5.3223805
9791355,4.5504065
19362485,4.831603
13476058,5.0451517
5434654,5.004327
20174127,5.3586707
44472,4.8759274
4304920,4.712396
7091660,4.3754005
4135674,3.8935876
2715496,5.0520983
9138781,3.9933822
400039,5.0378036
16046743,4.076539
14884699,5.5161986
20796126,4.8911386
5680126,4.199134
1708541,4.5712996
15086279,4.947113
10066843,5.2496943
610660,4.48946
9393873,4.4669385
12414144,3.9410286
7054856,5.1370525
6325210,4.596097
13828792,4.4461813
20676044,4.9696417
9837588,5.413355
13731150,4.9611535
18361734,4.0807123
4868305,5.072837
11634731,6.0739126
8648352,4.2441745
1212983,4.4002504
17920834,5.180335
6823578,5.2239385
170084,3.922593
17188593,4.4584394
626349,4.354868
12846229,4.9584584
16448060,5.1662416
13278166,5.142358
14642543,4.7680383
12167152,5.6206098
7144212,5.401523
17267662,4.7066364
18899149,5.299793
11924652,5.1741104
14605243,4.656036
18060186,4.0069017
9104346,4.8376236
5206530,5.2963734
4355934,5.1583138
5404365,4.6010613
9981869,4.7630897
6185146,5.169918
7842932,5.2180552
5170312,4.937418
12648073,4.6338305
910294,4.0428114
685435,4.7062154
8411164,4.6729717
12974635,4.56565
15272450,4.7276144
20967261,5.3744607
19330949,4.901901
16261244,4.159038
3353937,4.246151
4950040,4.001488
13848950,4.620317
3229511,5.1057234
14143250,4.7709336
8486760,4.9535728
851130,5.9130287
17981736,4.748303
6451599,4.9960585
17717061,4.5796356
8523742,5.3545823
13021185,4.88365
17621450,4.212202
14699,4.6272726
16818582,5.2795043
8624898,4.5726275
9389099,5.23852
18499623,4.697403
5846018,4.608532
16068004,5.1794524
16335083,5.7272453
20798207,4.117445
5444404,4.4520397
2201154,4.4461136
14821802,5.262419
3262363,4.9900665
16101054,4.230026
11063673,4.8918195
15701616,3.8504274
12831488,5.247912
818451,5.040717
15109650,5.389381
12255452,4.4639564
10404072,5.078907
8253899,5.248316
596391,5.414005
9989001,5.2300763
11045529,4.6382356
16810221,4.1778383
12309660,4.5743146
20584255,3.9331453
19670481,5.5167775
6870280,4.2749853
6699565,5.6071625
12865332,5.3596706
1700189,5.8007064
1048190,4.682473
14113893,5.5840845
9474909,4.7968717
190267,4.663886
17547029,5.0054092
6227341,4.5389686
9279094,4.9941773
10280894,4.526593
1185749,4.155785
15615870,4.5840287
14745193,5.221863
8034664,4.8175545
10228249,6.673505
560077,5.208451
13310630,3.8056488
3629747,3.9470289
251619,4.37795
13813731,4.1127653
8698962,5.1440597
9392315,4.3855343
14412107,4.7676654
5137640,4.334351
20587592,4.289562
13418850,5.7653127
18010755,4.262164
7545144,4.805324
15950481,4.6920214
8569951,5.318759
14059157,5.488216
14022980,3.9705017
15956883,4.818397
13764805,4.77225
7725075,4.650343
660036,4.8854704
13525698,4.8775687
19312560,4.967045
17850311,4.317618
9280040,3.950953
18826104,3.6969206
12492160,3.9569292
18329495,5.44598
7501694,5.490399
5153883,4.7613096
4105892,5.7253146
15783896,5.228175
10924820,4.426678
14536985,4.2398553
17611615,5.16123
2022267,4.7769804
9010782,4.4368744
7900944,3.9811075
19211407,5.2560143
8811568,5.6064787
6716066,4.42907
16123619,4.843479
4518046,5.1396036
17317076,5.7741227
8355124,4.4560785
12869174,4.365179
9884521,5.287744
10550511,4.268707
4753434,4.3292804
7144297,4.0758734
20194449,4.6848025
13859218,5.49078
17076571,4.194752
10337710,5.7502685
6403485,4.375113
19971002,5.2646646
16393657,4.020083
13207952,5.178262
11677713,3.800609
12525094,3.9593544
18094421,4.560197
17242933,6.247448
17764793,4.974231
6738639,5.2716475
8470381,3.8544948
16745089,5.59918
662130,4.3904257
6326410,4.0268474
19993194,4.628197
19296971,5.17041
18182432,6.6297917
16451024,4.5624046
616204,4.898923
7439748,5.1235476
7903580,5.0894227
14186165,4.654045
21121887,4.954669
13418616,4.332993
17237462,6.123327
13838042,5.2246184
16619210,4.056649
4099964,4.3275447
18345958,4.220686
14768877,4.8142467
21091221,5.665036
411918,3.854735
16254073,5.2436934
15006328,6.146973
11699684,5.6763906
11048759,5.0844917
9198588,4.5002623
20406017,4.83809
15799338,4.9593043
7093184,5.166255
15533107,4.43438
15585408,4.876846
15973783,5.1605825
9695932,5.229877
13847666,4.630267
13637437,5.0966043
4112303,4.6544995
13224823,4.158813
14553862,5.476943
14322170,4.161345
16859717,5.262372
12464754,5.8014927
8440352,4.9296308
16461579,5.012312
7385563,4.260048
13740494,4.8578033
6592661,4.555122
2854050,4.5587974
15453921,5.0229907
14141050,4.1267414
7596262,4.2580104
20270692,5.1020203
3960476,4.3864565
20120114,4.3747053
525293,4.7708783
16443558,4.7016354
12177881,5.4791837
878591,4.588104
9232008,4.0953174
1306928,5.301518
1541517,4.799264
11728655,4.488801
17904124,4.319255
19948895,4.1219473
17256919,5.0213375
18649858,4.1553726
10022230,4.8532305
13138660,4.592927
7581075,6.1850543
17444221,3.9093652
21064430,5.719457
5470350,4.861828
6142603,4.1469836
9578325,5.380114
8758450,5.4560328
20692013,5.283886
3616696,4.6953735
227715,5.2556863
16578780,4.623304
11889896,5.518253
14895699,4.670231
18190669,4.6038947
3182499,4.547558
21056487,4.5781384
16309094,4.555746
11550211,6.038027
7922690,4.4094024
1145104,5.4176197
15054199,5.0633035
20689869,5.020389
10340745,3.9521902
2471108,4.465994
7034854,4.0175548
13192379,6.3347325
8683033,4.383914
5759573,4.824169
5192219,5.3676257
4734170,4.281021
19951316,4.5929036
16465797,4.6254478
6935871,5.4801326
17533669,4.5979185
10802887,4.877044
1186746,5.421169
18465288,4.7574706
17416627,4.233017
7560291,4.01587
10282410,4.84985
20642408,4.5796137
20476379,4.8885255
18427786,5.113883
10858150,5.423727
14825735,5.4951677
15703703,5.039973
15831435,4.900722
13464141,4.588244
14995900,5.1963806
8398827,4.7909346
469810,4.383963
20193607,5.107873
21023313,3.964575
10268712,4.2656336
18749695,4.9047284
5699348,4.702157
14788062,4.888215
9381370,4.1553955
19911716,6.0790887
14980904,5.3263054
20387644,4.9240932
20621751,5.232702
2866845,4.292309
15286036,4.264578
8272122,4.448155
17304480,4.9608507
2772390,4.4322243
10230429,5.006515
19767346,4.1379
4112178,4.1226444
16239722,4.766657
4977034,4.9339504
257568,4.0031295
17399127,5.153186
13766952,4.705652
16482311,5.843134
10515893,5.731782
10362710,5.454903
5292616,5.157469
15436874,3.956699
18430714,4.625517
10262711,5.2028766
2403657,4.797319
3519487,5.215191
16770690,5.004188
16619371,5.3028517
16642108,4.777942
9542793,4.7256055
8366440,6.171679
6982174,4.1968975
10595374,4.567351
13065303,5.0787315
4292522,4.97692
12226247,5.2899632
18138076,4.101763
2149184,4.1273513
11116289,4.1521177
20849133,4.174768
8672915,4.5472474
3869396,5.238304
7550581,3.938986
9610704,3.8682754
7093122,4.8039274
10785412,5.207135
14299467,6.1311035
8554457,4.104021
18357947,6.4346414
16502394,5.3254447
2660576,4.654999
12334907,4.193406
3857687,5.036187
9769485,4.6644297
20982257,5.259278
17609857,4.818201
1914630,4.7756124
7460750,4.718502
16614868,4.540624
11534933,5.283867
15868906,4.0648713
13479465,3.6100686
13943142,4.9940243
14475157,5.7849193
14953636,5.6252594
15768719,4.4579906
20526690,5.6737595
17626341,5.0499134
18222455,5.8572564
4758924,4.75654
5844314,5.386236
2883143,4.4811935
20821762,4.561523
11895638,4.7802215
8743700,4.608532
19269676,4.299006
15339049,3.9542134
19265792,5.0574694
15680961,5.0127463
18112809,3.9514441
16146832,4.9425235
19386545,5.08645
16376848,4.837547
11101754,4.686698
15037795,5.455443
4849378,4.349292
8591098,4.483579
17048346,4.608683
8595819,4.4675283
6627860,5.602093
1934447,4.624718
15393724,4.2406645
16270454,5.128981
16037361,4.3389277
10039238,4.301444
1514939,3.891456
16517696,4.5278425
13362992,4.7693987
18431683,4.325924
6031144,4.9353147
21104699,5.7755756
4846122,4.3062563
17842385,3.922762
18055117,4.630447
2255005,4.311751
2380122,4.9091635
16490494,4.828011
11146642,5.1882243
17299621,5.4513106
7972825,5.0817795
12422521,5.096395
2071104,4.032402
317951,5.302351
2748160,4.8770266
9463896,5.012516
5393359,5.275452
5954466,4.9237914
15238180,4.7067747
677162,4.20712
1476237,4.667702
10553331,4.439056
18471232,4.025193
9846383,3.9314873
16651819,4.113408
10625058,4.063227
4917583,5.189038
205842,4.837891
12797796,5.7073774
14535842,4.477775
9952400,4.1378903
5759708,4.8482594
767969,4.72507
3565617,4.2171397
11335874,5.6363387
12546418,4.4364743
17463149,5.226957
5769624,4.1912193
4325724,4.906825
1231519,5.5959415
34760,5.096687
8192789,4.1380157
15419819,4.7415743
19531805,4.7733464
14795784,4.1737685
11013342,4.981748
13606459,4.4613967
12050092,5.1524634
150480,5.7940087
5251410,6.0903764
9958633,4.1035604
3728100,4.6899652
11983286,5.28262
15355575,5.0303063
14013818,4.172892
16227536,5.0463758
2531865,4.2046614
6572428,4.7999935
14298784,6.0056047
19123216,4.200215
7821813,4.157694
15253883,5.2114096
3976798,5.2823224
4523324,4.424639
9261924,4.175501
18566521,3.945493
18877717,4.2782793
1857709,4.029647
67208,4.5969195
6822294,5.1043158
15973162,4.8158455
2127823,4.392498
11451660,5.1311855
2461982,5.7565
16794244,4.0496635
7560658,4.1885853
12108750,4.860177
16179333,5.017605
12422969,4.176636
20162705,3.9296148
4716958,5.065347
13153265,3.9148936
851320,5.179566
18748974,4.890915
5085189,4.1191587
5004278,5.859128
9879269,3.8425734
8226591,4.4695473
9880140,4.5678983
2061039,4.4412303
16195514,4.1098323
17657885,4.4647985
2249529,5.3505793
9571665,4.309794
20346887,6.616437
3811639,5.062361
3103603,4.7229943
6692726,4.1187634
4741722,6.356191
12889816,4.566282
10730330,5.9050875
4750876,5.007166
15166391,3.823455
1971048,4.606984
5845124,4.0053744
1110876,4.8048716
13841712,4.2631707
16225437,4.5431733
19292097,4.893636
15326243,4.3555784
8013731,5.0180697
15028007,4.0923758
18391027,4.20809
11608708,6.2052026
16215109,4.470721
1960773,4.488163
16158966,4.908187
13074853,6.011831
13574789,4.426524
6018086,4.3618436
15367973,5.007789
5511924,4.254706
11303521,4.0697384
17223162,4.4958897
6506285,4.960979
18175594,4.225745
14587187,4.2570233
5525614,4.7120094
6443136,5.2376766
18528709,5.3515377
15522059,4.2299385
20943918,6.3663764
8794937,6.0907755
17381502,4.6948705
9477489,5.1209536
15745866,4.2320747
17006819,4.330349
20303629,4.328297
5821380,5.297198
14127549,5.338712
9414036,4.783143
18737053,5.0856295
18938396,4.929508
16345618,6.0204687
13454124,4.3011374
7968598,4.8883195
5932962,5.2834954
17683800,5.085548
4158499,4.763484
15040838,4.5265384
17450702,4.839456
15970166,4.6868052
18063815,4.321855
9885647,4.3128624
10888166,4.0098486
7894645,4.4225984
6653853,4.675724
1789722,5.534272
17827299,3.5457997
12362546,5.4108768
18460643,4.829403
10963713,5.093369
19529795,4.2154436
19363931,4.187643
18271460,5.1763973
3105383,4.619425
12230085,4.1048303
9256737,4.3845067
15927214,4.9765825
9629636,4.207191
8730247,5.1341963
12918287,5.7488365
4833305,4.7787967
15971959,3.8783903
17233999,4.469525
13137219,4.6747546
20255457,4.8990326
11190297,4.195156
15396351,6.171315
9370501,4.157078
16543545,4.968
16504986,5.485073
9469827,5.353616
7279081,5.1593523
497471,4.685138
11395802,5.21774
18191544,4.466705
1913957,4.8797708
14056447,4.5347414
9401896,4.9124236
16361865,5.0812325
2318184,4.0884
7790564,4.849115
11431661,4.248219
1328103,4.735904
7144379,6.121166
6135381,3.9494011
16095512,4.2986326
9047646,4.489351
9937541,5.107514
9956367,4.3265915
12489483,4.5417085
20459277,5.0405197
17953054,4.761194
11673194,4.2755356
16428049,6.0603285
4334573,4.509604
20090241,4.2312484
15059193,5.0816655
20304203,4.6948385
2818454,4.490154
1893045,4.30284
11697229,4.2444863
15941920,5.250834
6492185,4.076206
4137306,6.062403
16365821,5.26043
9435568,4.971456
3549478,5.0339084
961852,4.7858114
17763464,5.084552
8473981,4.130496
20917569,5.2436895
215746,4.544423
13393255,5.355542
16578262,6.174895
6729589,4.356185
15132151,4.441074
16508623,4.5128937
6613140,4.734474
9906768,3.9643936
4708909,4.8828554
4942926,4.6594405
13768247,5.311405
9960835,4.6603374
20915965,4.2665143
19743964,5.0097547
13782533,4.274066
4873207,5.0698624
16497164,4.0657816
18475069,4.190545
13343778,4.6371284
13113181,5.1120324
1312089,5.5096374
11743842,5.0813937
16382035,5.190291
5445764,5.025331
10632724,4.8285036
7758909,4.9657397
6210393,4.4019666
3386466,4.383668
7713831,4.398098
20229836,4.9557776
3850967,4.453836
17992133,3.907006
20420379,4.963238
16190577,5.6947794
13393304,4.7691345
4240308,5.2606087
15255584,4.208496
1750808,4.491558
18171346,5.1959133
6374728,5.328544
13486843,4.5001917
13140929,5.1048355
609559,5.0777144
5878382,5.4434757
7708438,4.4173627
14616310,5.617415
20691057,4.5564003
1264695,5.3876266
16283830,4.171026
15832524,4.836957
17980088,4.498787
16978795,4.6977634
1471373,5.455337
2665481,4.359804
16272419,4.5235953
16570631,6.2219386
3601743,5.2574296
17906281,4.24751
14206211,4.619703
19861483,5.953727
11374910,5.083001
6862758,5.627552
4227570,4.1168694
16595855,5.1369514
17154204,4.162638
9609356,3.7934725
578941,4.9104323
14946381,6.037505
16381905,4.855127
3442075,4.463769
16792011,5.545852
353801,5.110746
14610838,4.1517034
12472500,4.4948583
2875811,3.6951828
15874180,4.099696
16285755,4.6080413
8971773,5.2107716
20137770,5.2205596
16288499,4.303705
4765437,4.9389315
297698,4.650934
7463304,4.491652
16454079,5.248648
14746280,5.1757383
16914944,4.811024
2559129,4.5167475
9410042,3.843023
16244433,5.3391094
14868545,4.5869784
607781,3.96663
16783042,4.8052635
9452714,5.464452
9962823,5.7015343
18037292,3.9591494
15134411,5.3263316
13916003,3.8197248
7544248,4.1792593
4643401,4.1277056
20871390,4.9199777
4849511,4.2782974
17513928,5.877494
10030753,4.782904
24261,5.3550086
13392844,4.8483014
8153250,4.133316
16040067,4.9982953
15942713,5.3033605
13616684,5.2097983
10043942,3.8879538
18239742,4.091674
17156147,4.310322
12209401,5.036134
8339140,4.256915
11904283,4.302385
9197433,3.9283917
16914665,4.9411845
19017513,5.1957765
17796318,4.1636662
14286690,4.1409755
6932898,4.3937554
1079181,4.435084
781669,5.630975
12713927,5.6492105
18369327,5.1166
6949368,4.590788
6608392,5.0731816
15533853,4.550853
3280623,4.182461
16427691,4.370313
15832389,4.173746
19247246,4.0919614
2879976,5.1614337
169464,5.2786713
10107957,5.248757
6355217,4.357299
8603250,3.7848282
12733044,4.100368
7475079,3.0377686
741456,4.8368115
3654511,5.231117
14198906,4.44333
6272183,5.032476
12917869,4.230363
15420038,5.189217
15393479,4.6646442
9792499,4.3857255
3888627,4.696138
17716244,4.3791237
15722692,4.732134
18251445,5.1987677
296361,4.979217
20939747,4.373822
13226158,5.373217
17159537,5.4509573
5569167,5.235006
18186043,4.356384
14126119,4.8517823
17666136,4.6039805
3828422,4.2871275
1495328,4.384486
18462863,4.7792993
18395959,4.6944957
17625583,5.225119
18046565,5.5390954
16143229,4.598768
6976826,5.4582067
14844128,4.9626884
16051971,5.4009304
16429629,4.974106
324969,4.417597
9684189,5.4921527
